iteration,applied_learning_rate,next_learning_rate,exponent,active,ema_max_kl,hold_streak,cooldown_remaining,promoted,max_approx_kl,cumulative_games,final_clip_fraction,entropy,epochs_completed,update_seconds
1,8.779149519890261e-05,8.779149519890261e-05,6,True,0.001279231065061416,1,0,False,0.001279231065061416,8000,0.01485,0.27778,16,1.28582
2,8.779149519890261e-05,8.779149519890261e-05,6,True,0.0013206508536921099,2,0,False,0.0016934289513683564,16000,0.02056,0.27894,16,1.26753
3,8.779149519890261e-05,8.779149519890261e-05,6,True,0.0013455337893949909,3,0,False,0.0015694802107209201,24000,0.02009,0.27851,16,1.19194
4,8.779149519890261e-05,8.779149519890261e-05,6,True,0.0013522179481535773,4,0,False,0.0014123753769808547,32000,0.01662,0.2749,16,1.19319
5,8.779149519890261e-05,8.779149519890261e-05,6,True,0.001367092118444936,5,0,False,0.0015009596510671631,40000,0.01875,0.27879,16,1.18947
6,8.779149519890261e-05,8.779149519890261e-05,6,True,0.0013512649281208508,6,0,False,0.0012088202152040841,48000,0.01402,0.27625,16,1.27149
7,8.779149519890261e-05,8.779149519890261e-05,6,True,0.0013430579089648126,7,0,False,0.0012691947365604706,56000,0.01317,0.28069,16,1.27687
8,8.779149519890261e-05,8.779149519890261e-05,6,True,0.0013297768092447142,8,0,False,0.0012102469117638288,64000,0.01362,0.28143,16,1.19224
9,8.779149519890261e-05,8.779149519890261e-05,6,True,0.0013234796685078977,9,0,False,0.0012668054018765505,72000,0.01472,0.27899,16,1.27563
10,8.779149519890261e-05,8.779149519890261e-05,6,True,0.0013572658719988968,10,0,False,0.0016613417034178873,80000,0.02045,0.27894,16,1.28051
11,8.779149519890261e-05,8.779149519890261e-05,6,True,0.0013450036823831329,11,0,False,0.0012346439758412588,88000,0.01382,0.2809,16,1.19542
12,8.779149519890261e-05,8.779149519890261e-05,6,True,0.00136047625614992,12,0,False,0.001499729420051004,96000,0.01747,0.27753,16,1.19017
13,8.779149519890261e-05,8.779149519890261e-05,6,True,0.0013710712512752115,13,0,False,0.001466426207402835,100000,0.01637,0.27989,16,0.62562
14,8.779149519890261e-05,8.779149519890261e-05,6,True,0.0013734310688538682,14,0,False,0.0013946694270617792,108000,0.01575,0.27758,16,1.27335
15,8.779149519890261e-05,8.779149519890261e-05,6,True,0.001380222858190193,15,0,False,0.001441348962217116,116000,0.01635,0.2781,16,1.27408
16,8.779149519890261e-05,8.779149519890261e-05,6,True,0.0013686944756626847,16,0,False,0.0012649390329151106,124000,0.0135,0.27729,16,1.21718
17,8.779149519890261e-05,8.779149519890261e-05,6,True,0.0013488666561331515,17,0,False,0.0011704162803673518,132000,0.01191,0.27744,16,1.20494
18,8.779149519890261e-05,8.779149519890261e-05,6,True,0.0013559411143698643,18,0,False,0.0014196112385002812,140000,0.01582,0.27798,16,1.19619
19,8.779149519890261e-05,8.779149519890261e-05,6,True,0.0013324231626522629,19,0,False,0.0011207615971938498,148000,0.01109,0.27707,16,1.19581
20,8.779149519890261e-05,8.779149519890261e-05,6,True,0.0013356792216487464,20,0,False,0.0013649837526170988,156000,0.01656,0.27753,16,1.19373
21,8.779149519890261e-05,8.779149519890261e-05,6,True,0.0013327782533591433,21,0,False,0.0013066695387527155,164000,0.01341,0.27719,16,1.29122
22,8.779149519890261e-05,8.779149519890261e-05,6,True,0.0013278174023188868,22,0,False,0.001283169742956576,172000,0.01366,0.27774,16,1.19098
23,8.779149519890261e-05,8.779149519890261e-05,6,True,0.0013055359390258638,23,0,False,0.001105002769388657,180000,0.01105,0.27853,16,1.29236
24,8.779149519890261e-05,8.779149519890261e-05,6,True,0.0012866763047193453,24,0,False,0.0011169395959606792,188000,0.01135,0.2763,16,1.19371
25,8.779149519890261e-05,8.779149519890261e-05,6,True,0.001274935123324796,25,0,False,0.0011692644907738514,196000,0.01178,0.27523,16,1.19403
26,8.779149519890261e-05,8.779149519890261e-05,6,True,0.0012578113799871504,26,0,False,0.00110369768994834,200000,0.01143,0.27509,16,0.6221
27,8.779149519890261e-05,8.779149519890261e-05,6,True,0.0012465446096803817,27,0,False,0.0011451436769194638,208000,0.01101,0.27789,16,1.21121
28,8.779149519890261e-05,8.779149519890261e-05,6,True,0.0012678219773327713,28,0,False,0.001459318286204277,216000,0.01739,0.2759,16,1.28369
29,8.779149519890261e-05,8.779149519890261e-05,6,True,0.0012469477143589264,29,0,False,0.0010590793475943221,224000,0.00954,0.27568,16,1.2846
30,8.779149519890261e-05,8.779149519890261e-05,6,True,0.0012358633575597756,30,0,False,0.0011361041463674197,232000,0.01185,0.27338,16,1.29413
31,8.779149519890261e-05,8.779149519890261e-05,6,True,0.0012572788019310434,31,0,False,0.001450017801272453,240000,0.01669,0.27651,16,1.28737
32,8.779149519890261e-05,8.779149519890261e-05,6,True,0.0012480701390190229,32,0,False,0.0011651921728108383,248000,0.01163,0.27567,16,1.28006
33,8.779149519890261e-05,8.779149519890261e-05,6,True,0.0012503374854547892,33,0,False,0.0012707436033766862,256000,0.01393,0.27316,16,1.29245
34,8.779149519890261e-05,8.779149519890261e-05,6,True,0.001251308746672733,34,0,False,0.001260050097634228,264000,0.01461,0.27226,16,1.20455
35,8.779149519890261e-05,8.779149519890261e-05,6,True,0.0012262943521819546,35,0,False,0.0010011648017649484,272000,0.00965,0.27504,16,1.29749
36,8.779149519890261e-05,8.779149519890261e-05,6,True,0.001221433780928089,36,0,False,0.0011776886396432996,280000,0.01336,0.27296,16,1.21864
37,8.779149519890261e-05,8.779149519890261e-05,6,True,0.0012057059004941255,37,0,False,0.001064154976588455,288000,0.00966,0.27446,16,1.28951
38,8.779149519890261e-05,8.779149519890261e-05,6,True,0.001218636487698435,38,0,False,0.00133501177253722,296000,0.01437,0.27751,16,1.19426
39,8.779149519890261e-05,8.779149519890261e-05,6,True,0.0011986884199923693,39,0,False,0.0010191558106377788,300000,0.01033,0.26913,16,0.62597
40,8.779149519890261e-05,8.779149519890261e-05,6,True,0.0011861817507047103,40,0,False,0.0010736217271157783,308000,0.00974,0.27382,16,1.25869
41,8.779149519890261e-05,8.779149519890261e-05,6,True,0.0011731489050999767,41,0,False,0.0010558532946573728,316000,0.01015,0.27057,16,1.27477
42,8.779149519890261e-05,8.779149519890261e-05,6,True,0.0011831001002695347,42,0,False,0.0012726608567955576,324000,0.01358,0.27291,16,1.19757
43,8.779149519890261e-05,8.779149519890261e-05,6,True,0.001192447482802396,43,0,False,0.001276573925598148,332000,0.01318,0.27216,16,1.29937
44,8.779149519890261e-05,8.779149519890261e-05,6,True,0.0012016564440533513,44,0,False,0.0012845370953119477,340000,0.01435,0.27331,16,1.20143
45,8.779149519890261e-05,8.779149519890261e-05,6,True,0.0011943215845630396,45,0,False,0.0011283078491502333,348000,0.01141,0.27077,16,1.20819
46,8.779149519890261e-05,8.779149519890261e-05,6,True,0.001185954758278722,46,0,False,0.0011106533217198641,356000,0.01108,0.27171,16,1.18865
47,8.779149519890261e-05,8.779149519890261e-05,6,True,0.0011881383721948238,47,0,False,0.0012077908974397389,364000,0.01245,0.27318,16,1.21505
48,8.779149519890261e-05,8.779149519890261e-05,6,True,0.0011895243266849046,48,0,False,0.0012019979170956301,372000,0.01386,0.27311,16,1.19298
49,8.779149519890261e-05,8.779149519890261e-05,6,True,0.0011948281394473102,49,0,False,0.0012425624543089611,380000,0.01297,0.27125,16,1.29875
50,8.779149519890261e-05,8.779149519890261e-05,6,True,0.001178118151149672,50,0,False,0.001027728256470927,388000,0.00994,0.27341,16,1.21216
51,8.779149519890261e-05,8.779149519890261e-05,6,True,0.001197796446078831,51,0,False,0.0013749011004412616,396000,0.01532,0.27277,16,1.21092
52,8.779149519890261e-05,8.779149519890261e-05,6,True,0.0012072892879720835,52,0,False,0.0012927248650113558,400000,0.01622,0.26932,16,0.61798
53,8.779149519890261e-05,8.779149519890261e-05,6,True,0.001198170951563009,53,0,False,0.0011161059238813376,408000,0.01075,0.27146,16,1.28951
54,8.779149519890261e-05,8.779149519890261e-05,6,True,0.001185553825210263,54,0,False,0.0010719996880355482,416000,0.00999,0.26944,16,1.28075
55,8.779149519890261e-05,8.779149519890261e-05,6,True,0.0011865589412013672,55,0,False,0.001195604985121306,424000,0.01205,0.2717,16,1.28376
56,8.779149519890261e-05,8.779149519890261e-05,6,True,0.0011943842854041967,56,0,False,0.0012648123832296634,432000,0.01311,0.26901,16,1.31378
57,8.779149519890261e-05,8.779149519890261e-05,6,True,0.0011980049051835966,57,0,False,0.0012305904831981956,440000,0.01272,0.26931,16,1.27305
58,8.779149519890261e-05,8.779149519890261e-05,6,True,0.001194971535248013,58,0,False,0.0011676712058277612,448000,0.01113,0.27064,16,1.21554
59,8.779149519890261e-05,8.779149519890261e-05,6,True,0.0012037753829221465,59,0,False,0.0012830100119893472,456000,0.0134,0.27439,16,1.3075
60,8.779149519890261e-05,8.779149519890261e-05,6,True,0.0012091372551765915,60,0,False,0.0012573941054665986,464000,0.01352,0.27167,16,1.2935
61,8.779149519890261e-05,8.779149519890261e-05,6,True,0.0012111409184340238,61,0,False,0.0012291738877509137,472000,0.0125,0.26709,16,1.31025
62,8.779149519890261e-05,8.779149519890261e-05,6,True,0.0012302384061527618,62,0,False,0.001402115795621405,480000,0.01492,0.27228,16,1.29148
63,8.779149519890261e-05,8.779149519890261e-05,6,True,0.0012452813149340805,63,0,False,0.001380667493965948,488000,0.01463,0.2726,16,1.29548
64,8.779149519890261e-05,8.779149519890261e-05,6,True,0.0012399247603280018,64,0,False,0.0011917157688732933,496000,0.01239,0.26962,16,1.29646
65,8.779149519890261e-05,8.779149519890261e-05,6,True,0.0012660429683961387,65,0,False,0.001501106841009368,500000,0.01881,0.27451,16,0.61225
66,8.779149519890261e-05,8.779149519890261e-05,6,True,0.0012561743353996882,66,0,False,0.0011673566384316346,508000,0.01061,0.27238,16,1.26312
67,8.779149519890261e-05,8.779149519890261e-05,6,True,0.0012621582153803815,67,0,False,0.0013160131352066217,516000,0.01505,0.27183,16,1.20837
68,8.779149519890261e-05,8.779149519890261e-05,6,True,0.001260837345034467,68,0,False,0.0012489495119212364,524000,0.01445,0.27342,16,1.20715
69,8.779149519890261e-05,8.779149519890261e-05,6,True,0.001264201154341877,69,0,False,0.0012944754381085655,532000,0.01441,0.27263,16,1.28701
70,8.779149519890261e-05,8.779149519890261e-05,6,True,0.0012632873289154664,70,0,False,0.0012550629000777722,540000,0.01259,0.273,16,1.26993
71,8.779149519890261e-05,8.779149519890261e-05,6,True,0.0012462803074051393,71,0,False,0.0010932171138121965,548000,0.0106,0.27176,16,1.21465
72,8.779149519890261e-05,8.779149519890261e-05,6,True,0.0012575907911958697,72,0,False,0.0013593851453124436,556000,0.01573,0.27201,16,1.28941
73,8.779149519890261e-05,8.779149519890261e-05,6,True,0.0012628572204467464,73,0,False,0.001310255083704636,564000,0.01428,0.27073,16,1.29645
74,8.779149519890261e-05,8.779149519890261e-05,6,True,0.0012533951011624996,74,0,False,0.0011682360276042774,572000,0.01107,0.27271,16,1.20804
75,8.779149519890261e-05,8.779149519890261e-05,6,True,0.0012528466407312412,75,0,False,0.001247910496849915,580000,0.01282,0.27331,16,1.32493
76,8.779149519890261e-05,8.779149519890261e-05,6,True,0.001247226987235661,76,0,False,0.001196650105775437,588000,0.01236,0.2725,16,1.19548
77,8.779149519890261e-05,8.779149519890261e-05,6,True,0.0012441841449134022,77,0,False,0.0012167985640130728,596000,0.01173,0.27328,16,1.23129
78,8.779149519890261e-05,8.779149519890261e-05,6,True,0.0012664706685726215,78,0,False,0.0014670493815055958,600000,0.01658,0.27404,16,0.64391
79,8.779149519890261e-05,8.779149519890261e-05,6,True,0.0012613341296113744,79,0,False,0.0012151052789601503,608000,0.01221,0.27094,16,1.26748
80,8.779149519890261e-05,8.779149519890261e-05,6,True,0.001262525003634283,80,0,False,0.0012732428698404598,616000,0.0134,0.27014,16,1.28576
81,8.779149519890261e-05,8.779149519890261e-05,6,True,0.0012730274299264923,81,0,False,0.0013675492665563766,624000,0.01463,0.27268,16,1.2919
82,8.779149519890261e-05,8.779149519890261e-05,6,True,0.0012708706271169733,82,0,False,0.0012514594018313012,632000,0.01377,0.27049,16,1.27799
83,8.779149519890261e-05,8.779149519890261e-05,6,True,0.001265487660431102,83,0,False,0.0012170409602582594,640000,0.01242,0.27149,16,1.27113
84,8.779149519890261e-05,8.779149519890261e-05,6,True,0.001261023196004919,84,0,False,0.0012208430161692718,648000,0.01248,0.27286,16,1.21213
85,8.779149519890261e-05,8.779149519890261e-05,6,True,0.0012580115074376124,85,0,False,0.0012309063103318532,656000,0.01231,0.271,16,1.29077
86,8.779149519890261e-05,8.779149519890261e-05,6,True,0.0012553051465818959,86,0,False,0.0012309478988804478,664000,0.0133,0.27131,16,1.28113
87,8.779149519890261e-05,8.779149519890261e-05,6,True,0.0012451652779507745,87,0,False,0.0011539064602706821,672000,0.01173,0.27205,16,1.31173
88,8.779149519890261e-05,8.779149519890261e-05,6,True,0.0012349625736593436,88,0,False,0.0011431382350364666,680000,0.01102,0.27457,16,1.27363
89,8.779149519890261e-05,8.779149519890261e-05,6,True,0.0012248627933823012,89,0,False,0.0011339647708889205,688000,0.01076,0.27237,16,1.21351
90,8.779149519890261e-05,8.779149519890261e-05,6,True,0.0012277540401931203,90,0,False,0.0012537752614904917,696000,0.014,0.2701,16,1.20942
91,8.779149519890261e-05,8.779149519890261e-05,6,True,0.001207715285473501,91,0,False,0.0010273664929969267,700000,0.00944,0.27468,16,0.61201
92,8.779149519890261e-05,8.779149519890261e-05,6,True,0.0012153034915775652,92,0,False,0.0012835973465141416,708000,0.01347,0.27022,16,1.20088
93,8.779149519890261e-05,8.779149519890261e-05,6,True,0.0012170529341412068,93,0,False,0.0012327979172139804,716000,0.01283,0.27273,16,1.28809
94,8.779149519890261e-05,8.779149519890261e-05,6,True,0.0012596699180823256,94,0,False,0.0016432227735523955,724000,0.01913,0.2724,16,1.20757
95,8.779149519890261e-05,8.779149519890261e-05,6,True,0.0012588393676697667,95,0,False,0.0012513644139567365,732000,0.01304,0.26946,16,1.19192
96,8.779149519890261e-05,8.779149519890261e-05,6,True,0.0012582758648772689,96,0,False,0.0012532043397447885,740000,0.01235,0.27348,16,1.20504
97,8.779149519890261e-05,8.779149519890261e-05,6,True,0.0012451449475793927,97,0,False,0.001126966691898506,748000,0.01074,0.27436,16,1.20812
98,8.779149519890261e-05,8.779149519890261e-05,6,True,0.0012449908966023664,98,0,False,0.00124360443780913,756000,0.01352,0.27448,16,1.19398
99,8.779149519890261e-05,8.779149519890261e-05,6,True,0.0012646473010977496,99,0,False,0.0014415549415561985,764000,0.01653,0.27353,16,1.20755
100,8.779149519890261e-05,0.00013168724279835392,5,True,0.0012530365821057027,0,100,True,0.0011485401111772794,772000,0.01139,0.27261,16,1.29955
101,0.00013168724279835392,0.00013168724279835392,5,True,0.0012585463726688736,0,99,False,0.0013081344877374115,780000,0.01448,0.27279,16,1.21645
102,0.00013168724279835392,0.00013168724279835392,5,True,0.0012368942551881997,0,98,False,0.001042025197862136,788000,0.00873,0.27082,16,1.2917
103,0.00013168724279835392,0.00013168724279835392,5,True,0.0012439235302899902,0,97,False,0.0013071870062061055,796000,0.01365,0.27442,16,1.32577
104,0.00013168724279835392,0.00013168724279835392,5,True,0.0012669656323879381,0,96,False,0.0014743445512694696,800000,0.01704,0.27329,16,0.61325
105,0.00013168724279835392,0.00013168724279835392,5,True,0.0012889577919589289,0,95,False,0.001486887228097845,808000,0.01734,0.27561,16,1.20499
106,0.00013168724279835392,0.00013168724279835392,5,True,0.001302464393938432,0,94,False,0.0014240238117539602,816000,0.01561,0.27185,16,1.2836
107,0.00013168724279835392,0.00013168724279835392,5,True,0.0013057795653666512,0,93,False,0.0013356161082206256,824000,0.01441,0.27106,16,1.21237
108,0.00013168724279835392,0.00013168724279835392,5,True,0.0013139074095996845,0,92,False,0.0013870580076969833,832000,0.01521,0.26953,16,1.28927
109,0.00013168724279835392,0.00013168724279835392,5,True,0.0013188288459776395,0,91,False,0.0013631217733792345,840000,0.01546,0.27011,16,1.27472
110,0.00013168724279835392,0.00013168724279835392,5,True,0.001312847044638114,0,90,False,0.0012590108325823853,848000,0.01312,0.27232,16,1.29217
111,0.00013168724279835392,0.00013168724279835392,5,True,0.001331420650314583,0,89,False,0.0014985831014028058,856000,0.01725,0.26854,16,1.2123
112,0.00013168724279835392,0.00013168724279835392,5,True,0.0013385767346847518,0,88,False,0.00140298149401627,864000,0.01537,0.26928,16,1.215
113,0.00013168724279835392,0.00013168724279835392,5,True,0.001334612197944091,0,87,False,0.001298931367278145,872000,0.0134,0.26927,16,1.21087
114,0.00013168724279835392,0.00013168724279835392,5,True,0.0013274661038841283,0,86,False,0.001263151257344465,880000,0.01279,0.27151,16,1.35806
115,0.00013168724279835392,0.00013168724279835392,5,True,0.0013311592398902437,0,85,False,0.0013643974639452813,888000,0.01474,0.27058,16,1.22027
116,0.00013168724279835392,0.00013168724279835392,5,True,0.0013145365213387983,0,84,False,0.0011649320543757886,896000,0.01158,0.26766,16,1.27393
117,0.00013168724279835392,0.00013168724279835392,5,True,0.0013329268109721977,0,83,False,0.0014984394176727927,900000,0.01846,0.26938,16,0.61366
118,0.00013168724279835392,0.00013168724279835392,5,True,0.001326429241182914,0,82,False,0.0012679511130793614,908000,0.01379,0.26806,16,1.26158
119,0.00013168724279835392,0.00013168724279835392,5,True,0.001328273958625832,0,81,False,0.0013448764156120943,916000,0.01396,0.26978,16,1.21063
120,0.00013168724279835392,0.00013168724279835392,5,True,0.0013240813560020297,0,80,False,0.0012863479323878106,924000,0.01341,0.27159,16,1.20954
121,0.00013168724279835392,0.00013168724279835392,5,True,0.001319355071700219,0,79,False,0.0012768185129839247,932000,0.01389,0.27071,16,1.28854
122,0.00013168724279835392,0.00013168724279835392,5,True,0.0013131463850082797,0,78,False,0.001257268204780824,940000,0.01318,0.26979,16,1.1979
123,0.00013168724279835392,0.00013168724279835392,5,True,0.0013162909841218924,0,77,False,0.001344592376144406,948000,0.0141,0.26789,16,1.20376
124,0.00013168724279835392,0.00013168724279835392,5,True,0.0013102447920479141,0,76,False,0.0012558290633821099,956000,0.01377,0.26699,16,1.20943
125,0.00013168724279835392,0.00013168724279835392,5,True,0.0013164609586598514,0,75,False,0.0013724064581672859,964000,0.01448,0.271,16,1.19395
126,0.00013168724279835392,0.00013168724279835392,5,True,0.0013211874884957314,0,74,False,0.0013637262570186525,972000,0.015,0.2706,16,1.29526
127,0.00013168724279835392,0.00013168724279835392,5,True,0.001315408620513704,0,73,False,0.0012633988086754556,980000,0.01296,0.27078,16,1.27996
128,0.00013168724279835392,0.00013168724279835392,5,True,0.0013299542666301027,0,72,False,0.0014608650816776917,988000,0.01609,0.27239,16,1.21031
129,0.00013168724279835392,0.00013168724279835392,5,True,0.0013308725881079617,0,71,False,0.0013391374814086918,996000,0.01536,0.26915,16,1.30209
130,0.00013168724279835392,0.00013168724279835392,5,True,0.001321132929797381,0,70,False,0.0012334760050021559,1000000,0.01312,0.26979,16,0.61587
131,0.00013168724279835392,0.00013168724279835392,5,True,0.0013203341607173522,0,69,False,0.0013131452389970929,1008000,0.01448,0.26657,16,1.26292
132,0.00013168724279835392,0.00013168724279835392,5,True,0.0013208232066778396,0,68,False,0.0013252246203222246,1016000,0.01401,0.27018,16,1.19774
133,0.00013168724279835392,0.00013168724279835392,5,True,0.0013015647799037283,0,67,False,0.001128238938936726,1024000,0.01201,0.26977,16,1.19336
134,0.00013168724279835392,0.00013168724279835392,5,True,0.001293721631404598,0,66,False,0.0012231332949124239,1032000,0.01292,0.26639,16,1.294
135,0.00013168724279835392,0.00013168724279835392,5,True,0.001288948534918227,0,65,False,0.0012459906665408878,1040000,0.01296,0.26967,16,1.19448
136,0.00013168724279835392,0.00013168724279835392,5,True,0.0012866659870888065,0,64,False,0.001266123056624023,1048000,0.01321,0.27034,16,1.20874
137,0.00013168724279835392,0.00013168724279835392,5,True,0.0012994191414264895,0,63,False,0.0014141975304656344,1056000,0.01576,0.26692,16,1.21411
138,0.00013168724279835392,0.00013168724279835392,5,True,0.0012936839397127645,0,62,False,0.0012420671242892398,1064000,0.01358,0.26754,16,1.28318
139,0.00013168724279835392,0.00013168724279835392,5,True,0.0013022117674997614,0,61,False,0.0013789622175827312,1072000,0.01494,0.26996,16,1.214
140,0.00013168724279835392,0.00013168724279835392,5,True,0.0012906143379254641,0,60,False,0.0011862374717567876,1080000,0.01202,0.27095,16,1.29846
141,0.00013168724279835392,0.00013168724279835392,5,True,0.0012765502365400846,0,59,False,0.0011499733240716678,1088000,0.012,0.26726,16,1.2149
142,0.00013168724279835392,0.00013168724279835392,5,True,0.0012768657805289248,0,58,False,0.0012797056764284865,1096000,0.01323,0.26589,16,1.29956
143,0.00013168724279835392,0.00013168724279835392,5,True,0.0012910422137242068,0,57,False,0.0014186301124817435,1100000,0.01743,0.26868,16,0.61413
144,0.00013168724279835392,0.00013168724279835392,5,True,0.0013031592758023318,0,56,False,0.0014122128345054573,1108000,0.01541,0.26872,16,1.20322
145,0.00013168724279835392,0.00013168724279835392,5,True,0.0013215149631246284,0,55,False,0.001486716149025298,1116000,0.01677,0.27036,16,1.25151
146,0.00013168724279835392,0.00013168724279835392,5,True,0.001315799952302197,0,54,False,0.001264364854900313,1124000,0.0122,0.26957,16,1.20809
147,0.00013168724279835392,0.00013168724279835392,5,True,0.0013180428134678328,0,53,False,0.0013382285639585538,1132000,0.01377,0.26711,16,1.2057
148,0.00013168724279835392,0.00013168724279835392,5,True,0.0013258489363634249,0,52,False,0.001396104042423754,1140000,0.01606,0.26848,16,1.19117
149,0.00013168724279835392,0.00013168724279835392,5,True,0.0013287477224775046,0,51,False,0.001354836797504223,1148000,0.01512,0.26854,16,1.21133
150,0.00013168724279835392,0.00013168724279835392,5,True,0.0013282935651401217,0,50,False,0.001324206149103674,1156000,0.01377,0.27107,16,1.27855
151,0.00013168724279835392,0.00013168724279835392,5,True,0.001317229709801874,0,49,False,0.0012176550117576465,1164000,0.01214,0.26745,16,1.21129
152,0.00013168724279835392,0.00013168724279835392,5,True,0.001320751014304695,0,48,False,0.0013524427548300849,1172000,0.01501,0.26959,16,1.26513
153,0.00013168724279835392,0.00013168724279835392,5,True,0.0013215334434464124,0,47,False,0.0013285753057218671,1180000,0.01573,0.26883,16,1.29216
154,0.00013168724279835392,0.00013168724279835392,5,True,0.0013283571515528073,0,46,False,0.0013897705245103618,1188000,0.01421,0.26923,16,1.20923
155,0.00013168724279835392,0.00013168724279835392,5,True,0.0013211604389794266,0,45,False,0.0012563900258190004,1196000,0.01288,0.26699,16,1.27342
156,0.00013168724279835392,0.00013168724279835392,5,True,0.0013313246347416146,0,44,False,0.001422802396601305,1200000,0.01596,0.27491,16,0.65858
157,0.00013168724279835392,0.00013168724279835392,5,True,0.0013326364356355954,0,43,False,0.0013444426436814232,1208000,0.01422,0.26787,16,1.20672
158,0.00013168724279835392,0.00013168724279835392,5,True,0.0013290627594567477,0,42,False,0.0012968996738471174,1216000,0.0145,0.26673,16,1.29009
159,0.00013168724279835392,0.00013168724279835392,5,True,0.0013358156694461048,0,41,False,0.0013965918593503177,1224000,0.01642,0.26997,16,1.19966
160,0.00013168724279835392,0.00013168724279835392,5,True,0.0013462386227394304,0,40,False,0.0014400452023793596,1232000,0.01654,0.26634,16,1.2102
161,0.00013168724279835392,0.00013168724279835392,5,True,0.001354244985466504,0,39,False,0.0014263022500101664,1240000,0.01625,0.26729,16,1.21293
162,0.00013168724279835392,0.00013168724279835392,5,True,0.0013595080319116788,0,38,False,0.0014068754499182506,1248000,0.01619,0.26949,16,1.2126
163,0.00013168724279835392,0.00013168724279835392,5,True,0.0013509612514306661,0,37,False,0.0012740402271015513,1256000,0.01351,0.26501,16,1.30294
164,0.00013168724279835392,0.00013168724279835392,5,True,0.0013430584344228864,0,36,False,0.00127193308135287,1264000,0.01331,0.26889,16,1.19188
165,0.00013168724279835392,0.00013168724279835392,5,True,0.0013606500176896969,0,35,False,0.0015189742670909917,1272000,0.01789,0.26486,16,1.19775
166,0.00013168724279835392,0.00013168724279835392,5,True,0.0013687181440723238,0,34,False,0.001441331281515966,1280000,0.01701,0.26774,16,1.30095
167,0.00013168724279835392,0.00013168724279835392,5,True,0.0013703551985627073,0,33,False,0.0013850886889761596,1288000,0.01477,0.26754,16,1.21622
168,0.00013168724279835392,0.00013168724279835392,5,True,0.0013489496701120575,0,32,False,0.0011562999140562092,1296000,0.0109,0.26663,16,1.21026
169,0.00013168724279835392,0.00013168724279835392,5,True,0.0013638267184558073,0,31,False,0.0014977201535495558,1300000,0.01775,0.26467,16,0.66648
170,0.00013168724279835392,0.00013168724279835392,5,True,0.001349981215621634,0,30,False,0.0012253716901140742,1308000,0.01298,0.2669,16,1.20835
171,0.00013168724279835392,0.00013168724279835392,5,True,0.0013642160694865334,0,29,False,0.0014923297542706298,1316000,0.01702,0.26903,16,1.28737
172,0.00013168724279835392,0.00013168724279835392,5,True,0.0013576446480910798,0,28,False,0.0012985018555319969,1324000,0.01417,0.26857,16,1.20777
173,0.00013168724279835392,0.00013168724279835392,5,True,0.0013491091755546002,0,27,False,0.0012722899227262832,1332000,0.01396,0.2698,16,1.2111
174,0.00013168724279835392,0.00013168724279835392,5,True,0.0013458053257505097,0,26,False,0.0013160706775136968,1340000,0.0142,0.26946,16,1.1873
175,0.00013168724279835392,0.00013168724279835392,5,True,0.0013400121695224076,0,25,False,0.001287873763469489,1348000,0.0141,0.26592,16,1.20684
176,0.00013168724279835392,0.00013168724279835392,5,True,0.0013135093417250378,0,24,False,0.0010749838915487106,1356000,0.00967,0.26872,16,1.18838
177,0.00013168724279835392,0.00013168724279835392,5,True,0.0012970532071333637,0,23,False,0.0011489479958082965,1364000,0.01097,0.26386,16,1.29528
178,0.00013168724279835392,0.00013168724279835392,5,True,0.0012968103349422118,0,22,False,0.0012946244852218437,1372000,0.01414,0.26618,16,1.27307
179,0.00013168724279835392,0.00013168724279835392,5,True,0.0013031842704014451,0,21,False,0.0013605496895345444,1380000,0.01504,0.26597,16,1.21372
180,0.00013168724279835392,0.00013168724279835392,5,True,0.0013012441639856749,0,20,False,0.0012837832062437414,1388000,0.01343,0.26757,16,1.20959
181,0.00013168724279835392,0.00013168724279835392,5,True,0.0013077678657714671,0,19,False,0.001366481181843597,1396000,0.0155,0.26455,16,1.18872
182,0.00013168724279835392,0.00013168724279835392,5,True,0.0013053712973699,0,18,False,0.001283802181755796,1400000,0.01347,0.26353,16,0.6655
183,0.00013168724279835392,0.00013168724279835392,5,True,0.0013015435723605995,0,17,False,0.001267094047276895,1408000,0.01258,0.26806,16,1.25613
184,0.00013168724279835392,0.00013168724279835392,5,True,0.0012943720429271586,0,16,False,0.0012298282780261903,1416000,0.01237,0.26647,16,1.28765
185,0.00013168724279835392,0.00013168724279835392,5,True,0.0013040758496406547,0,15,False,0.0013914101100621196,1424000,0.01572,0.26678,16,1.21771
186,0.00013168724279835392,0.00013168724279835392,5,True,0.0013262175780336298,0,14,False,0.001525493133570404,1432000,0.01828,0.26553,16,1.1942
187,0.00013168724279835392,0.00013168724279835392,5,True,0.0013166086301962584,0,13,False,0.001230128099659915,1440000,0.01345,0.26504,16,1.19367
188,0.00013168724279835392,0.00013168724279835392,5,True,0.0013134408486181947,0,12,False,0.0012849308144156231,1448000,0.01403,0.26353,16,1.20916
189,0.00013168724279835392,0.00013168724279835392,5,True,0.0013003742255519278,0,11,False,0.0011827746179555257,1456000,0.01151,0.26357,16,1.27695
190,0.00013168724279835392,0.00013168724279835392,5,True,0.001283935455947214,0,10,False,0.001135986529504791,1464000,0.01184,0.2627,16,1.21772
191,0.00013168724279835392,0.00013168724279835392,5,True,0.0012760831623016373,0,9,False,0.001205412519491447,1472000,0.01285,0.26585,16,1.21107
192,0.00013168724279835392,0.00013168724279835392,5,True,0.0012694222238256757,0,8,False,0.0012094737775420218,1480000,0.01261,0.26302,16,1.22134
193,0.00013168724279835392,0.00013168724279835392,5,True,0.0012728865807497233,0,7,False,0.0013040657930661515,1488000,0.01446,0.26116,16,1.29988
194,0.00013168724279835392,0.00013168724279835392,5,True,0.0012820476157259677,0,6,False,0.0013644969305121666,1496000,0.01559,0.26381,16,1.29753
195,0.00013168724279835392,0.00013168724279835392,5,True,0.0013036389961750398,0,5,False,0.0014979614202166875,1500000,0.01799,0.26277,16,0.61164
196,0.00013168724279835392,0.00013168724279835392,5,True,0.001298885795231215,0,4,False,0.00125610698673679,1508000,0.01374,0.26486,16,1.27705
197,0.00013168724279835392,0.00013168724279835392,5,True,0.0013077633269892523,0,3,False,0.001387661112811589,1516000,0.01602,0.2651,16,1.26303
198,0.00013168724279835392,0.00013168724279835392,5,True,0.0013069126998142867,0,2,False,0.0012992570552395972,1524000,0.01398,0.26317,16,1.21002
199,0.00013168724279835392,0.00013168724279835392,5,True,0.001327066991393942,0,1,False,0.0015084556156108385,1532000,0.01737,0.26292,16,1.26526
200,0.00013168724279835392,0.00013168724279835392,5,True,0.0013098731939288678,0,0,False,0.0011551290167431988,1540000,0.01215,0.26141,16,1.20515
201,0.00013168724279835392,0.00013168724279835392,5,True,0.0013053294152901153,1,0,False,0.0012644354075413418,1548000,0.01361,0.26332,16,1.21364
202,0.00013168724279835392,0.00013168724279835392,5,True,0.0012874463624751543,2,0,False,0.0011264988871405065,1556000,0.01096,0.26313,16,1.28205
203,0.00013168724279835392,0.00013168724279835392,5,True,0.001291275774349656,3,0,False,0.0013257404812201715,1564000,0.01477,0.26331,16,1.2043
204,0.00013168724279835392,0.00013168724279835392,5,True,0.0012954914226698117,4,0,False,0.0013334322575512135,1572000,0.01464,0.26385,16,1.32449
205,0.00013168724279835392,0.00013168724279835392,5,True,0.0012991825008607369,5,0,False,0.0013324022045790632,1580000,0.01467,0.26591,16,1.21135
206,0.00013168724279835392,0.00013168724279835392,5,True,0.0013085493586770158,6,0,False,0.0013928510790235274,1588000,0.01648,0.26393,16,1.21077
207,0.00013168724279835392,0.00013168724279835392,5,True,0.0012988370366186902,7,0,False,0.0012114261380937604,1596000,0.0131,0.26763,16,1.20881
208,0.00013168724279835392,0.00013168724279835392,5,True,0.001323202474495371,8,0,False,0.0015424914153854973,1600000,0.01821,0.26576,16,0.61188
209,0.00013168724279835392,0.00013168724279835392,5,True,0.0013222257059932615,9,0,False,0.0013134347894742748,1608000,0.01413,0.26918,16,1.20273
210,0.00013168724279835392,0.00013168724279835392,5,True,0.0013046345796950422,10,0,False,0.0011463144430110689,1616000,0.01077,0.26682,16,1.18858
211,0.00013168724279835392,0.00013168724279835392,5,True,0.0013145147360290284,11,0,False,0.0014034361430349045,1624000,0.01532,0.26877,16,1.18445
212,0.00013168724279835392,0.00013168724279835392,5,True,0.0013212815204355056,12,0,False,0.0013821825800937996,1632000,0.01506,0.26304,16,1.21977
213,0.00013168724279835392,0.00013168724279835392,5,True,0.001319260292216184,13,0,False,0.001301069238242291,1640000,0.01364,0.27005,16,1.29365
214,0.00013168724279835392,0.00013168724279835392,5,True,0.0013255074549321764,14,0,False,0.0013817319193761063,1648000,0.01573,0.2665,16,1.20714
215,0.00013168724279835392,0.00013168724279835392,5,True,0.0013141120616522778,15,0,False,0.001211553522133191,1656000,0.01285,0.26669,16,1.21141
216,0.00013168724279835392,0.00013168724279835392,5,True,0.0013117245099954038,16,0,False,0.0012902365450835381,1664000,0.01398,0.26604,16,1.21535
217,0.00013168724279835392,0.00013168724279835392,5,True,0.0013207745737736885,17,0,False,0.0014022251477782525,1672000,0.0154,0.26529,16,1.37705
218,0.00013168724279835392,0.00013168724279835392,5,True,0.001306085543974888,18,0,False,0.0011738842757856825,1680000,0.01209,0.26852,16,1.19288
219,0.00013168724279835392,0.00013168724279835392,5,True,0.0013225469516374264,19,0,False,0.0014706996206002737,1688000,0.01599,0.26943,16,1.19727
220,0.00013168724279835392,0.00013168724279835392,5,True,0.0013286069547261477,20,0,False,0.0013831469825246394,1696000,0.01532,0.26745,16,1.21217
221,0.00013168724279835392,0.00013168724279835392,5,True,0.0013541113743027956,21,0,False,0.0015836511504926263,1700000,0.01848,0.26526,16,0.66377
222,0.00013168724279835392,0.00013168724279835392,5,True,0.001352651175343867,22,0,False,0.0013395093847135108,1708000,0.01407,0.26512,16,1.28278
223,0.00013168724279835392,0.00013168724279835392,5,True,0.0013498033131260497,23,0,False,0.0013241725531656923,1716000,0.01471,0.26647,16,1.21218
224,0.00013168724279835392,0.00013168724279835392,5,True,0.0013368495898152385,24,0,False,0.001220266080017937,1724000,0.01215,0.26837,16,1.2698
225,0.00013168724279835392,0.00013168724279835392,5,True,0.0013373777257650297,25,0,False,0.0013421309493131504,1732000,0.01356,0.2673,16,1.21259
226,0.00013168724279835392,0.00013168724279835392,5,True,0.0013406313010944524,26,0,False,0.0013699134790592573,1740000,0.01441,0.26606,16,1.2965
227,0.00013168724279835392,0.00013168724279835392,5,True,0.0013499725228296895,27,0,False,0.0014340435184468224,1748000,0.01556,0.26382,16,1.20147
228,0.00013168724279835392,0.00013168724279835392,5,True,0.0013329891029397105,28,0,False,0.0011801383239298997,1756000,0.01257,0.26481,16,1.21031
229,0.00013168724279835392,0.00013168724279835392,5,True,0.00131757261008045,29,0,False,0.0011788241743471064,1764000,0.01205,0.26435,16,1.19568
230,0.00013168724279835392,0.00013168724279835392,5,True,0.0013340753280897558,30,0,False,0.0014825997901735074,1772000,0.01743,0.26281,16,1.2776
231,0.00013168724279835392,0.00013168724279835392,5,True,0.0013280389124678672,31,0,False,0.0012737111718708707,1780000,0.01422,0.2638,16,1.20896
232,0.00013168724279835392,0.00013168724279835392,5,True,0.0013292563160324637,32,0,False,0.001340212948113832,1788000,0.01519,0.26529,16,1.21153
233,0.00013168724279835392,0.00013168724279835392,5,True,0.001314388879558724,33,0,False,0.0011805819512950657,1796000,0.01173,0.26613,16,1.20181
234,0.00013168724279835392,0.00013168724279835392,5,True,0.0013612201081264542,34,0,False,0.0017827011652360272,1800000,0.02351,0.26627,16,0.62646
235,0.00013168724279835392,0.00013168724279835392,5,True,0.0013553013406736008,35,0,False,0.0013020324335979198,1808000,0.0142,0.26389,16,1.29496
236,0.00013168724279835392,0.00013168724279835392,5,True,0.0013479657806755078,36,0,False,0.0012819457406926698,1816000,0.01373,0.26502,16,1.2892
237,0.00013168724279835392,0.00013168724279835392,5,True,0.0013361829697565416,37,0,False,0.0012301376714858466,1824000,0.01248,0.26428,16,1.27227
238,0.00013168724279835392,0.00013168724279835392,5,True,0.0013463807088431314,38,0,False,0.0014381603606224403,1832000,0.01651,0.2671,16,1.19123
239,0.00013168724279835392,0.00013168724279835392,5,True,0.001346563372642038,39,0,False,0.0013482073468321966,1840000,0.01498,0.26681,16,1.3004
240,0.00013168724279835392,0.00013168724279835392,5,True,0.0013420847086272113,40,0,False,0.0013017767324937706,1848000,0.01318,0.26385,16,1.28692
241,0.00013168724279835392,0.00013168724279835392,5,True,0.0013366754694116119,41,0,False,0.0012879923164712157,1856000,0.01329,0.26765,16,1.29359
242,0.00013168724279835392,0.00013168724279835392,5,True,0.001358228159216541,42,0,False,0.0015522023674609013,1864000,0.01781,0.26881,16,1.29041
243,0.00013168724279835392,0.00013168724279835392,5,True,0.0013736858018120342,43,0,False,0.0015128045851714742,1872000,0.01801,0.26795,16,1.2883
244,0.00013168724279835392,0.00013168724279835392,5,True,0.0013659154720163636,44,0,False,0.0012959825038553266,1880000,0.01227,0.26945,16,1.2724
245,0.00013168724279835392,0.00013168724279835392,5,True,0.0013717473361770922,45,0,False,0.0014242341136236506,1888000,0.01598,0.26552,16,1.29542
246,0.00013168724279835392,0.00013168724279835392,5,True,0.0013712476781105995,46,0,False,0.0013667507555121647,1896000,0.01417,0.26683,16,1.29143
247,0.00013168724279835392,0.00013168724279835392,5,True,0.0014045384093227522,47,0,False,0.001704154990232128,1900000,0.02191,0.26739,16,0.67175
248,0.00013168724279835392,0.00013168724279835392,5,True,0.0014093848666580466,48,0,False,0.0014530029826756966,1908000,0.01659,0.26734,16,1.21202
249,0.00013168724279835392,0.00013168724279835392,5,True,0.001387450083608728,49,0,False,0.0011900370361648588,1916000,0.01215,0.26581,16,1.18959
250,0.00013168724279835392,0.00013168724279835392,5,True,0.0014081259684465728,50,0,False,0.0015942089319871764,1924000,0.01866,0.2676,16,1.19309
251,0.00013168724279835392,0.00013168724279835392,5,True,0.0013912424560360668,51,0,False,0.0012392908443415124,1932000,0.01267,0.26978,16,1.26034
252,0.00013168724279835392,0.00013168724279835392,5,True,0.0013679507331995177,52,0,False,0.001158325227670577,1940000,0.01107,0.27097,16,1.26001
253,0.00013168724279835392,0.00013168724279835392,5,True,0.0013683258330350692,53,0,False,0.0013717017315550326,1948000,0.01443,0.27003,16,1.19921
254,0.00013168724279835392,0.00013168724279835392,5,True,0.0013650136570296817,54,0,False,0.0013352040729811955,1956000,0.01409,0.26627,16,1.2185
255,0.00013168724279835392,0.00013168724279835392,5,True,0.0013434546323279073,55,0,False,0.0011494234100119373,1964000,0.0116,0.2669,16,1.28478
256,0.00013168724279835392,0.00013168724279835392,5,True,0.0013327558028437777,56,0,False,0.0012364663374866127,1972000,0.01203,0.26505,16,1.21159
257,0.00013168724279835392,0.00013168724279835392,5,True,0.0013080491446867016,57,0,False,0.0010856892212730178,1980000,0.01051,0.26552,16,1.29893
258,0.00013168724279835392,0.00013168724279835392,5,True,0.0013196783482659318,58,0,False,0.0014243411804790028,1988000,0.01674,0.26691,16,1.2097
259,0.00013168724279835392,0.00013168724279835392,5,True,0.0013277145195520349,59,0,False,0.0014000400611269641,1996000,0.01509,0.26674,16,1.20968
260,0.00013168724279835392,0.00013168724279835392,5,True,0.0013378621871746618,60,0,False,0.001429191195778304,2000000,0.016,0.26673,16,0.68294
261,0.00013168724279835392,0.00013168724279835392,5,True,0.0013233064762722872,61,0,False,0.0011923050781509164,2008000,0.01081,0.26714,16,1.18767
262,0.00013168724279835392,0.00013168724279835392,5,True,0.0013274276881641918,62,0,False,0.0013645185951913332,2016000,0.01588,0.26528,16,1.30259
263,0.00013168724279835392,0.00013168724279835392,5,True,0.001324913627559411,63,0,False,0.0013022870821163828,2024000,0.01345,0.26672,16,1.33232
264,0.00013168724279835392,0.00013168724279835392,5,True,0.0013108913455160756,64,0,False,0.0011846908071260587,2032000,0.01233,0.26465,16,1.2927
265,0.00013168724279835392,0.00013168724279835392,5,True,0.0013049812499430864,65,0,False,0.0012517903897861827,2040000,0.01296,0.26474,16,1.28319
266,0.00013168724279835392,0.00013168724279835392,5,True,0.0013020798191232272,66,0,False,0.0012759669417444944,2048000,0.01342,0.26816,16,1.2797
267,0.00013168724279835392,0.00013168724279835392,5,True,0.0013100998023538647,67,0,False,0.001382279651429603,2056000,0.01532,0.26402,16,1.20741
268,0.00013168724279835392,0.00013168724279835392,5,True,0.0013063329832668238,68,0,False,0.001272431611483456,2064000,0.01239,0.26639,16,1.28166
269,0.00013168724279835392,0.00013168724279835392,5,True,0.0012946472829008127,69,0,False,0.001189475979606713,2072000,0.01183,0.26728,16,1.21738
270,0.00013168724279835392,0.00013168724279835392,5,True,0.0012978900062530995,70,0,False,0.0013270745164236793,2080000,0.01383,0.26645,16,1.21086
271,0.00013168724279835392,0.00013168724279835392,5,True,0.0013107961570725671,71,0,False,0.0014269515144477757,2088000,0.01598,0.26375,16,1.21654
272,0.00013168724279835392,0.00013168724279835392,5,True,0.0012913415754556951,72,0,False,0.0011162503409038477,2096000,0.01091,0.26361,16,1.29031
273,0.00013168724279835392,0.00013168724279835392,5,True,0.001316928165196271,73,0,False,0.0015472074728614526,2100000,0.01949,0.26241,16,0.61293
274,0.00013168724279835392,0.00013168724279835392,5,True,0.0013064556202958995,74,0,False,0.0012122027161925544,2108000,0.01239,0.26954,16,1.21473
275,0.00013168724279835392,0.00013168724279835392,5,True,0.0013049104313926513,75,0,False,0.0012910037312634168,2116000,0.01417,0.26667,16,1.20952
276,0.00013168724279835392,0.00013168724279835392,5,True,0.0013228342489022512,76,0,False,0.0014841486064886506,2124000,0.01713,0.26365,16,1.22348
277,0.00013168724279835392,0.00013168724279835392,5,True,0.0013411568651109603,77,0,False,0.0015060604109893437,2132000,0.01687,0.2662,16,1.2659
278,0.00013168724279835392,0.00013168724279835392,5,True,0.001337192670314443,78,0,False,0.0013015149171457863,2140000,0.01388,0.26451,16,1.20892
279,0.00013168724279835392,0.00013168724279835392,5,True,0.0013312838613423923,79,0,False,0.0012781045805939375,2148000,0.01301,0.26494,16,1.19102
280,0.00013168724279835392,0.00013168724279835392,5,True,0.0013398635858481239,80,0,False,0.0014170811063997073,2156000,0.01485,0.26479,16,1.28049
281,0.00013168724279835392,0.00013168724279835392,5,True,0.001343078181855435,81,0,False,0.0013720095459212362,2164000,0.01533,0.26431,16,1.29422
282,0.00013168724279835392,0.00013168724279835392,5,True,0.0013504767801250672,82,0,False,0.0014170641645517568,2172000,0.01575,0.26516,16,1.20097
283,0.00013168724279835392,0.00013168724279835392,5,True,0.0013443630313150125,83,0,False,0.001289339292024521,2180000,0.01262,0.26446,16,1.19289
284,0.00013168724279835392,0.00013168724279835392,5,True,0.0013339059220525233,84,0,False,0.0012397919386901196,2188000,0.01378,0.26293,16,1.21125
285,0.00013168724279835392,0.00013168724279835392,5,True,0.0013389940855993627,85,0,False,0.0013847875575209172,2196000,0.01528,0.26565,16,1.36491
286,0.00013168724279835392,0.00013168724279835392,5,True,0.0013852595931938979,86,0,False,0.0018016491615447145,2200000,0.02239,0.26447,16,0.66041
287,0.00013168724279835392,0.00013168724279835392,5,True,0.0013728489513641167,87,0,False,0.001261153174896086,2208000,0.01335,0.26221,16,1.21453
288,0.00013168724279835392,0.00013168724279835392,5,True,0.001351767654242704,88,0,False,0.001162035980149991,2216000,0.01165,0.26249,16,1.2108
289,0.00013168724279835392,0.00013168724279835392,5,True,0.0013580639381990732,89,0,False,0.0014147304938063952,2224000,0.01646,0.26594,16,1.20931
290,0.00013168724279835392,0.00013168724279835392,5,True,0.001344185503261075,90,0,False,0.0012192795888190911,2232000,0.01231,0.2633,16,1.29368
291,0.00013168724279835392,0.00013168724279835392,5,True,0.0013287465697809594,91,0,False,0.0011897961684599174,2240000,0.01222,0.26631,16,1.28988
292,0.00013168724279835392,0.00013168724279835392,5,True,0.001333870973767171,92,0,False,0.001379990609643075,2248000,0.01602,0.26173,16,1.29944
293,0.00013168724279835392,0.00013168724279835392,5,True,0.0013232548958145363,93,0,False,0.0012277101942408239,2256000,0.01262,0.26489,16,1.29185
294,0.00013168724279835392,0.00013168724279835392,5,True,0.001315796047975668,94,0,False,0.001248666417425855,2264000,0.01361,0.26068,16,1.20656
295,0.00013168724279835392,0.00013168724279835392,5,True,0.001338607691782654,95,0,False,0.0015439124860455293,2272000,0.01909,0.26492,16,1.20499
296,0.00013168724279835392,0.00013168724279835392,5,True,0.0013240223299989266,96,0,False,0.001192754073945379,2280000,0.01196,0.2655,16,1.29813
297,0.00013168724279835392,0.00013168724279835392,5,True,0.0013116450914319796,97,0,False,0.0012002499443294564,2288000,0.01122,0.2674,16,1.21326
298,0.00013168724279835392,0.00013168724279835392,5,True,0.001310465234102607,98,0,False,0.0012998465181382527,2296000,0.01336,0.26565,16,1.28982
299,0.00013168724279835392,0.00013168724279835392,5,True,0.0013220712400735623,99,0,False,0.0014265252938121603,2300000,0.01625,0.26369,16,0.66667
300,0.00013168724279835392,0.00019753086419753088,4,True,0.0013182761623770542,0,100,True,0.0012841204631084794,2308000,0.01409,0.26854,16,1.20916
301,0.00019753086419753088,0.00019753086419753088,4,True,0.0013240824091645903,0,99,False,0.0013763386302524142,2316000,0.01425,0.2644,16,1.28633
302,0.00019753086419753088,0.00019753086419753088,4,True,0.0013425162453418289,0,98,False,0.0015084207709369763,2324000,0.01595,0.26379,16,1.20434
303,0.00019753086419753088,0.00019753086419753088,4,True,0.0013268467371977564,0,97,False,0.001185821163901104,2332000,0.0126,0.26439,16,1.21541
304,0.00019753086419753088,0.00019753086419753088,4,True,0.0013205517319276711,0,96,False,0.0012638966844969036,2340000,0.01338,0.26301,16,1.28685
305,0.00019753086419753088,0.00019753086419753088,4,True,0.0013332250537320914,0,95,False,0.0014472849499718734,2348000,0.0165,0.26473,16,1.19668
306,0.00019753086419753088,0.00019753086419753088,4,True,0.0013412630947175113,0,94,False,0.0014136054635862892,2356000,0.01554,0.26089,16,1.21088
307,0.00019753086419753088,0.00019753086419753088,4,True,0.0013416933290879751,0,93,False,0.0013455654384221495,2364000,0.0152,0.26389,16,1.21785
308,0.00019753086419753088,0.00019753086419753088,4,True,0.0013498313537341053,0,92,False,0.0014230735755492764,2372000,0.01488,0.26148,16,1.2152
309,0.00019753086419753088,0.00019753086419753088,4,True,0.001354000802915476,0,91,False,0.0013915258455478128,2380000,0.01437,0.2627,16,1.20696
310,0.00019753086419753088,0.00019753086419753088,4,True,0.001373546998172978,0,90,False,0.0015494627554904978,2388000,0.01756,0.26103,16,1.21107
311,0.00019753086419753088,0.00019753086419753088,4,True,0.0013746980811124273,0,89,False,0.0013850578275674701,2396000,0.01605,0.26341,16,1.21207
312,0.00019753086419753088,0.00019753086419753088,4,True,0.0013957685949515985,0,88,False,0.0015854032195041408,2400000,0.01991,0.26476,16,0.67106
313,0.00019753086419753088,0.00019753086419753088,4,True,0.0013831026007597642,0,87,False,0.0012691086530332548,2408000,0.01379,0.26131,16,1.28947
314,0.00019753086419753088,0.00019753086419753088,4,True,0.0013908087295905936,0,86,False,0.0014601638890680575,2416000,0.01556,0.26108,16,1.28347
315,0.00019753086419753088,0.00019753086419753088,4,True,0.0013749764882402538,0,85,False,0.0012324863160871973,2424000,0.013,0.2631,16,1.27701
316,0.00019753086419753088,0.00019753086419753088,4,True,0.0013718981350353823,0,84,False,0.001344192956191539,2432000,0.01385,0.26387,16,1.29014
317,0.00019753086419753088,0.00019753086419753088,4,True,0.0013668118874838244,0,83,False,0.0013210356595198044,2440000,0.01448,0.26134,16,1.21054
318,0.00019753086419753088,0.00019753086419753088,4,True,0.0013679555341996332,0,82,False,0.0013782483546419136,2448000,0.01391,0.26138,16,1.20892
319,0.00019753086419753088,0.00019753086419753088,4,True,0.0013494970332916989,0,81,False,0.0011833705251202914,2456000,0.01232,0.26245,16,1.21475
320,0.00019753086419753088,0.00019753086419753088,4,True,0.0013531387340590558,0,80,False,0.001385914040965269,2464000,0.01541,0.26065,16,1.20568
321,0.00019753086419753088,0.00019753086419753088,4,True,0.0013530665472014168,0,79,False,0.0013524168654826655,2472000,0.01442,0.2635,16,1.30102
322,0.00019753086419753088,0.00019753086419753088,4,True,0.001343849593414429,0,78,False,0.0012608970093315375,2480000,0.01206,0.262,16,1.21717
323,0.00019753086419753088,0.00019753086419753088,4,True,0.001330742106013055,0,77,False,0.0012127747194006905,2488000,0.01254,0.26409,16,1.20728
324,0.00019753086419753088,0.00019753086419753088,4,True,0.0013344148264015413,0,76,False,0.001367469309897918,2496000,0.01423,0.26113,16,1.21312
325,0.00019753086419753088,0.00019753086419753088,4,True,0.0013736583257891002,0,75,False,0.0017268498202771309,2500000,0.02253,0.25712,16,0.67507
326,0.00019753086419753088,0.00019753086419753088,4,True,0.0013839261312227078,0,74,False,0.0014763363801251763,2508000,0.01713,0.26443,16,1.28854
327,0.00019753086419753088,0.00019753086419753088,4,True,0.0013929396937701155,0,73,False,0.0014740617566967866,2516000,0.01749,0.26292,16,1.28366
328,0.00019753086419753088,0.00019753086419753088,4,True,0.0013802755484319364,0,72,False,0.0012662982403883253,2524000,0.01212,0.26297,16,1.2769
329,0.00019753086419753088,0.00019753086419753088,4,True,0.0013602635330967076,0,71,False,0.0011801553950796472,2532000,0.01183,0.26618,16,1.29237
330,0.00019753086419753088,0.00019753086419753088,4,True,0.0013711644947361288,0,70,False,0.0014692731494909208,2540000,0.01592,0.26403,16,1.29624
331,0.00019753086419753088,0.00019753086419753088,4,True,0.0013708417511932409,0,69,False,0.0013679370593072506,2548000,0.01504,0.26207,16,1.2145
332,0.00019753086419753088,0.00019753086419753088,4,True,0.0013669856853209925,0,68,False,0.0013322810924707564,2556000,0.01348,0.26367,16,1.2388
333,0.00019753086419753088,0.00019753086419753088,4,True,0.0013605794581358485,0,67,False,0.0013029234134695534,2564000,0.01309,0.26356,16,1.21647
334,0.00019753086419753088,0.00019753086419753088,4,True,0.0013686787700113892,0,66,False,0.0014415725768912556,2572000,0.01617,0.26404,16,1.30176
335,0.00019753086419753088,0.00019753086419753088,4,True,0.0013488935710756172,0,65,False,0.0011708267806536713,2580000,0.01212,0.264,16,1.29049
336,0.00019753086419753088,0.00019753086419753088,4,True,0.0013289956346499185,0,64,False,0.001149914206818629,2588000,0.01154,0.26275,16,1.2109
337,0.00019753086419753088,0.00019753086419753088,4,True,0.0013156009116308239,0,63,False,0.0011950484044589715,2596000,0.0119,0.26239,16,1.21279
338,0.00019753086419753088,0.00019753086419753088,4,True,0.0013549195771955385,0,62,False,0.0017087875672779694,2600000,0.02047,0.26039,16,0.66848
339,0.00019753086419753088,0.00019753086419753088,4,True,0.0013555981653105382,0,61,False,0.0013617054583455355,2608000,0.01381,0.26112,16,1.26608
340,0.00019753086419753088,0.00019753086419753088,4,True,0.0013487078319968236,0,60,False,0.0012866948321733928,2616000,0.01298,0.26284,16,1.20354
341,0.00019753086419753088,0.00019753086419753088,4,True,0.001354511660532713,0,59,False,0.0014067461173557167,2624000,0.01649,0.26162,16,1.21271
342,0.00019753086419753088,0.00019753086419753088,4,True,0.0013522474986397488,0,58,False,0.001331870041603073,2632000,0.01302,0.2609,16,1.29006
343,0.00019753086419753088,0.00019753086419753088,4,True,0.0013489240046355645,0,57,False,0.001319012558597907,2640000,0.01247,0.26342,16,1.2938
344,0.00019753086419753088,0.00019753086419753088,4,True,0.0013611066143695114,0,56,False,0.0014707501019750322,2648000,0.01685,0.26715,16,1.20578
345,0.00019753086419753088,0.00019753086419753088,4,True,0.0013747001788941575,0,55,False,0.0014970422596159718,2656000,0.01667,0.26137,16,1.19145
346,0.00019753086419753088,0.00019753086419753088,4,True,0.0013472877345200496,0,54,False,0.0011005757351530774,2664000,0.00987,0.26155,16,1.29475
347,0.00019753086419753088,0.00019753086419753088,4,True,0.001357412373131864,0,53,False,0.0014485341206381954,2672000,0.01576,0.26231,16,1.27973
348,0.00019753086419753088,0.00019753086419753088,4,True,0.0013504650223913504,0,52,False,0.0012879388657267288,2680000,0.01475,0.2623,16,1.35923
349,0.00019753086419753088,0.00019753086419753088,4,True,0.0013494026229792955,0,51,False,0.0013398410282708024,2688000,0.01412,0.26074,16,1.21159
350,0.00019753086419753088,0.00019753086419753088,4,True,0.0013491196122833522,0,50,False,0.0013465725160198621,2696000,0.01446,0.26083,16,1.29834
351,0.00019753086419753088,0.00019753086419753088,4,True,0.001355536558107521,0,49,False,0.0014132890705250397,2700000,0.01553,0.26166,16,0.61729
352,0.00019753086419753088,0.00019753086419753088,4,True,0.0013497689712849178,0,48,False,0.0012978606898814908,2708000,0.01377,0.25982,16,1.2771
353,0.00019753086419753088,0.00019753086419753088,4,True,0.0013457687806307946,0,47,False,0.0013097670647436851,2716000,0.01285,0.26125,16,1.21543
354,0.00019753086419753088,0.00019753086419753088,4,True,0.0013433011238537249,0,46,False,0.0013210922128600985,2724000,0.01319,0.26114,16,1.29772
355,0.00019753086419753088,0.00019753086419753088,4,True,0.0013496462500471437,0,45,False,0.001406752385787914,2732000,0.01547,0.26212,16,1.20423
356,0.00019753086419753088,0.00019753086419753088,4,True,0.0013652541485699012,0,44,False,0.001505725235274719,2740000,0.01736,0.26283,16,1.20883
357,0.00019753086419753088,0.00019753086419753088,4,True,0.0013555168232039858,0,43,False,0.0012678808949107485,2748000,0.0141,0.25986,16,1.2885
358,0.00019753086419753088,0.00019753086419753088,4,True,0.001351315745299699,0,42,False,0.0013135060441611173,2756000,0.01326,0.26298,16,1.21944
359,0.00019753086419753088,0.00019753086419753088,4,True,0.001344805347346678,0,41,False,0.001286211765769491,2764000,0.01363,0.25885,16,1.20866
360,0.00019753086419753088,0.00019753086419753088,4,True,0.0013342681881381181,0,40,False,0.0012394337552610794,2772000,0.01332,0.26158,16,1.21713
361,0.00019753086419753088,0.00019753086419753088,4,True,0.001348733290650699,0,39,False,0.0014789192132639267,2780000,0.01556,0.26585,16,1.22003
362,0.00019753086419753088,0.00019753086419753088,4,True,0.0013502474753781814,0,38,False,0.0013638751379255224,2788000,0.01514,0.26001,16,1.2939
363,0.00019753086419753088,0.00019753086419753088,4,True,0.0013709279969534676,0,37,False,0.0015570526911310428,2796000,0.0174,0.26409,16,1.29989
364,0.00019753086419753088,0.00019753086419753088,4,True,0.0013855193433578322,0,36,False,0.0015168414609971136,2800000,0.01833,0.26061,16,0.62836
365,0.00019753086419753088,0.00019753086419753088,4,True,0.001387778445524254,0,35,False,0.0014081103650220518,2808000,0.01606,0.25988,16,1.19317
366,0.00019753086419753088,0.00019753086419753088,4,True,0.0013824345040196256,0,34,False,0.0013343390304779708,2816000,0.01431,0.26173,16,1.20733
367,0.00019753086419753088,0.00019753086419753088,4,True,0.0013615392742009295,0,33,False,0.001173482205832666,2824000,0.01213,0.26219,16,1.2088
368,0.00019753086419753088,0.00019753086419753088,4,True,0.0013543370722242363,0,32,False,0.0012895172544339973,2832000,0.0142,0.26294,16,1.30222
369,0.00019753086419753088,0.00019753086419753088,4,True,0.0013522847627783214,0,31,False,0.001333813977765086,2840000,0.01384,0.26197,16,1.29202
370,0.00019753086419753088,0.00019753086419753088,4,True,0.0013462981827868257,0,30,False,0.0012924189628633644,2848000,0.01358,0.25908,16,1.21176
371,0.00019753086419753088,0.00019753086419753088,4,True,0.0013381996391034503,0,29,False,0.0012653127459530706,2856000,0.01268,0.26136,16,1.21141
372,0.00019753086419753088,0.00019753086419753088,4,True,0.001340337622130179,0,28,False,0.0013595794693707385,2864000,0.01594,0.25714,16,1.19867
373,0.00019753086419753088,0.00019753086419753088,4,True,0.0013460985000355872,0,27,False,0.001397946401184262,2872000,0.01461,0.26233,16,1.20747
374,0.00019753086419753088,0.00019753086419753088,4,True,0.0013675396481111625,0,26,False,0.0015605099807913406,2880000,0.01733,0.26199,16,1.21664
375,0.00019753086419753088,0.00019753086419753088,4,True,0.001373301011542285,0,25,False,0.0014251532824223895,2888000,0.01645,0.26307,16,1.20874
376,0.00019753086419753088,0.00019753086419753088,4,True,0.0013656356127026829,0,24,False,0.0012966470231462633,2896000,0.01366,0.26014,16,1.21166
377,0.00019753086419753088,0.00019753086419753088,4,True,0.0013714497120015504,0,23,False,0.0014237766056913578,2900000,0.01654,0.26663,16,0.6418
378,0.00019753086419753088,0.00019753086419753088,4,True,0.001377611420434857,0,22,False,0.0014330667963346156,2908000,0.01427,0.26125,16,1.28281
379,0.00019753086419753088,0.00019753086419753088,4,True,0.0013722037036647068,0,21,False,0.0013235342527333543,2916000,0.01361,0.25909,16,1.28764
380,0.00019753086419753088,0.00019753086419753088,4,True,0.001376855064664038,0,20,False,0.0014187173136580198,2924000,0.01627,0.26009,16,1.21746
381,0.00019753086419753088,0.00019753086419753088,4,True,0.0014036761772324895,0,19,False,0.0016450661903485535,2932000,0.01887,0.26191,16,1.27828
382,0.00019753086419753088,0.00019753086419753088,4,True,0.0014241943313163703,0,18,False,0.0016088577180712975,2940000,0.01835,0.26221,16,1.32094
383,0.00019753086419753088,0.00019753086419753088,4,True,0.0014268189389843586,0,17,False,0.001450440407996254,2948000,0.0147,0.26172,16,1.28411
384,0.00019753086419753088,0.00019753086419753088,4,True,0.0014364449679438224,0,16,False,0.0015230792285789965,2956000,0.01692,0.26368,16,1.19427
385,0.00019753086419753088,0.00019753086419753088,4,True,0.0014202677450772226,0,15,False,0.001274672739277824,2964000,0.01262,0.26408,16,1.29578
386,0.00019753086419753088,0.00019753086419753088,4,True,0.0014099198663464843,0,14,False,0.0013167889577698395,2972000,0.01291,0.2624,16,1.29199
387,0.00019753086419753088,0.00019753086419753088,4,True,0.001417214078084758,0,13,False,0.0014828619837292222,2980000,0.01706,0.26269,16,1.30117
388,0.00019753086419753088,0.00019753086419753088,4,True,0.0014306354993310546,0,12,False,0.0015514282905477233,2988000,0.01779,0.26412,16,1.21252
389,0.00019753086419753088,0.00019753086419753088,4,True,0.0014257945691099239,0,11,False,0.0013822261971197494,2996000,0.01522,0.26065,16,1.21007
390,0.00019753086419753088,0.00019753086419753088,4,True,0.0014661961092097449,0,10,False,0.001829809970108134,3000000,0.02281,0.26091,16,0.61561
391,0.00019753086419753088,0.00019753086419753088,4,True,0.0014550168889583728,0,9,False,0.0013544039066960226,3008000,0.01515,0.2599,16,1.20193
392,0.00019753086419753088,0.00019753086419753088,4,True,0.001437104168365005,0,8,False,0.001275889683024693,3016000,0.01331,0.26377,16,1.20114
393,0.00019753086419753088,0.00019753086419753088,4,True,0.0014114343232508352,0,7,False,0.0011804057172233081,3024000,0.01171,0.26021,16,1.2079
394,0.00019753086419753088,0.00019753086419753088,4,True,0.001396400627790784,0,6,False,0.001261097368650325,3032000,0.01186,0.2593,16,1.28017
395,0.00019753086419753088,0.00019753086419753088,4,True,0.001400179564766857,0,5,False,0.0014341899975515138,3040000,0.01581,0.26338,16,1.27391
396,0.00019753086419753088,0.00019753086419753088,4,True,0.0013768231848372092,0,4,False,0.0011666157654703795,3048000,0.01222,0.25865,16,1.28474
397,0.00019753086419753088,0.00019753086419753088,4,True,0.001355643470386525,0,3,False,0.0011650260403303651,3056000,0.01243,0.2639,16,1.28979
398,0.00019753086419753088,0.00019753086419753088,4,True,0.0013631676207854554,0,2,False,0.0014308849743758277,3064000,0.01712,0.26047,16,1.20622
399,0.00019753086419753088,0.00019753086419753088,4,True,0.001372142350489193,0,1,False,0.0014529149178228317,3072000,0.01607,0.26279,16,1.29638
400,0.00019753086419753088,0.00019753086419753088,4,True,0.0013729950704755912,0,0,False,0.0013806695503531731,3080000,0.01595,0.25895,16,1.20706
401,0.00019753086419753088,0.00019753086419753088,4,True,0.0013833047336048224,1,0,False,0.001476091701767904,3088000,0.01635,0.26035,16,1.21625
402,0.00019753086419753088,0.00019753086419753088,4,True,0.0013890526983843252,2,0,False,0.0014407843813998508,3096000,0.01585,0.26143,16,1.29036
403,0.00019753086419753088,0.00019753086419753088,4,True,0.0014024078894964117,3,0,False,0.0015226046095051906,3100000,0.01818,0.26389,16,0.66426
404,0.00019753086419753088,0.00019753086419753088,4,True,0.0013921537932187955,4,0,False,0.0012998669267202485,3108000,0.0131,0.26061,16,1.21952
405,0.00019753086419753088,0.00019753086419753088,4,True,0.0013822815279498372,5,0,False,0.0012934311405292122,3116000,0.01268,0.25991,16,1.27345
406,0.00019753086419753088,0.00019753086419753088,4,True,0.001387784722524603,6,0,False,0.0014373134736974966,3124000,0.0157,0.26359,16,1.26952
407,0.00019753086419753088,0.00019753086419753088,4,True,0.0014023342251884812,7,0,False,0.0015332797491633848,3132000,0.01776,0.2621,16,1.21107
408,0.00019753086419753088,0.00019753086419753088,4,True,0.0014116715091304843,8,0,False,0.0014957070646085112,3140000,0.01685,0.26467,16,1.22176
409,0.00019753086419753088,0.00019753086419753088,4,True,0.0014043693189706155,9,0,False,0.0013386496075317943,3148000,0.01445,0.26147,16,1.29651
410,0.00019753086419753088,0.00019753086419753088,4,True,0.001414511590071374,10,0,False,0.0015057920299782013,3156000,0.01587,0.26068,16,1.21365
411,0.00019753086419753088,0.00019753086419753088,4,True,0.0014089665447507979,11,0,False,0.001359061136865613,3164000,0.01484,0.25976,16,1.21059
412,0.00019753086419753088,0.00019753086419753088,4,True,0.001405571683040482,12,0,False,0.0013750179276476398,3172000,0.01546,0.25828,16,1.21394
413,0.00019753086419753088,0.00019753086419753088,4,True,0.0013946642864230657,13,0,False,0.0012964977168663187,3180000,0.01431,0.26053,16,1.29241
414,0.00019753086419753088,0.00019753086419753088,4,True,0.0013974729928221768,14,0,False,0.0014227513504141752,3188000,0.01677,0.26196,16,1.20813
415,0.00019753086419753088,0.00019753086419753088,4,True,0.0013971613321444704,15,0,False,0.0013943563860451137,3196000,0.01455,0.25763,16,1.21049
416,0.00019753086419753088,0.00019753086419753088,4,True,0.001432757062210771,16,0,False,0.0017531186328074778,3200000,0.02085,0.26081,16,0.61602
417,0.00019753086419753088,0.00019753086419753088,4,True,0.0014294585236664793,17,0,False,0.0013997716767678544,3208000,0.0145,0.25979,16,1.20877
418,0.00019753086419753088,0.00019753086419753088,4,True,0.001397644199797652,18,0,False,0.001111315284978207,3216000,0.01054,0.26069,16,1.26853
419,0.00019753086419753088,0.00019753086419753088,4,True,0.0013946139956676727,19,0,False,0.0013673421584978595,3224000,0.01496,0.2667,16,1.21018
420,0.00019753086419753088,0.00019753086419753088,4,True,0.0013787818701359675,20,0,False,0.0012362927403506206,3232000,0.0117,0.25958,16,1.29442
421,0.00019753086419753088,0.00019753086419753088,4,True,0.0013878326955731692,21,0,False,0.0014692901245079845,3240000,0.01591,0.26195,16,1.2087
422,0.00019753086419753088,0.00019753086419753088,4,True,0.001373639727320684,22,0,False,0.0012459030130483185,3248000,0.01228,0.2634,16,1.28665
423,0.00019753086419753088,0.00019753086419753088,4,True,0.0013675190205584462,23,0,False,0.0013124326596983071,3256000,0.01345,0.26277,16,1.2092
424,0.00019753086419753088,0.00019753086419753088,4,True,0.001355659348322608,24,0,False,0.001248922298200062,3264000,0.0111,0.2587,16,1.29616
425,0.00019753086419753088,0.00019753086419753088,4,True,0.0013501748291764525,25,0,False,0.001300814156861053,3272000,0.01381,0.26117,16,1.29168
426,0.00019753086419753088,0.00019753086419753088,4,True,0.001358029011545157,26,0,False,0.001428716652863496,3280000,0.01478,0.26021,16,1.20293
427,0.00019753086419753088,0.00019753086419753088,4,True,0.001361125530804258,27,0,False,0.0013889942041361689,3288000,0.01521,0.25707,16,1.21028
428,0.00019753086419753088,0.00019753086419753088,4,True,0.001342403913153378,28,0,False,0.0011739093542954568,3296000,0.01109,0.2594,16,1.28173
429,0.00019753086419753088,0.00019753086419753088,4,True,0.001345578642538355,29,0,False,0.001374151207003149,3300000,0.01631,0.25373,16,0.64575
430,0.00019753086419753088,0.00019753086419753088,4,True,0.0013547494657948848,30,0,False,0.001437286875103652,3308000,0.01547,0.25886,16,1.21322
431,0.00019753086419753088,0.00019753086419753088,4,True,0.0013597349095709438,31,0,False,0.001404603903555473,3316000,0.01606,0.25861,16,1.34489
432,0.00019753086419753088,0.00019753086419753088,4,True,0.00135881251492668,32,0,False,0.0013505109631283061,3324000,0.01436,0.26257,16,1.28509
433,0.00019753086419753088,0.00019753086419753088,4,True,0.0013729797232875324,33,0,False,0.0015004845985352043,3332000,0.01682,0.26019,16,1.27827
434,0.00019753086419753088,0.00019753086419753088,4,True,0.001363079773264439,34,0,False,0.0012739802230565987,3340000,0.01336,0.25801,16,1.20944
435,0.00019753086419753088,0.00019753086419753088,4,True,0.0013475893253861522,35,0,False,0.0012081752944815719,3348000,0.01228,0.25732,16,1.21756
436,0.00019753086419753088,0.00019753086419753088,4,True,0.0013414674736355664,36,0,False,0.0012863708078802935,3356000,0.01233,0.258,16,1.28862
437,0.00019753086419753088,0.00019753086419753088,4,True,0.0013462133915608182,37,0,False,0.0013889266528880843,3364000,0.01549,0.26134,16,1.21575
438,0.00019753086419753088,0.00019753086419753088,4,True,0.0013468820935301426,38,0,False,0.0013529004112540616,3372000,0.01384,0.26008,16,1.21569
439,0.00019753086419753088,0.00019753086419753088,4,True,0.001350121129884284,39,0,False,0.0013792724570715579,3380000,0.01408,0.26096,16,1.21121
440,0.00019753086419753088,0.00019753086419753088,4,True,0.0013463431288074886,40,0,False,0.00131234111911633,3388000,0.01428,0.26077,16,1.21082
441,0.00019753086419753088,0.00019753086419753088,4,True,0.0013424282767779598,41,0,False,0.001307194608512201,3396000,0.0141,0.26018,16,1.20916
442,0.00019753086419753088,0.00019753086419753088,4,True,0.001379730397775552,42,0,False,0.0017154494867538828,3400000,0.02185,0.26106,16,0.66378
443,0.00019753086419753088,0.00019753086419753088,4,True,0.0013706271796567967,43,0,False,0.0012886982165879973,3408000,0.01512,0.25943,16,1.27547
444,0.00019753086419753088,0.00019753086419753088,4,True,0.001360649053992942,44,0,False,0.0012708459230182491,3416000,0.01325,0.26238,16,1.21323
445,0.00019753086419753088,0.00019753086419753088,4,True,0.001379114535795142,45,0,False,0.0015453038720149408,3424000,0.01796,0.26288,16,1.20222
446,0.00019753086419753088,0.00019753086419753088,4,True,0.0013803037299243964,46,0,False,0.001391006477087685,3432000,0.01585,0.26167,16,1.21624
447,0.00019753086419753088,0.00019753086419753088,4,True,0.0013799192988528221,47,0,False,0.0013764594192086535,3440000,0.01508,0.25696,16,1.29613
448,0.00019753086419753088,0.00019753086419753088,4,True,0.001370292203444052,48,0,False,0.0012836483447651202,3448000,0.01312,0.25805,16,1.21165
449,0.00019753086419753088,0.00019753086419753088,4,True,0.0013651773930232652,49,0,False,0.0013191440992361848,3456000,0.01346,0.26116,16,1.21269
450,0.00019753086419753088,0.00019753086419753088,4,True,0.001380928878097496,50,0,False,0.0015226922437655726,3464000,0.01737,0.25998,16,1.29266
451,0.00019753086419753088,0.00019753086419753088,4,True,0.0013663435975400362,51,0,False,0.0012350760725228982,3472000,0.01256,0.25578,16,1.28558
452,0.00019753086419753088,0.00019753086419753088,4,True,0.0013638582105692046,52,0,False,0.0013414897278317185,3480000,0.01563,0.25683,16,1.21495
453,0.00019753086419753088,0.00019753086419753088,4,True,0.0013556171222139698,53,0,False,0.0012814473270168576,3488000,0.01206,0.25776,16,1.20739
454,0.00019753086419753088,0.00019753086419753088,4,True,0.001369698074669004,54,0,False,0.001496426646764312,3496000,0.01687,0.25826,16,1.29101
455,0.00019753086419753088,0.00019753086419753088,4,True,0.0014045883831818376,55,0,False,0.001718601159797341,3500000,0.02223,0.25996,16,0.62542
456,0.00019753086419753088,0.00019753086419753088,4,True,0.0014048692467416466,56,0,False,0.0014073970187799267,3508000,0.01559,0.25805,16,1.19686
457,0.00019753086419753088,0.00019753086419753088,4,True,0.0014044530577233824,57,0,False,0.0014007073565590067,3516000,0.01539,0.26164,16,1.21273
458,0.00019753086419753088,0.00019753086419753088,4,True,0.001395863039588943,58,0,False,0.001318552876378988,3524000,0.01497,0.26078,16,1.21926
459,0.00019753086419753088,0.00019753086419753088,4,True,0.0013721022085456057,59,0,False,0.0011582547291555695,3532000,0.01121,0.25963,16,1.21551
460,0.00019753086419753088,0.00019753086419753088,4,True,0.0013743559659647859,60,0,False,0.0013946397827374083,3540000,0.01523,0.26007,16,1.23237
461,0.00019753086419753088,0.00019753086419753088,4,True,0.001380439182628074,61,0,False,0.0014351881325976661,3548000,0.01649,0.26264,16,1.21133
462,0.00019753086419753088,0.00019753086419753088,4,True,0.0013762487916917482,62,0,False,0.0013385352732648173,3556000,0.01441,0.2574,16,1.28974
463,0.00019753086419753088,0.00019753086419753088,4,True,0.0013669114059181487,63,0,False,0.0012828749339557526,3564000,0.01368,0.25981,16,1.21401
464,0.00019753086419753088,0.00019753086419753088,4,True,0.0013469938860781298,64,0,False,0.0011677362075179613,3572000,0.01154,0.26024,16,1.25132
465,0.00019753086419753088,0.00019753086419753088,4,True,0.00135482696595976,65,0,False,0.0014253246848944326,3580000,0.01505,0.25988,16,1.21188
466,0.00019753086419753088,0.00019753086419753088,4,True,0.0013555472796577955,66,0,False,0.001362030102940114,3588000,0.01479,0.25632,16,1.29607
467,0.00019753086419753088,0.00019753086419753088,4,True,0.0013694862415269992,67,0,False,0.0014949368983498315,3596000,0.01724,0.25681,16,1.29218
468,0.00019753086419753088,0.00019753086419753088,4,True,0.0014169566604778773,68,0,False,0.0018441904310357805,3600000,0.02373,0.25703,16,0.6239
469,0.00019753086419753088,0.00019753086419753088,4,True,0.0014127145840646387,69,0,False,0.001374535896345492,3608000,0.01421,0.25954,16,1.21029
470,0.00019753086419753088,0.00019753086419753088,4,True,0.0014131674960690805,70,0,False,0.001417243704109057,3616000,0.01556,0.25878,16,1.20608
471,0.00019753086419753088,0.00019753086419753088,4,True,0.0014073178040982732,71,0,False,0.001354670576361009,3624000,0.01535,0.25866,16,1.2873
472,0.00019753086419753088,0.00019753086419753088,4,True,0.0014131599375509622,72,0,False,0.0014657391386251647,3632000,0.01657,0.26011,16,1.2875
473,0.00019753086419753088,0.00019753086419753088,4,True,0.0014053968384657685,73,0,False,0.0013355289466990257,3640000,0.01464,0.25788,16,1.29555
474,0.00019753086419753088,0.00019753086419753088,4,True,0.0014072614206547488,74,0,False,0.0014240426603555714,3648000,0.01559,0.25917,16,1.20284
475,0.00019753086419753088,0.00019753086419753088,4,True,0.0014134921780973482,75,0,False,0.0014695689950807447,3656000,0.01623,0.26137,16,1.28639
476,0.00019753086419753088,0.00019753086419753088,4,True,0.0014211781737298256,76,0,False,0.0014903521344221205,3664000,0.01665,0.26179,16,1.28119
477,0.00019753086419753088,0.00019753086419753088,4,True,0.0014140085812682677,77,0,False,0.0013494822491142457,3672000,0.01448,0.25731,16,1.2888
478,0.00019753086419753088,0.00019753086419753088,4,True,0.0014176406971524586,78,0,False,0.0014503297401101782,3680000,0.01601,0.25689,16,1.2807
479,0.00019753086419753088,0.00019753086419753088,4,True,0.0014228932941464307,79,0,False,0.00147016666709218,3688000,0.01687,0.25659,16,1.19267
480,0.00019753086419753088,0.00019753086419753088,4,True,0.0013921259299799244,80,0,False,0.0011152196524813662,3696000,0.01046,0.26039,16,1.20935
481,0.00019753086419753088,0.00019753086419753088,4,True,0.0014320859159072828,81,0,False,0.0017917257892535086,3700000,0.02383,0.25856,16,0.65802
482,0.00019753086419753088,0.00019753086419753088,4,True,0.001431057356983608,82,0,False,0.0014218003266705341,3708000,0.01576,0.25747,16,1.20835
483,0.00019753086419753088,0.00019753086419753088,4,True,0.0014294457485431054,83,0,False,0.001414941272578582,3716000,0.01643,0.25964,16,1.28005
484,0.00019753086419753088,0.00019753086419753088,4,True,0.0014170513798735511,84,0,False,0.001305502061847562,3724000,0.01429,0.26057,16,1.21101
485,0.00019753086419753088,0.00019753086419753088,4,True,0.0014004629135307878,85,0,False,0.0012511667164459164,3732000,0.01243,0.26008,16,1.20838
486,0.00019753086419753088,0.00019753086419753088,4,True,0.001385722843889606,86,0,False,0.0012530622171189698,3740000,0.01319,0.25891,16,1.27961
487,0.00019753086419753088,0.00019753086419753088,4,True,0.0013873236088499936,87,0,False,0.0014017304934934819,3748000,0.01592,0.25829,16,1.27896
488,0.00019753086419753088,0.00019753086419753088,4,True,0.0013721028054841345,88,0,False,0.0012351155751914027,3756000,0.0133,0.25645,16,1.20587
489,0.00019753086419753088,0.00019753086419753088,4,True,0.0013801504122346012,89,0,False,0.0014525788729888012,3764000,0.01528,0.25941,16,1.21665
490,0.00019753086419753088,0.00019753086419753088,4,True,0.0013810404342764868,90,0,False,0.001389050632653457,3772000,0.01584,0.25792,16,1.2974
491,0.00019753086419753088,0.00019753086419753088,4,True,0.0013817169386789972,91,0,False,0.0013878054783015908,3780000,0.0159,0.26041,16,1.18825
492,0.00019753086419753088,0.00019753086419753088,4,True,0.0013743395046601052,92,0,False,0.0013079425984900757,3788000,0.01408,0.25898,16,1.21085
493,0.00019753086419753088,0.00019753086419753088,4,True,0.0013842895838189898,93,0,False,0.0014738402962489515,3796000,0.01669,0.25727,16,1.21017
494,0.00019753086419753088,0.00019753086419753088,4,True,0.0014185932526165597,94,0,False,0.001727326271794688,3800000,0.02117,0.25718,16,0.662
495,0.00019753086419753088,0.00019753086419753088,4,True,0.0013983511520601142,95,0,False,0.001216172247052105,3808000,0.01284,0.25678,16,1.2036
496,0.00019753086419753088,0.00019753086419753088,4,True,0.0013840121549120433,96,0,False,0.0012549611805794062,3816000,0.01303,0.2596,16,1.20534
497,0.00019753086419753088,0.00019753086419753088,4,True,0.0013881657826739556,97,0,False,0.0014255484325311667,3824000,0.01487,0.25707,16,1.30008
498,0.00019753086419753088,0.00019753086419753088,4,True,0.001388972632878247,98,0,False,0.00139623428471687,3832000,0.01581,0.25747,16,1.28761
499,0.00019753086419753088,0.00019753086419753088,4,True,0.0013919379636939018,99,0,False,0.0014186259410347963,3840000,0.0156,0.26049,16,1.20085
500,0.00019753086419753088,0.0002962962962962963,3,True,0.0013747679430728106,0,100,True,0.0012202377574829888,3848000,0.0121,0.2608,16,1.29974
501,0.0002962962962962963,0.0002962962962962963,3,True,0.001389851314033227,0,99,False,0.0015256016526769753,3856000,0.01558,0.25835,16,1.20797
502,0.0002962962962962963,0.0002962962962962963,3,True,0.001371331080774879,0,98,False,0.0012046489814497442,3864000,0.01209,0.25677,16,1.21689
503,0.0002962962962962963,0.0002962962962962963,3,True,0.0013814028295031284,0,97,False,0.001472048568057374,3872000,0.01612,0.25988,16,1.29983
504,0.0002962962962962963,0.0002962962962962963,3,True,0.0013635973725341546,0,96,False,0.00120334825981339,3880000,0.01259,0.25819,16,1.21163
505,0.0002962962962962963,0.0002962962962962963,3,True,0.001359331824921385,0,95,False,0.0013209418964064577,3888000,0.01399,0.26164,16,1.28474
506,0.0002962962962962963,0.0002962962962962963,3,True,0.0013454026721620538,0,94,False,0.0012200402973280746,3896000,0.01126,0.25921,16,1.30097
507,0.0002962962962962963,0.0002962962962962963,3,True,0.0013768335469450694,0,93,False,0.0016597114199922098,3900000,0.02093,0.25883,16,0.63077
508,0.0002962962962962963,0.0002962962962962963,3,True,0.0013613624327551024,0,92,False,0.0012221224050454,3908000,0.01087,0.25609,16,1.21338
509,0.0002962962962962963,0.0002962962962962963,3,True,0.0013517926517034417,0,91,False,0.0012656646222384959,3916000,0.01306,0.25999,16,1.20529
510,0.0002962962962962963,0.0002962962962962963,3,True,0.0013737620892933008,0,90,False,0.0015714870276020304,3924000,0.0174,0.26054,16,1.28491
511,0.0002962962962962963,0.0002962962962962963,3,True,0.0013714624437121794,0,89,False,0.0013507656334820863,3932000,0.01465,0.25731,16,1.2747
512,0.0002962962962962963,0.0002962962962962963,3,True,0.0013799597594441539,0,88,False,0.001456435601031924,3940000,0.01627,0.25893,16,1.21472
513,0.0002962962962962963,0.0002962962962962963,3,True,0.0013734448640083134,0,87,False,0.0013148108050857487,3948000,0.01305,0.26133,16,1.27988
514,0.0002962962962962963,0.0002962962962962963,3,True,0.0013861248540137491,0,86,False,0.0015002447640626705,3956000,0.01771,0.25886,16,1.29468
515,0.0002962962962962963,0.0002962962962962963,3,True,0.001379210096229161,0,85,False,0.0013169772761678685,3964000,0.01416,0.25825,16,1.2152
516,0.0002962962962962963,0.0002962962962962963,3,True,0.0013872487651381028,0,84,False,0.0014595967853185778,3972000,0.01586,0.25843,16,1.20974
517,0.0002962962962962963,0.0002962962962962963,3,True,0.0013780978844620828,0,83,False,0.0012957399583779026,3980000,0.01327,0.25992,16,1.26848
518,0.0002962962962962963,0.0002962962962962963,3,True,0.001354383709721456,0,82,False,0.0011409561370558164,3988000,0.0112,0.25861,16,1.21493
519,0.0002962962962962963,0.0002962962962962963,3,True,0.001351058340101163,0,81,False,0.0013211300135185248,3996000,0.0139,0.25989,16,1.20047
520,0.0002962962962962963,0.0002962962962962963,3,True,0.0013902716687527721,0,80,False,0.0017431916266172542,4000000,0.02141,0.25911,16,0.62391
521,0.0002962962962962963,0.0002962962962962963,3,True,0.0013969347461802496,0,79,False,0.0014569024430275473,4008000,0.01678,0.25615,16,1.33171
522,0.0002962962962962963,0.0002962962962962963,3,True,0.0013754664807863702,0,78,False,0.0011822520922414573,4016000,0.01184,0.25381,16,1.27695
523,0.0002962962962962963,0.0002962962962962963,3,True,0.0013466228400989858,0,77,False,0.0010870300739125262,4024000,0.01033,0.25535,16,1.20896
524,0.0002962962962962963,0.0002962962962962963,3,True,0.0013690171414341978,0,76,False,0.0015705658534511046,4032000,0.01748,0.2563,16,1.28721
525,0.0002962962962962963,0.0002962962962962963,3,True,0.0013754272854467628,0,75,False,0.0014331185815598475,4040000,0.01601,0.25948,16,1.21533
526,0.0002962962962962963,0.0002962962962962963,3,True,0.0013534346519609459,0,74,False,0.001155500950588594,4048000,0.01196,0.25658,16,1.21062
527,0.0002962962962962963,0.0002962962962962963,3,True,0.0013439239906327196,0,73,False,0.0012583280386786826,4056000,0.01113,0.25609,16,1.2953
528,0.0002962962962962963,0.0002962962962962963,3,True,0.0013362031136448572,0,72,False,0.0012667152207540954,4064000,0.01297,0.25842,16,1.21929
529,0.0002962962962962963,0.0002962962962962963,3,True,0.0013417414543354508,0,71,False,0.001391586520550793,4072000,0.01613,0.25526,16,1.20924
530,0.0002962962962962963,0.0002962962962962963,3,True,0.0013303884372011807,0,70,False,0.0012282112829927493,4080000,0.01316,0.25995,16,1.21822
531,0.0002962962962962963,0.0002962962962962963,3,True,0.0013275936159672815,0,69,False,0.0013024402248621892,4088000,0.01275,0.25383,16,1.31135
532,0.0002962962962962963,0.0002962962962962963,3,True,0.0013238076710183851,0,68,False,0.001289734166478318,4096000,0.01369,0.25732,16,1.20776
533,0.0002962962962962963,0.0002962962962962963,3,True,0.0013579179319594377,0,67,False,0.0016649102804289107,4100000,0.02175,0.25802,16,0.61729
534,0.0002962962962962963,0.0002962962962962963,3,True,0.0013839555918161242,0,66,False,0.0016182945305263016,4108000,0.01772,0.25725,16,1.28164
535,0.0002962962962962963,0.0002962962962962963,3,True,0.001367654394619976,0,65,False,0.0012209436198546424,4116000,0.013,0.25515,16,1.21523
536,0.0002962962962962963,0.0002962962962962963,3,True,0.001376672862471328,0,64,False,0.001457839073133497,4124000,0.01684,0.25418,16,1.2868
537,0.0002962962962962963,0.0002962962962962963,3,True,0.001384414968967482,0,63,False,0.0014540939274328675,4132000,0.01397,0.25879,16,1.22779
538,0.0002962962962962963,0.0002962962962962963,3,True,0.0013730372963274412,0,62,False,0.0012706382425670731,4140000,0.01292,0.25883,16,1.20959
539,0.0002962962962962963,0.0002962962962962963,3,True,0.0013725922828124884,0,61,False,0.0013685871611779138,4148000,0.01419,0.25686,16,1.29644
540,0.0002962962962962963,0.0002962962962962963,3,True,0.0013544598890508593,0,60,False,0.0011912683451961957,4156000,0.01227,0.25821,16,1.21318
541,0.0002962962962962963,0.0002962962962962963,3,True,0.0013553078831206294,0,59,False,0.0013629398297485612,4164000,0.01388,0.25837,16,1.20934
542,0.0002962962962962963,0.0002962962962962963,3,True,0.0013638904842346638,0,58,False,0.0014411338942609748,4172000,0.01756,0.25571,16,1.20944
543,0.0002962962962962963,0.0002962962962962963,3,True,0.0013667492196750793,0,57,False,0.0013924778386388186,4180000,0.0138,0.25721,16,1.3044
544,0.0002962962962962963,0.0002962962962962963,3,True,0.0013654722119720748,0,56,False,0.0013539791426450322,4188000,0.01315,0.25623,16,1.29694
545,0.0002962962962962963,0.0002962962962962963,3,True,0.001370975983177826,0,55,False,0.0014205099240295865,4196000,0.01573,0.25735,16,1.29631
546,0.0002962962962962963,0.0002962962962962963,3,True,0.001406992870571162,0,54,False,0.0017311448571111852,4200000,0.02228,0.25647,16,0.66572
547,0.0002962962962962963,0.0002962962962962963,3,True,0.0013989919738888953,0,53,False,0.0013269839037484954,4208000,0.01387,0.25699,16,1.20662
548,0.0002962962962962963,0.0002962962962962963,3,True,0.0013992605651035172,0,52,False,0.001401677886035113,4216000,0.01517,0.25635,16,1.20745
549,0.0002962962962962963,0.0002962962962962963,3,True,0.0013915473782716147,0,51,False,0.001322128696784491,4224000,0.01412,0.25738,16,1.28819
550,0.0002962962962962963,0.0002962962962962963,3,True,0.0013831071402112252,0,50,False,0.001307144997667719,4232000,0.01464,0.25997,16,1.27975
551,0.0002962962962962963,0.0002962962962962963,3,True,0.0013883044485268144,0,49,False,0.0014350802233671167,4240000,0.01576,0.257,16,1.27651
552,0.0002962962962962963,0.0002962962962962963,3,True,0.00139895365395622,0,48,False,0.0014947965028208705,4248000,0.01597,0.25937,16,1.21214
553,0.0002962962962962963,0.0002962962962962963,3,True,0.00139565990730306,0,47,False,0.0013660161874246186,4256000,0.01312,0.25506,16,1.21045
554,0.0002962962962962963,0.0002962962962962963,3,True,0.0014274591631629413,0,46,False,0.0017136524659018728,4264000,0.02156,0.25841,16,1.29189
555,0.0002962962962962963,0.0002962962962962963,3,True,0.0014212099841279793,0,45,False,0.0013649673728133203,4272000,0.01539,0.25901,16,1.21044
556,0.0002962962962962963,0.0002962962962962963,3,True,0.0014267862369867533,0,44,False,0.0014769725127157204,4280000,0.01576,0.25793,16,1.30339
557,0.0002962962962962963,0.0002962962962962963,3,True,0.001416157741565866,0,43,False,0.0013205012827778786,4288000,0.014,0.26068,16,1.29674
558,0.0002962962962962963,0.0002962962962962963,3,True,0.0014104916543616873,0,42,False,0.0013594968695240797,4296000,0.0139,0.25899,16,1.30182
559,0.0002962962962962963,0.0002962962962962963,3,True,0.001419472271511806,0,41,False,0.0015002978258628757,4300000,0.01898,0.25901,16,0.66286
560,0.0002962962962962963,0.0002962962962962963,3,True,0.001416320021514923,0,40,False,0.0013879497715429752,4308000,0.01607,0.25838,16,1.2111
561,0.0002962962962962963,0.0002962962962962963,3,True,0.0014237331581160317,0,39,False,0.0014904513875260103,4316000,0.01566,0.25841,16,1.28342
562,0.0002962962962962963,0.0002962962962962963,3,True,0.0014278541167735191,0,38,False,0.0014649427446909054,4324000,0.01562,0.25731,16,1.28821
563,0.0002962962962962963,0.0002962962962962963,3,True,0.0014276668818941022,0,37,False,0.0014259817679793496,4332000,0.01547,0.25815,16,1.29171
564,0.0002962962962962963,0.0002962962962962963,3,True,0.001432410717035394,0,36,False,0.0014751052333070206,4340000,0.01504,0.25725,16,1.20952
565,0.0002962962962962963,0.0002962962962962963,3,True,0.0014407350095247155,0,35,False,0.0015156536419286086,4348000,0.01547,0.25872,16,1.21639
566,0.0002962962962962963,0.0002962962962962963,3,True,0.0014602729504900843,0,34,False,0.0016361144191784033,4356000,0.01901,0.25846,16,1.29403
567,0.0002962962962962963,0.0002962962962962963,3,True,0.001462271841178433,0,33,False,0.00148026185737357,4364000,0.01751,0.25849,16,1.21849
568,0.0002962962962962963,0.0002962962962962963,3,True,0.001469326150508242,0,32,False,0.001532814934476523,4372000,0.01758,0.26143,16,1.2065
569,0.0002962962962962963,0.0002962962962962963,3,True,0.0014620029265214993,0,31,False,0.0013960939106408142,4380000,0.01562,0.25525,16,1.22058
570,0.0002962962962962963,0.0002962962962962963,3,True,0.0014353745317546352,0,30,False,0.0011957189788528587,4388000,0.01163,0.25407,16,1.21257
571,0.0002962962962962963,0.0002962962962962963,3,True,0.0014390010424641855,0,29,False,0.0014716396388501371,4396000,0.01719,0.25649,16,1.29451
572,0.0002962962962962963,0.0002962962962962963,3,True,0.001439283765208973,0,28,False,0.001441828269912061,4400000,0.01704,0.25524,16,0.62016
573,0.0002962962962962963,0.0002962962962962963,3,True,0.0014386145721583575,0,27,False,0.0014325918347028205,4408000,0.01497,0.26251,16,1.27344
574,0.0002962962962962963,0.0002962962962962963,3,True,0.0014490761655095194,0,26,False,0.0015432305056699745,4416000,0.01673,0.25874,16,1.20833
575,0.0002962962962962963,0.0002962962962962963,3,True,0.0014360942410376622,0,25,False,0.0013192569207909472,4424000,0.01381,0.25766,16,1.18743
576,0.0002962962962962963,0.0002962962962962963,3,True,0.0014261486810549623,0,24,False,0.0013366386412106636,4432000,0.0132,0.2562,16,1.2101
577,0.0002962962962962963,0.0002962962962962963,3,True,0.0014208514313862554,0,23,False,0.0013731761843678927,4440000,0.01402,0.25732,16,1.29269
578,0.0002962962962962963,0.0002962962962962963,3,True,0.0014088962745965852,0,22,False,0.0013012998634895525,4448000,0.01286,0.26023,16,1.21417
579,0.0002962962962962963,0.0002962962962962963,3,True,0.001378358296069933,0,21,False,0.0011035164893300612,4456000,0.01046,0.25854,16,1.20812
580,0.0002962962962962963,0.0002962962962962963,3,True,0.0013891834787577273,0,20,False,0.0014866101229478758,4464000,0.01668,0.26006,16,1.3037
581,0.0002962962962962963,0.0002962962962962963,3,True,0.0013771346365958226,0,19,False,0.0012686950571386812,4472000,0.01272,0.25819,16,1.30523
582,0.0002962962962962963,0.0002962962962962963,3,True,0.0013653825727246245,0,18,False,0.001259613997883843,4480000,0.01152,0.25642,16,1.21105
583,0.0002962962962962963,0.0002962962962962963,3,True,0.0013537187105766145,0,17,False,0.0012487439512445248,4488000,0.012,0.25568,16,1.29285
584,0.0002962962962962963,0.0002962962962962963,3,True,0.0013598893638743473,0,16,False,0.0014154252435539425,4496000,0.01624,0.25732,16,1.21501
585,0.0002962962962962963,0.0002962962962962963,3,True,0.0014074029115373177,0,15,False,0.001835024840504051,4500000,0.02383,0.25871,16,0.61321
586,0.0002962962962962963,0.0002962962962962963,3,True,0.0014070679539234519,0,14,False,0.0014040533353986574,4508000,0.01659,0.25371,16,1.21021
587,0.0002962962962962963,0.0002962962962962963,3,True,0.0014016218521506855,0,13,False,0.0013526069361957868,4516000,0.0145,0.2573,16,1.26792
588,0.0002962962962962963,0.0002962962962962963,3,True,0.001406730672328979,0,12,False,0.001452710053933621,4524000,0.01555,0.25793,16,1.20429
589,0.0002962962962962963,0.0002962962962962963,3,True,0.0014100826862447553,0,11,False,0.0014402508114867401,4532000,0.01565,0.25597,16,1.20653
590,0.0002962962962962963,0.0002962962962962963,3,True,0.0014072426818190005,0,10,False,0.0013816826419872088,4540000,0.01447,0.2569,16,1.20719
591,0.0002962962962962963,0.0002962962962962963,3,True,0.0014128318777927508,0,9,False,0.001463134641556502,4548000,0.01621,0.25699,16,1.29097
592,0.0002962962962962963,0.0002962962962962963,3,True,0.0014102889739021937,0,8,False,0.0013874028388871796,4556000,0.01583,0.25782,16,1.19679
593,0.0002962962962962963,0.0002962962962962963,3,True,0.0014072292504220263,0,7,False,0.001379691739100519,4564000,0.016,0.25768,16,1.21109
594,0.0002962962962962963,0.0002962962962962963,3,True,0.0013906192965670852,0,6,False,0.0012411297118726141,4572000,0.01245,0.25528,16,1.30718
595,0.0002962962962962963,0.0002962962962962963,3,True,0.0013844029395946008,0,5,False,0.0013284557268422408,4580000,0.01481,0.25803,16,1.29797
596,0.0002962962962962963,0.0002962962962962963,3,True,0.001380879295967734,0,4,False,0.001349166503325933,4588000,0.01383,0.25915,16,1.2061
597,0.0002962962962962963,0.0002962962962962963,3,True,0.0013955164749624505,0,3,False,0.0015272510859148983,4596000,0.01704,0.25896,16,1.20684
598,0.0002962962962962963,0.0002962962962962963,3,True,0.0013986815909604543,0,2,False,0.0014271676349424897,4600000,0.01655,0.25711,16,0.66891
599,0.0002962962962962963,0.0002962962962962963,3,True,0.0014120734208732978,0,1,False,0.0015325998900888897,4608000,0.01664,0.26146,16,1.19158
600,0.0002962962962962963,0.0002962962962962963,3,True,0.0014221491960701403,0,0,False,0.0015128311728417239,4616000,0.01722,0.25698,16,1.20677
601,0.0002962962962962963,0.0002962962962962963,3,True,0.0014328672480648074,1,0,False,0.001529329716016809,4624000,0.01587,0.25592,16,1.21831
602,0.0002962962962962963,0.0002962962962962963,3,True,0.0014271856123027834,2,0,False,0.0013760508904445683,4632000,0.01536,0.25871,16,1.21186
603,0.0002962962962962963,0.0002962962962962963,3,True,0.001416425138814415,3,0,False,0.0013195808774190995,4640000,0.01375,0.25691,16,1.21828
604,0.0002962962962962963,0.0002962962962962963,3,True,0.0014196162755928648,4,0,False,0.0014483365065989127,4648000,0.01585,0.25924,16,1.29382
605,0.0002962962962962963,0.0002962962962962963,3,True,0.0014165528953284587,5,0,False,0.0013889824729488025,4656000,0.01443,0.25703,16,1.21573
606,0.0002962962962962963,0.0002962962962962963,3,True,0.0014211778352869544,6,0,False,0.0014628022949134164,4664000,0.0166,0.2601,16,1.2893
607,0.0002962962962962963,0.0002962962962962963,3,True,0.001430425239629986,7,0,False,0.0015136518787172704,4672000,0.01539,0.25777,16,1.2087
608,0.0002962962962962963,0.0002962962962962963,3,True,0.0014428522955779832,8,0,False,0.0015546957991099588,4680000,0.01788,0.25767,16,1.20757
609,0.0002962962962962963,0.0002962962962962963,3,True,0.001434541964236528,9,0,False,0.0013597489821634287,4688000,0.01446,0.25655,16,1.21565
610,0.0002962962962962963,0.0002962962962962963,3,True,0.001432673267944684,10,0,False,0.0014158550013180886,4696000,0.01593,0.25771,16,1.21414
611,0.0002962962962962963,0.0002962962962962963,3,True,0.0014389499540954553,11,0,False,0.0014954401294523963,4700000,0.01787,0.25927,16,0.61442
612,0.0002962962962962963,0.0002962962962962963,3,True,0.0014333083386337056,12,0,False,0.0013825337994779587,4708000,0.01558,0.25711,16,1.20691
613,0.0002962962962962963,0.0002962962962962963,3,True,0.0014329610825147762,13,0,False,0.001429835777444412,4716000,0.01681,0.25881,16,1.21144
614,0.0002962962962962963,0.0002962962962962963,3,True,0.0014445841190134981,14,0,False,0.0015491914475019956,4724000,0.01858,0.25647,16,1.28205
615,0.0002962962962962963,0.0002962962962962963,3,True,0.0014342885098544205,15,0,False,0.0013416280274227213,4732000,0.01251,0.25876,16,1.2917
616,0.0002962962962962963,0.0002962962962962963,3,True,0.0014238042213112554,16,0,False,0.0013294456244227681,4740000,0.01394,0.25845,16,1.20684
617,0.0002962962962962963,0.0002962962962962963,3,True,0.0014057938062160677,17,0,False,0.0012437000703593782,4748000,0.01199,0.25963,16,1.2168
618,0.0002962962962962963,0.0002962962962962963,3,True,0.0014175131165328591,18,0,False,0.0015229869093839824,4756000,0.01663,0.25996,16,1.28927
619,0.0002962962962962963,0.0002962962962962963,3,True,0.0014146894612149764,19,0,False,0.0013892765633540317,4764000,0.01595,0.25834,16,1.29476
620,0.0002962962962962963,0.0002962962962962963,3,True,0.0014150668340741853,20,0,False,0.0014184631898070655,4772000,0.01706,0.26043,16,1.21611
621,0.0002962962962962963,0.0002962962962962963,3,True,0.0014074985774061427,21,0,False,0.0013393842673937602,4780000,0.01403,0.25532,16,1.29604
622,0.0002962962962962963,0.0002962962962962963,3,True,0.0014010910390166431,22,0,False,0.0013434231935111486,4788000,0.01385,0.2576,16,1.2156
623,0.0002962962962962963,0.0002962962962962963,3,True,0.0014127737673069929,23,0,False,0.00151791832192014,4796000,0.01532,0.26034,16,1.30588
624,0.0002962962962962963,0.0002962962962962963,3,True,0.0014602955955198566,24,0,False,0.0018879920494356316,4800000,0.02374,0.25855,16,0.6172
625,0.0002962962962962963,0.0002962962962962963,3,True,0.0014613139318232448,25,0,False,0.001470478958553738,4808000,0.01455,0.26171,16,1.29172
626,0.0002962962962962963,0.0002962962962962963,3,True,0.00145227875636659,26,0,False,0.001370962177256697,4816000,0.01495,0.26032,16,1.21304
627,0.0002962962962962963,0.0002962962962962963,3,True,0.001446327111645417,27,0,False,0.0013927623091548596,4824000,0.0145,0.25978,16,1.28964
628,0.0002962962962962963,0.0002962962962962963,3,True,0.0014296864531629125,28,0,False,0.0012799205268203733,4832000,0.01325,0.25871,16,1.21433
629,0.0002962962962962963,0.0002962962962962963,3,True,0.0014307769405177426,29,0,False,0.001440591326711214,4840000,0.01747,0.25924,16,1.29026
630,0.0002962962962962963,0.0002962962962962963,3,True,0.0014367110167375658,30,0,False,0.0014901177027159757,4848000,0.01711,0.25854,16,1.21577
631,0.0002962962962962963,0.0002962962962962963,3,True,0.0014401601688312795,31,0,False,0.0014712025376747025,4856000,0.01477,0.26111,16,1.28606
632,0.0002962962962962963,0.0002962962962962963,3,True,0.0014193106424323185,32,0,False,0.0012316649048416703,4864000,0.01141,0.25966,16,1.21052
633,0.0002962962962962963,0.0002962962962962963,3,True,0.001403920614933975,33,0,False,0.0012654103674488838,4872000,0.01253,0.2592,16,1.20983
634,0.0002962962962962963,0.0002962962962962963,3,True,0.0013875403992583421,34,0,False,0.0012401184581776453,4880000,0.01166,0.25789,16,1.21049
635,0.0002962962962962963,0.0002962962962962963,3,True,0.0013699733888527812,35,0,False,0.0012118702952027328,4888000,0.01229,0.25682,16,1.20693
636,0.0002962962962962963,0.0002962962962962963,3,True,0.0013777470591083178,36,0,False,0.0014477100914081483,4896000,0.01533,0.26209,16,1.30043
637,0.0002962962962962963,0.0002962962962962963,3,True,0.0014137244894001507,37,0,False,0.0017375213620266484,4900000,0.02227,0.25547,16,0.67098
638,0.0002962962962962963,0.0002962962962962963,3,True,0.0014101970537478074,38,0,False,0.0013784501328767164,4908000,0.01569,0.25508,16,1.20446
639,0.0002962962962962963,0.0002962962962962963,3,True,0.001417269422603071,39,0,False,0.0014809207423004454,4916000,0.01502,0.25748,16,1.20327
640,0.0002962962962962963,0.0002962962962962963,3,True,0.0014198141477206815,40,0,False,0.0014427166737791763,4924000,0.01591,0.25742,16,1.29516
641,0.0002962962962962963,0.0002962962962962963,3,True,0.0014172320379297436,41,0,False,0.0013939930498113025,4932000,0.01248,0.25977,16,1.29014
642,0.0002962962962962963,0.0002962962962962963,3,True,0.00140849397433218,42,0,False,0.0013298514019541084,4940000,0.01323,0.25905,16,1.28517
643,0.0002962962962962963,0.0002962962962962963,3,True,0.0014274071964615047,43,0,False,0.0015976261956254267,4948000,0.01739,0.25877,16,1.20502
644,0.0002962962962962963,0.0002962962962962963,3,True,0.0014130896937536207,44,0,False,0.0012842321693826643,4956000,0.01113,0.26207,16,1.21672
645,0.0002962962962962963,0.0002962962962962963,3,True,0.0014040527904423247,45,0,False,0.0013227206606406601,4964000,0.01433,0.25981,16,1.21067
646,0.0002962962962962963,0.0002962962962962963,3,True,0.001399790390582915,46,0,False,0.0013614287918482268,4972000,0.01352,0.25659,16,1.30668
647,0.0002962962962962963,0.0002962962962962963,3,True,0.0013890504414058962,47,0,False,0.001292390898812728,4980000,0.01262,0.26171,16,1.20809
648,0.0002962962962962963,0.0002962962962962963,3,True,0.0013986030054320493,48,0,False,0.0014845760816674268,4988000,0.01646,0.25852,16,1.21167
649,0.0002962962962962963,0.0002962962962962963,3,True,0.0013862131265754754,49,0,False,0.0012747042168663092,4996000,0.01225,0.25764,16,1.21473
650,0.0002962962962962963,0.0002962962962962963,3,True,0.0014031013147164538,50,0,False,0.0015550950079852581,5000000,0.01932,0.25885,16,0.66902
651,0.0002962962962962963,0.0002962962962962963,3,True,0.001411971325659423,51,0,False,0.0014918014241461451,5008000,0.01644,0.25778,16,1.21287
652,0.0002962962962962963,0.0002962962962962963,3,True,0.0014352639289744588,52,0,False,0.0016448973588097807,5016000,0.01975,0.25869,16,1.28536
653,0.0002962962962962963,0.0002962962962962963,3,True,0.0014044539589899918,53,0,False,0.0011271642291297882,5024000,0.01123,0.25657,16,1.21536
654,0.0002962962962962963,0.0002962962962962963,3,True,0.0014079921773521734,54,0,False,0.0014398361426118083,5032000,0.01468,0.2607,16,1.20632
655,0.0002962962962962963,0.0002962962962962963,3,True,0.0014228461091372905,55,0,False,0.0015565314952033454,5040000,0.01865,0.25783,16,1.21428
656,0.0002962962962962963,0.0002962962962962963,3,True,0.0014261006401640167,56,0,False,0.001455391419404552,5048000,0.01723,0.25523,16,1.29024
657,0.0002962962962962963,0.0002962962962962963,3,True,0.0014106667313290755,57,0,False,0.0012717615518146042,5056000,0.01218,0.25713,16,1.21709
658,0.0002962962962962963,0.0002962962962962963,3,True,0.001380174407484475,58,0,False,0.001105743492883071,5064000,0.01055,0.25827,16,1.24947
659,0.0002962962962962963,0.0002962962962962963,3,True,0.0013774258799777895,59,0,False,0.0013526891324176199,5072000,0.01442,0.25804,16,1.20982
660,0.0002962962962962963,0.0002962962962962963,3,True,0.0013772091853449387,60,0,False,0.0013752589336492825,5080000,0.01413,0.25752,16,1.21417
661,0.0002962962962962963,0.0002962962962962963,3,True,0.0013594475449385797,61,0,False,0.0011995927812813493,5088000,0.01086,0.2565,16,1.21536
662,0.0002962962962962963,0.0002962962962962963,3,True,0.0013689745898770235,62,0,False,0.0014547179943230175,5096000,0.01444,0.25847,16,1.30473
663,0.0002962962962962963,0.0002962962962962963,3,True,0.0013802325062503146,63,0,False,0.0014815537536099356,5100000,0.0173,0.25671,16,0.62606
664,0.0002962962962962963,0.0002962962962962963,3,True,0.0013693053616433758,64,0,False,0.0012709610601809272,5108000,0.01413,0.25689,16,1.27964
665,0.0002962962962962963,0.0002962962962962963,3,True,0.0013666343830316143,65,0,False,0.0013425955755257595,5116000,0.01417,0.257,16,1.2838
666,0.0002962962962962963,0.0002962962962962963,3,True,0.0013622186413847044,66,0,False,0.0013224769665625147,5124000,0.01373,0.256,16,1.28215
667,0.0002962962962962963,0.0002962962962962963,3,True,0.0013533955275808042,67,0,False,0.0012739875033457024,5132000,0.01288,0.25897,16,1.28579
668,0.0002962962962962963,0.0002962962962962963,3,True,0.0013512866883625039,68,0,False,0.0013323071353977998,5140000,0.01406,0.25669,16,1.21839
669,0.0002962962962962963,0.0002962962962962963,3,True,0.001348673650770198,69,0,False,0.001325156312439444,5148000,0.01408,0.26214,16,1.26209
670,0.0002962962962962963,0.0002962962962962963,3,True,0.0013528524789778258,70,0,False,0.0013904619328464756,5156000,0.01495,0.25937,16,1.21061
671,0.0002962962962962963,0.0002962962962962963,3,True,0.001356652302401749,71,0,False,0.0013908507132170576,5164000,0.01479,0.25918,16,1.20822
672,0.0002962962962962963,0.0002962962962962963,3,True,0.0013565526859381399,72,0,False,0.0013556561377656583,5172000,0.01263,0.25784,16,1.29529
673,0.0002962962962962963,0.0002962962962962963,3,True,0.001382536683503162,73,0,False,0.0016163926615883626,5180000,0.01954,0.25649,16,1.20762
674,0.0002962962962962963,0.0002962962962962963,3,True,0.0013753760772036525,74,0,False,0.0013109306205080665,5188000,0.01204,0.25718,16,1.21656
675,0.0002962962962962963,0.0002962962962962963,3,True,0.0013612864982568067,75,0,False,0.0012344802877351931,5196000,0.01315,0.25465,16,1.28588
676,0.0002962962962962963,0.0002962962962962963,3,True,0.0013957279987431169,76,0,False,0.001705701503119909,5200000,0.0214,0.25383,16,0.65681
677,0.0002962962962962963,0.0002962962962962963,3,True,0.0014009178952850273,77,0,False,0.0014476269641622208,5208000,0.015,0.2541,16,1.21378
678,0.0002962962962962963,0.0002962962962962963,3,True,0.0014096639959307504,78,0,False,0.0014883789017422588,5216000,0.01851,0.25628,16,1.28901
679,0.0002962962962962963,0.0002962962962962963,3,True,0.0013901439996990628,79,0,False,0.001214464033613874,5224000,0.01275,0.25619,16,1.21643
680,0.0002962962962962963,0.0002962962962962963,3,True,0.0013886726333045064,80,0,False,0.0013754303357534966,5232000,0.01388,0.25669,16,1.28332
681,0.0002962962962962963,0.0002962962962962963,3,True,0.0013753353752526969,81,0,False,0.0012553000527864104,5240000,0.01277,0.2565,16,1.29182
682,0.0002962962962962963,0.0002962962962962963,3,True,0.0013884594602724186,82,0,False,0.0015065762254499163,5248000,0.01796,0.25684,16,1.2834
683,0.0002962962962962963,0.0002962962962962963,3,True,0.0013795049896052,83,0,False,0.001298914753600232,5256000,0.01338,0.25454,16,1.28801
684,0.0002962962962962963,0.0002962962962962963,3,True,0.0013741896506213667,84,0,False,0.0013263515997668665,5264000,0.01478,0.25428,16,1.28965
685,0.0002962962962962963,0.0002962962962962963,3,True,0.001372136516891163,85,0,False,0.0013536583133193297,5272000,0.01533,0.25516,16,1.29023
686,0.0002962962962962963,0.0002962962962962963,3,True,0.0014127892339114321,86,0,False,0.0017786636870938532,5280000,0.02191,0.26007,16,1.21586
687,0.0002962962962962963,0.0002962962962962963,3,True,0.0014055454989805162,87,0,False,0.0013403518846022728,5288000,0.01361,0.25879,16,1.29172
688,0.0002962962962962963,0.0002962962962962963,3,True,0.0014009736383469931,88,0,False,0.0013598268926452845,5296000,0.01618,0.25769,16,1.21699
689,0.0002962962962962963,0.0002962962962962963,3,True,0.0014191812604447448,89,0,False,0.0015830498593245087,5300000,0.01962,0.2609,16,0.62329
690,0.0002962962962962963,0.0002962962962962963,3,True,0.0014348931118055416,90,0,False,0.001576299774052714,5308000,0.01795,0.25642,16,1.21221
691,0.0002962962962962963,0.0002962962962962963,3,True,0.001421929839082986,91,0,False,0.0013052603845799848,5316000,0.01297,0.25735,16,1.28275
692,0.0002962962962962963,0.0002962962962962963,3,True,0.0014271484039860211,92,0,False,0.0014741154881133377,5324000,0.01601,0.25878,16,1.21617
693,0.0002962962962962963,0.0002962962962962963,3,True,0.0014242337364842564,93,0,False,0.0013980017289683736,5332000,0.01481,0.25345,16,1.20921
694,0.0002962962962962963,0.0002962962962962963,3,True,0.001417883870029156,94,0,False,0.0013607350719332502,5340000,0.0143,0.2566,16,1.19418
695,0.0002962962962962963,0.0002962962962962963,3,True,0.0014096686051412257,95,0,False,0.0013357312211498538,5348000,0.01354,0.2571,16,1.21043
696,0.0002962962962962963,0.0002962962962962963,3,True,0.0013873832806954188,96,0,False,0.0011868153606831558,5356000,0.01139,0.25658,16,1.28565
697,0.0002962962962962963,0.0002962962962962963,3,True,0.0014164067697683904,97,0,False,0.0016776181714251341,5364000,0.01995,0.25588,16,1.21515
698,0.0002962962962962963,0.0002962962962962963,3,True,0.0014111757336498505,98,0,False,0.0013640964085829914,5372000,0.01472,0.25815,16,1.30074
699,0.0002962962962962963,0.0002962962962962963,3,True,0.001397833669402631,99,0,False,0.001277755091177656,5380000,0.01254,0.26012,16,1.2163
700,0.0002962962962962963,0.00044444444444444447,2,True,0.0014017207193829308,0,100,True,0.0014367041692056291,5388000,0.01595,0.25694,16,1.29609
701,0.00044444444444444447,0.00044444444444444447,2,True,0.00141800146064394,0,99,False,0.0015645281319930226,5396000,0.01487,0.25671,16,1.21874
702,0.00044444444444444447,0.00044444444444444447,2,True,0.0014608951061023533,0,98,False,0.0018469379152280736,5400000,0.02174,0.25606,16,0.65871
703,0.00044444444444444447,0.00044444444444444447,2,True,0.0014408235646246564,0,97,False,0.0012601796913253847,5408000,0.01253,0.25827,16,1.20845
704,0.00044444444444444447,0.00044444444444444447,2,True,0.001462161641362391,0,96,False,0.001654204332002003,5416000,0.01792,0.25767,16,1.28684
705,0.00044444444444444447,0.00044444444444444447,2,True,0.0014595583280306418,0,95,False,0.0014361285080449007,5424000,0.01702,0.25952,16,1.21421
706,0.00044444444444444447,0.00044444444444444447,2,True,0.0014664270565355054,0,94,False,0.0015282456130792767,5432000,0.01636,0.25884,16,1.29202
707,0.00044444444444444447,0.00044444444444444447,2,True,0.0014773017469502643,0,93,False,0.0015751739606830954,5440000,0.01913,0.25645,16,1.22587
708,0.00044444444444444447,0.00044444444444444447,2,True,0.0014644585250564285,0,92,False,0.001348869528011907,5448000,0.01476,0.25767,16,1.19215
709,0.00044444444444444447,0.00044444444444444447,2,True,0.0014705736035910803,0,91,False,0.0015256093104029447,5456000,0.01662,0.25672,16,1.2885
710,0.00044444444444444447,0.00044444444444444447,2,True,0.0014637439339961456,0,90,False,0.001402276907641732,5464000,0.01362,0.25407,16,1.28012
711,0.00044444444444444447,0.00044444444444444447,2,True,0.00146340680778407,0,89,False,0.0014603726718753899,5472000,0.01644,0.25537,16,1.21299
712,0.00044444444444444447,0.00044444444444444447,2,True,0.0014660673765583537,0,88,False,0.0014900124955269068,5480000,0.01675,0.25723,16,1.20807
713,0.00044444444444444447,0.00044444444444444447,2,True,0.001461291228920224,0,87,False,0.0014183059001770572,5488000,0.01552,0.25543,16,1.21468
714,0.00044444444444444447,0.00044444444444444447,2,True,0.001466930435252579,0,86,False,0.0015176832922437745,5496000,0.01805,0.25993,16,1.21679
715,0.00044444444444444447,0.00044444444444444447,2,True,0.0014917148682903635,0,85,False,0.0017147747656304244,5500000,0.02041,0.25855,16,0.6138
716,0.00044444444444444447,0.00044444444444444447,2,True,0.0014753323912063438,0,84,False,0.0013278900974501657,5508000,0.012,0.25842,16,1.21156
717,0.00044444444444444447,0.00044444444444444447,2,True,0.0014861319538709815,0,83,False,0.0015833280178527212,5516000,0.01896,0.25602,16,1.28695
718,0.00044444444444444447,0.00044444444444444447,2,True,0.0014825068900027635,0,82,False,0.0014498813151888016,5524000,0.01611,0.25832,16,1.29693
719,0.00044444444444444447,0.00044444444444444447,2,True,0.0014804741436624206,0,81,False,0.0014621794265993338,5532000,0.01514,0.25904,16,1.28359
720,0.00044444444444444447,0.00044444444444444447,2,True,0.001471720717709927,0,80,False,0.0013929398841374837,5540000,0.01655,0.2568,16,1.29779
721,0.00044444444444444447,0.00044444444444444447,2,True,0.0014662812301185534,0,79,False,0.001417325841796192,5548000,0.01566,0.25481,16,1.21134
722,0.00044444444444444447,0.00044444444444444447,2,True,0.0014592754908933714,0,78,False,0.001396223837866733,5556000,0.01406,0.25787,16,1.21542
723,0.00044444444444444447,0.00044444444444444447,2,True,0.0014532009205471712,0,77,False,0.0013985297874313683,5564000,0.01543,0.25888,16,1.29902
724,0.00044444444444444447,0.00044444444444444447,2,True,0.001477054831207518,0,76,False,0.00169174002715064,5572000,0.01973,0.25735,16,1.29759
725,0.00044444444444444447,0.00044444444444444447,2,True,0.0014654890221851174,0,75,False,0.0013613967409835126,5580000,0.01452,0.2601,16,1.21062
726,0.00044444444444444447,0.00044444444444444447,2,True,0.0014604731038031233,0,74,False,0.0014153298383651764,5588000,0.01406,0.25909,16,1.2148
727,0.00044444444444444447,0.00044444444444444447,2,True,0.001464924384171919,0,73,False,0.0015049859074910783,5596000,0.01697,0.25963,16,1.29432
728,0.00044444444444444447,0.00044444444444444447,2,True,0.0014802607369002697,0,72,False,0.0016182879114554265,5600000,0.01952,0.2616,16,0.62131
729,0.00044444444444444447,0.00044444444444444447,2,True,0.0014798611079045137,0,71,False,0.0014762644469427093,5608000,0.01812,0.25577,16,1.28048
730,0.00044444444444444447,0.00044444444444444447,2,True,0.0014767040491303581,0,70,False,0.0014482905201629573,5616000,0.01422,0.25795,16,1.20808
731,0.00044444444444444447,0.00044444444444444447,2,True,0.0014781164292994723,0,69,False,0.0014908278508214989,5624000,0.01448,0.25833,16,1.28911
732,0.00044444444444444447,0.00044444444444444447,2,True,0.001453494500478663,0,68,False,0.0012318971410913778,5632000,0.01318,0.25726,16,1.28958
733,0.00044444444444444447,0.00044444444444444447,2,True,0.0014498954155864607,0,67,False,0.0014175036515566416,5640000,0.01585,0.25515,16,1.21007
734,0.00044444444444444447,0.00044444444444444447,2,True,0.0014568988357482355,0,66,False,0.0015199296172042085,5648000,0.01721,0.25384,16,1.29212
735,0.00044444444444444447,0.00044444444444444447,2,True,0.0014821621900041057,0,65,False,0.00170953237830694,5656000,0.01957,0.258,16,1.28887
736,0.00044444444444444447,0.00044444444444444447,2,True,0.0014731368583695533,0,64,False,0.0013919088736585807,5664000,0.01522,0.25875,16,1.29093
737,0.00044444444444444447,0.00044444444444444447,2,True,0.0014751761514184866,0,63,False,0.001493529788858886,5672000,0.01771,0.25786,16,1.29065
738,0.00044444444444444447,0.00044444444444444447,2,True,0.0014761242303746155,0,62,False,0.0014846569409797774,5680000,0.01585,0.25756,16,1.31851
739,0.00044444444444444447,0.00044444444444444447,2,True,0.001475866219382097,0,61,False,0.0014735441204494298,5688000,0.01562,0.25504,16,1.28268
740,0.00044444444444444447,0.00044444444444444447,2,True,0.0014738840477312174,0,60,False,0.001456044502873299,5696000,0.01585,0.25711,16,1.27438
741,0.00044444444444444447,0.00044444444444444447,2,True,0.001490257395047356,0,59,False,0.0016376175208926032,5700000,0.01879,0.25637,16,0.6599
742,0.00044444444444444447,0.00044444444444444447,2,True,0.0015012313110871422,0,58,False,0.0015999965554452187,5708000,0.01914,0.25604,16,1.28224
743,0.00044444444444444447,0.00044444444444444447,2,True,0.0015067754088299234,0,57,False,0.0015566722885149555,5716000,0.01617,0.25419,16,1.21001
744,0.00044444444444444447,0.00044444444444444447,2,True,0.0014998190656102608,0,56,False,0.0014372119766332988,5724000,0.01492,0.25647,16,1.36991
745,0.00044444444444444447,0.00044444444444444447,2,True,0.0014927253357725795,0,55,False,0.001428881767233448,5732000,0.01462,0.2584,16,1.29542
746,0.00044444444444444447,0.00044444444444444447,2,True,0.0014930861699129158,0,54,False,0.0014963336771759415,5740000,0.01773,0.25557,16,1.29515
747,0.00044444444444444447,0.00044444444444444447,2,True,0.0014896769801483133,0,53,False,0.0014589942722668906,5748000,0.01708,0.25505,16,1.22131
748,0.00044444444444444447,0.00044444444444444447,2,True,0.0014849990727427045,0,52,False,0.0014428979060922245,5756000,0.01304,0.2535,16,1.19334
749,0.00044444444444444447,0.00044444444444444447,2,True,0.0014840473493248766,0,51,False,0.0014754818385644237,5764000,0.01645,0.25677,16,1.28817
750,0.00044444444444444447,0.00044444444444444447,2,True,0.0014806047750614492,0,50,False,0.0014496216066906037,5772000,0.01606,0.25105,16,1.29133
751,0.00044444444444444447,0.00044444444444444447,2,True,0.0014869158757650266,0,49,False,0.0015437157820972218,5780000,0.01937,0.25102,16,1.32251
752,0.00044444444444444447,0.00044444444444444447,2,True,0.0014713362182115623,0,48,False,0.0013311193002303835,5788000,0.01468,0.25534,16,1.22081
753,0.00044444444444444447,0.00044444444444444447,2,True,0.0014630866876770216,0,47,False,0.0013888409128661563,5796000,0.01637,0.25663,16,1.3007
754,0.00044444444444444447,0.00044444444444444447,2,True,0.0014910607044024465,0,46,False,0.0017428268549312708,5800000,0.01954,0.25676,16,0.61634
755,0.00044444444444444447,0.00044444444444444447,2,True,0.0015049381973579674,0,45,False,0.0016298356339576544,5808000,0.01754,0.25719,16,1.21103
756,0.00044444444444444447,0.00044444444444444447,2,True,0.0015120107322037625,0,44,False,0.0015756635458159189,5816000,0.01761,0.25507,16,1.29878
757,0.00044444444444444447,0.00044444444444444447,2,True,0.0015002596674761513,0,43,False,0.001394500084927651,5824000,0.01428,0.2547,16,1.21355
758,0.00044444444444444447,0.00044444444444444447,2,True,0.00150348335127841,0,42,False,0.001532496505498739,5832000,0.01796,0.25892,16,1.285
759,0.00044444444444444447,0.00044444444444444447,2,True,0.0014846384738842224,0,41,False,0.0013150345773365333,5840000,0.01402,0.2567,16,1.29075
760,0.00044444444444444447,0.00044444444444444447,2,True,0.0014805901729289302,0,40,False,0.0014441554643312997,5848000,0.01332,0.25875,16,1.28204
761,0.00044444444444444447,0.00044444444444444447,2,True,0.0014948422253372139,0,39,False,0.0016231106970117646,5856000,0.01808,0.2561,16,1.2108
762,0.00044444444444444447,0.00044444444444444447,2,True,0.0014867933259397506,0,38,False,0.001414353231362581,5864000,0.01644,0.25893,16,1.20792
763,0.00044444444444444447,0.00044444444444444447,2,True,0.001477831884160199,0,37,False,0.0013971789081442352,5872000,0.0152,0.25533,16,1.21333
764,0.00044444444444444447,0.00044444444444444447,2,True,0.0014757861926223087,0,36,False,0.0014573749687812958,5880000,0.01673,0.25924,16,1.21044
765,0.00044444444444444447,0.00044444444444444447,2,True,0.0014668629564899179,0,35,False,0.001386553831298401,5888000,0.01615,0.25744,16,1.21091
766,0.00044444444444444447,0.00044444444444444447,2,True,0.0014569393877260756,0,34,False,0.0013676272688514957,5896000,0.01209,0.26031,16,1.21191
767,0.00044444444444444447,0.00044444444444444447,2,True,0.0015124379629104666,0,33,False,0.0020119251395699844,5900000,0.02642,0.25766,16,0.62252
768,0.00044444444444444447,0.00044444444444444447,2,True,0.0015065998996224132,0,32,False,0.0014540573300299328,5908000,0.01569,0.25587,16,1.22079
769,0.00044444444444444447,0.00044444444444444447,2,True,0.001498042438247858,0,31,False,0.0014210252858768621,5916000,0.01671,0.25477,16,1.22115
770,0.00044444444444444447,0.00044444444444444447,2,True,0.001483972974200398,0,30,False,0.0013573477977732594,5924000,0.01524,0.25639,16,1.21909
771,0.00044444444444444447,0.00044444444444444447,2,True,0.00148505751337328,0,29,False,0.0014948183659292188,5932000,0.01525,0.2555,16,1.21542
772,0.00044444444444444447,0.00044444444444444447,2,True,0.0014823367697630726,0,28,False,0.0014578500772712078,5940000,0.01499,0.25619,16,1.29207
773,0.00044444444444444447,0.00044444444444444447,2,True,0.0014749802332266716,0,27,False,0.001408771404399062,5948000,0.01268,0.25603,16,1.21891
774,0.00044444444444444447,0.00044444444444444447,2,True,0.0014757294390133151,0,26,False,0.0014824722910931087,5956000,0.01651,0.25584,16,1.3033
775,0.00044444444444444447,0.00044444444444444447,2,True,0.0014761109692152871,0,25,False,0.0014795447410330352,5964000,0.01414,0.2578,16,1.28548
776,0.00044444444444444447,0.00044444444444444447,2,True,0.0014743499932369695,0,24,False,0.001458501209432111,5972000,0.0148,0.25514,16,1.2149
777,0.00044444444444444447,0.00044444444444444447,2,True,0.0014619938700367874,0,23,False,0.0013507887612351469,5980000,0.0157,0.25444,16,1.22568
778,0.00044444444444444447,0.00044444444444444447,2,True,0.0014533880289030637,0,22,False,0.0013759354586995497,5988000,0.0143,0.2557,16,1.21217
779,0.00044444444444444447,0.00044444444444444447,2,True,0.0014492487526321328,0,21,False,0.0014119952661937561,5996000,0.01671,0.25384,16,1.19647
780,0.00044444444444444447,0.00044444444444444447,2,True,0.0014913849048020776,0,20,False,0.00187061027433158,6000000,0.0248,0.25355,16,0.62962
781,0.00044444444444444447,0.00044444444444444447,2,True,0.0014998823885628756,0,19,False,0.0015763597424100573,6008000,0.01805,0.25509,16,1.2938
782,0.00044444444444444447,0.00044444444444444447,2,True,0.001469134603528989,0,18,False,0.0011924045382240094,6016000,0.01152,0.25495,16,1.21158
783,0.00044444444444444447,0.00044444444444444447,2,True,0.0014723595662941523,0,17,False,0.0015013842311806225,6024000,0.01663,0.25182,16,1.29236
784,0.00044444444444444447,0.00044444444444444447,2,True,0.0014727636118974854,0,16,False,0.0014764000223274822,6032000,0.01469,0.25552,16,1.22448
785,0.00044444444444444447,0.00044444444444444447,2,True,0.0014791414917265768,0,15,False,0.0015365424101884003,6040000,0.01631,0.25537,16,1.29953
786,0.00044444444444444447,0.00044444444444444447,2,True,0.001470583842605729,0,14,False,0.0013935650005180982,6048000,0.01486,0.25281,16,1.29516
787,0.00044444444444444447,0.00044444444444444447,2,True,0.0014781573001467524,0,13,False,0.0015463184180159635,6056000,0.01897,0.25231,16,1.2933
788,0.00044444444444444447,0.00044444444444444447,2,True,0.0014872875221467199,0,12,False,0.0015694595201464255,6064000,0.01836,0.25347,16,1.21375
789,0.00044444444444444447,0.00044444444444444447,2,True,0.0014733559696432363,0,11,False,0.0013479719971118843,6072000,0.01388,0.25355,16,1.2757
790,0.00044444444444444447,0.00044444444444444447,2,True,0.0014655342098740655,0,10,False,0.0013951383719515277,6080000,0.01708,0.25609,16,1.21163
791,0.00044444444444444447,0.00044444444444444447,2,True,0.0014763102173675185,0,9,False,0.0015732942848085962,6088000,0.01819,0.25612,16,1.21278
792,0.00044444444444444447,0.00044444444444444447,2,True,0.001467194650883289,0,8,False,0.0013851545525252222,6096000,0.01377,0.25352,16,1.19534
793,0.00044444444444444447,0.00044444444444444447,2,True,0.00149300768300917,0,7,False,0.001725324972142099,6100000,0.01848,0.25234,16,0.61453
794,0.00044444444444444447,0.00044444444444444447,2,True,0.0014917191882202663,0,6,False,0.001480122735120133,6108000,0.01733,0.25093,16,1.27803
795,0.00044444444444444447,0.00044444444444444447,2,True,0.0014809579439397894,0,5,False,0.0013841067454154975,6116000,0.01549,0.25442,16,1.21454
796,0.00044444444444444447,0.00044444444444444447,2,True,0.001483455791671757,0,4,False,0.0015059364212594668,6124000,0.01596,0.25217,16,1.29696
797,0.00044444444444444447,0.00044444444444444447,2,True,0.001491519225009489,0,3,False,0.0015640901250490774,6132000,0.01751,0.25535,16,1.29112
798,0.00044444444444444447,0.00044444444444444447,2,True,0.0014819560228992393,0,2,False,0.0013958872039069906,6140000,0.01472,0.25467,16,1.29017
799,0.00044444444444444447,0.00044444444444444447,2,True,0.001491094306556945,0,1,False,0.0015733388594762969,6148000,0.01746,0.25229,16,1.21046
800,0.00044444444444444447,0.00044444444444444447,2,True,0.0014727310717820795,0,0,False,0.0013074619588082886,6156000,0.01455,0.25482,16,1.21035
801,0.00044444444444444447,0.00044444444444444447,2,True,0.0014755985880615338,1,0,False,0.0015014062345766225,6164000,0.01677,0.25157,16,1.21253
802,0.00044444444444444447,0.00044444444444444447,2,True,0.0014778325041305829,2,0,False,0.0014979377487520263,6172000,0.01667,0.25407,16,1.30192
803,0.00044444444444444447,0.00044444444444444447,2,True,0.0014847817130371535,3,0,False,0.0015473245931962888,6180000,0.01814,0.25461,16,1.21946
804,0.00044444444444444447,0.00044444444444444447,2,True,0.0014832114085470047,4,0,False,0.0014690786681356652,6188000,0.01606,0.25625,16,1.29296
805,0.00044444444444444447,0.00044444444444444447,2,True,0.0014773684528547838,5,0,False,0.0014247818516247939,6196000,0.01621,0.25372,16,1.21487
806,0.00044444444444444447,0.00044444444444444447,2,True,0.001517524991147622,6,0,False,0.0018789338357831664,6200000,0.02452,0.25707,16,0.66745
807,0.00044444444444444447,0.00044444444444444447,2,True,0.0015017701042132393,7,0,False,0.0013599761218037953,6208000,0.01455,0.25434,16,1.20751
808,0.00044444444444444447,0.00044444444444444447,2,True,0.001500204919415298,8,0,False,0.0014861182562338278,6216000,0.01649,0.25183,16,1.21046
809,0.00044444444444444447,0.00044444444444444447,2,True,0.0015014246546249136,9,0,False,0.0015124022715114528,6224000,0.01832,0.25178,16,1.20887
810,0.00044444444444444447,0.00044444444444444447,2,True,0.001516968512678151,10,0,False,0.0016568632351572877,6232000,0.02076,0.25182,16,1.2931
811,0.00044444444444444447,0.00044444444444444447,2,True,0.0015232773422957225,11,0,False,0.0015800568088538672,6240000,0.01808,0.25396,16,1.29945
812,0.00044444444444444447,0.00044444444444444447,2,True,0.0015317605512973481,12,0,False,0.0016081094323119772,6248000,0.01926,0.25357,16,1.21144
813,0.00044444444444444447,0.00044444444444444447,2,True,0.001532923000916926,13,0,False,0.0015433850474931283,6256000,0.01857,0.25464,16,1.21414
814,0.00044444444444444447,0.00044444444444444447,2,True,0.0015122596844754591,14,0,False,0.0013262898365022568,6264000,0.01441,0.25263,16,1.29051
815,0.00044444444444444447,0.00044444444444444447,2,True,0.0015044595303650727,15,0,False,0.0014342581433715966,6272000,0.01334,0.25177,16,1.30028
816,0.00044444444444444447,0.00044444444444444447,2,True,0.0014997279118500718,16,0,False,0.0014571433452150626,6280000,0.01717,0.25323,16,1.21296
817,0.00044444444444444447,0.00044444444444444447,2,True,0.001484444027532276,17,0,False,0.0013468890686721168,6288000,0.01467,0.25517,16,1.27678
818,0.00044444444444444447,0.00044444444444444447,2,True,0.0014656674724984422,18,0,False,0.0012966784771939386,6296000,0.0127,0.2533,16,1.22218
819,0.00044444444444444447,0.00044444444444444447,2,True,0.0014815410592110031,19,0,False,0.00162440333962405,6300000,0.01959,0.25304,16,0.6191
820,0.00044444444444444447,0.00044444444444444447,2,True,0.0014793896623030993,20,0,False,0.001460027090131964,6308000,0.01554,0.24933,16,1.27723
821,0.00044444444444444447,0.00044444444444444447,2,True,0.0014605804380480145,21,0,False,0.0012912974197522525,6316000,0.01226,0.25351,16,1.27534
822,0.00044444444444444447,0.00044444444444444447,2,True,0.001456947340301328,22,0,False,0.0014242494605811499,6324000,0.01275,0.25252,16,1.21317
823,0.00044444444444444447,0.00044444444444444447,2,True,0.0014523420777092844,23,0,False,0.001410894714380892,6332000,0.01424,0.25481,16,1.21191
824,0.00044444444444444447,0.00044444444444444447,2,True,0.0014357868362490959,24,0,False,0.0012867896631073984,6340000,0.01276,0.25388,16,1.21897
825,0.00044444444444444447,0.00044444444444444447,2,True,0.0014318632488412783,25,0,False,0.0013965509621709212,6348000,0.01617,0.2552,16,1.21709
826,0.00044444444444444447,0.00044444444444444447,2,True,0.0014482707011222525,26,0,False,0.0015959377716510195,6356000,0.01878,0.25404,16,1.21224
827,0.00044444444444444447,0.00044444444444444447,2,True,0.001446779269858116,27,0,False,0.0014333563884808861,6364000,0.01452,0.25459,16,1.21847
828,0.00044444444444444447,0.00044444444444444447,2,True,0.0014501878288412018,28,0,False,0.001480864859688976,6372000,0.01756,0.25134,16,1.21361
829,0.00044444444444444447,0.00044444444444444447,2,True,0.001458430690034828,29,0,False,0.0015326164407774648,6380000,0.01732,0.25468,16,1.22085
830,0.00044444444444444447,0.00044444444444444447,2,True,0.0014358416187891503,30,0,False,0.00123253997757805,6388000,0.01305,0.25317,16,1.21271
831,0.00044444444444444447,0.00044444444444444447,2,True,0.001429598609321437,31,0,False,0.001373411524112018,6396000,0.01418,0.25562,16,1.21779
832,0.00044444444444444447,0.00044444444444444447,2,True,0.0014292603693390775,32,0,False,0.0014262162094978415,6400000,0.01895,0.25434,16,0.68406
833,0.00044444444444444447,0.00044444444444444447,2,True,0.0014193919988876244,33,0,False,0.001330576664824547,6408000,0.0136,0.25528,16,1.21007
834,0.00044444444444444447,0.00044444444444444447,2,True,0.0014063297462772154,34,0,False,0.0012887694727835343,6416000,0.01236,0.25126,16,1.29332
835,0.00044444444444444447,0.00044444444444444447,2,True,0.001391478192153617,35,0,False,0.0012578142050412322,6424000,0.01275,0.25038,16,1.21169
836,0.00044444444444444447,0.00044444444444444447,2,True,0.0013771523975510817,36,0,False,0.0012482202461282627,6432000,0.01406,0.25247,16,1.21877
837,0.00044444444444444447,0.00044444444444444447,2,True,0.0013808363927816905,37,0,False,0.001413992349857171,6440000,0.01482,0.25028,16,1.21021
838,0.00044444444444444447,0.00044444444444444447,2,True,0.0013683144142470247,38,0,False,0.0012556166074350326,6448000,0.01273,0.25004,16,1.21581
839,0.00044444444444444447,0.00044444444444444447,2,True,0.001382917162415161,39,0,False,0.0015143418959283864,6456000,0.01658,0.25153,16,1.23805
840,0.00044444444444444447,0.00044444444444444447,2,True,0.0014067841475262593,40,0,False,0.0016215870135261447,6464000,0.01957,0.2529,16,1.21811
841,0.00044444444444444447,0.00044444444444444447,2,True,0.0014212437961805123,41,0,False,0.0015513806340687888,6472000,0.01613,0.25141,16,1.30709
842,0.00044444444444444447,0.00044444444444444447,2,True,0.0014465202140330651,42,0,False,0.0016740079747060391,6480000,0.01869,0.249,16,1.21334
843,0.00044444444444444447,0.00044444444444444447,2,True,0.0014402944847357328,43,0,False,0.0013842629210597418,6488000,0.01365,0.25273,16,1.20952
844,0.00044444444444444447,0.00044444444444444447,2,True,0.0014423814523234942,44,0,False,0.0014611641606133467,6496000,0.016,0.2537,16,1.21446
845,0.00044444444444444447,0.00044444444444444447,2,True,0.001475466596865459,45,0,False,0.001773232897743142,6500000,0.02301,0.25342,16,0.66721
846,0.00044444444444444447,0.00044444444444444447,2,True,0.0014615299390685354,46,0,False,0.001336100018896224,6508000,0.01366,0.25153,16,1.21676
847,0.00044444444444444447,0.00044444444444444447,2,True,0.001441998152903772,47,0,False,0.0012662120774209024,6516000,0.01165,0.25063,16,1.29701
848,0.00044444444444444447,0.00044444444444444447,2,True,0.0014340147109099368,48,0,False,0.00136216373296542,6524000,0.01539,0.2493,16,1.21645
849,0.00044444444444444447,0.00044444444444444447,2,True,0.0014428894978903834,49,0,False,0.0015227625807144032,6532000,0.01722,0.24817,16,1.28944
850,0.00044444444444444447,0.00044444444444444447,2,True,0.001438293744365144,50,0,False,0.0013969319626379881,6540000,0.01685,0.25213,16,1.22001
851,0.00044444444444444447,0.00044444444444444447,2,True,0.0014538401708886132,51,0,False,0.0015937580095998364,6548000,0.01816,0.25426,16,1.20671
852,0.00044444444444444447,0.00044444444444444447,2,True,0.001448890208118159,52,0,False,0.0014043405431840694,6556000,0.01599,0.25371,16,1.27995
853,0.00044444444444444447,0.00044444444444444447,2,True,0.0014530825195951847,53,0,False,0.0014908133228884164,6564000,0.01586,0.25287,16,1.29686
854,0.00044444444444444447,0.00044444444444444447,2,True,0.0014452306493347306,54,0,False,0.0013745638169906432,6572000,0.01487,0.24956,16,1.29603
855,0.00044444444444444447,0.00044444444444444447,2,True,0.0014418867940300436,55,0,False,0.0014117920962878612,6580000,0.01581,0.25155,16,1.20955
856,0.00044444444444444447,0.00044444444444444447,2,True,0.0014382676085732918,56,0,False,0.0014056949394625246,6588000,0.01476,0.2528,16,1.32269
857,0.00044444444444444447,0.00044444444444444447,2,True,0.0014211126451572405,57,0,False,0.0012667179744127786,6596000,0.01243,0.24906,16,1.21294
858,0.00044444444444444447,0.00044444444444444447,2,True,0.0014204391803895478,58,0,False,0.0014143779974803128,6600000,0.01745,0.25303,16,0.66447
859,0.00044444444444444447,0.00044444444444444447,2,True,0.001423740330417007,59,0,False,0.0014534506806641399,6608000,0.01803,0.2509,16,1.21426
860,0.00044444444444444447,0.00044444444444444447,2,True,0.0014128361488691136,60,0,False,0.001314698514938072,6616000,0.01492,0.25095,16,1.21182
861,0.00044444444444444447,0.00044444444444444447,2,True,0.001407127821277691,61,0,False,0.0013557528729548887,6624000,0.01406,0.24999,16,1.28053
862,0.00044444444444444447,0.00044444444444444447,2,True,0.0013759896782337213,62,0,False,0.0010957463908379944,6632000,0.011,0.25102,16,1.28398
863,0.00044444444444444447,0.00044444444444444447,2,True,0.0013868452843334652,63,0,False,0.0014845457392311599,6640000,0.0164,0.25498,16,1.20879
864,0.00044444444444444447,0.00044444444444444447,2,True,0.0013986497296952043,64,0,False,0.0015048897379508572,6648000,0.01865,0.25171,16,1.21228
865,0.00044444444444444447,0.00044444444444444447,2,True,0.0013966579947927809,65,0,False,0.0013787323806709708,6656000,0.01448,0.25112,16,1.20977
866,0.00044444444444444447,0.00044444444444444447,2,True,0.0013950584977346877,66,0,False,0.0013806630242118496,6664000,0.01528,0.25063,16,1.28757
867,0.00044444444444444447,0.00044444444444444447,2,True,0.0014213571669171438,67,0,False,0.0016580451895592471,6672000,0.01677,0.25585,16,1.20543
868,0.00044444444444444447,0.00044444444444444447,2,True,0.0014353019073124165,68,0,False,0.0015608045708698714,6680000,0.01566,0.25277,16,1.20612
869,0.00044444444444444447,0.00044444444444444447,2,True,0.0014349379105740576,69,0,False,0.0014316619399288271,6688000,0.01525,0.25429,16,1.21356
870,0.00044444444444444447,0.00044444444444444447,2,True,0.0014377076097429786,70,0,False,0.0014626349022632686,6696000,0.01721,0.25383,16,1.30471
871,0.00044444444444444447,0.00044444444444444447,2,True,0.001443982926700497,71,0,False,0.001500460779318163,6700000,0.01842,0.2535,16,0.61414
872,0.00044444444444444447,0.00044444444444444447,2,True,0.0014283475396405813,72,0,False,0.0012876290561013386,6708000,0.01362,0.25272,16,1.2169
873,0.00044444444444444447,0.00044444444444444447,2,True,0.0014309019683809718,73,0,False,0.0014538918270444877,6716000,0.01797,0.25446,16,1.28974
874,0.00044444444444444447,0.00044444444444444447,2,True,0.001427713663852273,74,0,False,0.0013990189230939825,6724000,0.01359,0.25106,16,1.28837
875,0.00044444444444444447,0.00044444444444444447,2,True,0.0014377247212992014,75,0,False,0.0015278242383215575,6732000,0.01712,0.25072,16,1.30068
876,0.00044444444444444447,0.00044444444444444447,2,True,0.0014420674142743327,76,0,False,0.0014811516510505162,6740000,0.01786,0.2505,16,1.22413
877,0.00044444444444444447,0.00044444444444444447,2,True,0.001439219069196938,77,0,False,0.0014135839635003827,6748000,0.01461,0.24841,16,1.3024
878,0.00044444444444444447,0.00044444444444444447,2,True,0.0014459617835017784,78,0,False,0.0015066462122453434,6756000,0.01842,0.25402,16,1.21743
879,0.00044444444444444447,0.00044444444444444447,2,True,0.0014500043696157906,79,0,False,0.001486387644641902,6764000,0.01813,0.25336,16,1.22112
880,0.00044444444444444447,0.00044444444444444447,2,True,0.0014267478141823128,80,0,False,0.001217438815281013,6772000,0.01184,0.25075,16,1.21685
881,0.00044444444444444447,0.00044444444444444447,2,True,0.001428284115456142,81,0,False,0.0014421108269206048,6780000,0.01608,0.25438,16,1.2126
882,0.00044444444444444447,0.00044444444444444447,2,True,0.001414241732226442,82,0,False,0.0012878602831591427,6788000,0.01314,0.25072,16,1.21405
883,0.00044444444444444447,0.00044444444444444447,2,True,0.0014229471254770417,83,0,False,0.0015012956647324394,6796000,0.01519,0.25255,16,1.21266
884,0.00044444444444444447,0.00044444444444444447,2,True,0.0014512480328115005,84,0,False,0.0017059561988216297,6800000,0.02118,0.24629,16,0.65335
885,0.00044444444444444447,0.00044444444444444447,2,True,0.0014437826971360882,85,0,False,0.001376594676057378,6808000,0.01471,0.25073,16,1.29049
886,0.00044444444444444447,0.00044444444444444447,2,True,0.0014348641019891154,86,0,False,0.0013545967456663594,6816000,0.01464,0.25264,16,1.27937
887,0.00044444444444444447,0.00044444444444444447,2,True,0.001419735411314852,87,0,False,0.0012835771952464812,6824000,0.01413,0.2519,16,1.20925
888,0.00044444444444444447,0.00044444444444444447,2,True,0.0014183787065437986,88,0,False,0.0014061683636043172,6832000,0.01405,0.25408,16,1.33648
889,0.00044444444444444447,0.00044444444444444447,2,True,0.0014178468622135132,89,0,False,0.0014130602632409456,6840000,0.01457,0.25073,16,1.29354
890,0.00044444444444444447,0.00044444444444444447,2,True,0.0014197688283522033,90,0,False,0.0014370665236004138,6848000,0.01678,0.24964,16,1.29239
891,0.00044444444444444447,0.00044444444444444447,2,True,0.0014125886494386348,91,0,False,0.0013479670392165192,6856000,0.01599,0.2524,16,1.21264
892,0.00044444444444444447,0.00044444444444444447,2,True,0.0014056904657855256,92,0,False,0.0013436068129075432,6864000,0.01541,0.24998,16,1.31184
893,0.00044444444444444447,0.00044444444444444447,2,True,0.0014137633747620384,93,0,False,0.0014864195555506544,6872000,0.01711,0.25563,16,1.28918
894,0.00044444444444444447,0.00044444444444444447,2,True,0.001416808240333349,94,0,False,0.0014442120304751455,6880000,0.01634,0.25578,16,1.21561
895,0.00044444444444444447,0.00044444444444444447,2,True,0.001410899092609033,95,0,False,0.001357716763090187,6888000,0.01512,0.25427,16,1.21539
896,0.00044444444444444447,0.00044444444444444447,2,True,0.0014101893852163994,96,0,False,0.0014038020186826951,6896000,0.01573,0.25581,16,1.30275
897,0.00044444444444444447,0.00044444444444444447,2,True,0.0014635282129906702,97,0,False,0.0019435776629591066,6900000,0.02281,0.25137,16,0.6185
898,0.00044444444444444447,0.00044444444444444447,2,True,0.001448694158318041,98,0,False,0.0013151876662643772,6908000,0.0124,0.25419,16,1.28849
899,0.00044444444444444447,0.00044444444444444447,2,True,0.0014539038659927286,99,0,False,0.0015007912350649183,6916000,0.01787,0.25306,16,1.30091
900,0.00044444444444444447,0.0006666666666666666,1,True,0.001435600113906897,0,100,True,0.0012708663451344126,6924000,0.01296,0.25403,16,1.29854
901,0.0006666666666666666,0.0006666666666666666,1,True,0.0014722406359688788,0,99,False,0.0018020053345267158,6932000,0.02161,0.25248,16,1.22647
902,0.0006666666666666666,0.0006666666666666666,1,True,0.0014788177478711904,0,98,False,0.0015380117549919944,6940000,0.01778,0.25153,16,1.29918
903,0.0006666666666666666,0.0006666666666666666,1,True,0.0014747055075520618,0,97,False,0.0014376953446799052,6948000,0.01774,0.25427,16,1.22015
904,0.0006666666666666666,0.0006666666666666666,1,True,0.001471792247049727,0,96,False,0.001445572902528714,6956000,0.01759,0.25485,16,1.30919
905,0.0006666666666666666,0.0006666666666666666,1,True,0.0014650643701521282,0,95,False,0.0014045134780737393,6964000,0.01622,0.25209,16,1.29521
906,0.0006666666666666666,0.0006666666666666666,1,True,0.0014835751790380455,0,94,False,0.0016501724590113015,6972000,0.01811,0.25426,16,1.22041
907,0.0006666666666666666,0.0006666666666666666,1,True,0.0014753694604525025,0,93,False,0.001401517993182616,6980000,0.01472,0.25458,16,1.30291
908,0.0006666666666666666,0.0006666666666666666,1,True,0.001469426088409123,0,92,False,0.0014159357400187057,6988000,0.0162,0.2499,16,1.22586
909,0.0006666666666666666,0.0006666666666666666,1,True,0.0014878495124535616,0,91,False,0.0016536603288535119,6996000,0.02187,0.25004,16,1.21565
910,0.0006666666666666666,0.0006666666666666666,1,True,0.001505774494055559,0,90,False,0.001667099328473533,7000000,0.02178,0.25662,16,0.61863
911,0.0006666666666666666,0.0006666666666666666,1,True,0.001493436896255663,0,89,False,0.0013823985160565982,7008000,0.01581,0.25295,16,1.29992
912,0.0006666666666666666,0.0006666666666666666,1,True,0.0015042724910033652,0,88,False,0.0016017928437326856,7016000,0.01915,0.25654,16,1.19779
913,0.0006666666666666666,0.0006666666666666666,1,True,0.0015230374897957986,0,87,False,0.0016919224789276994,7024000,0.0183,0.25782,16,1.21137
914,0.0006666666666666666,0.0006666666666666666,1,True,0.0015325394688819672,0,86,False,0.001618057280657485,7032000,0.0194,0.25247,16,1.24625
915,0.0006666666666666666,0.0006666666666666666,1,True,0.0015394268653739533,0,85,False,0.0016014134338018285,7040000,0.01335,0.2519,16,1.20681
916,0.0006666666666666666,0.0006666666666666666,1,True,0.0015526173451988353,0,84,False,0.0016713316636227733,7048000,0.02083,0.25161,16,1.21046
917,0.0006666666666666666,0.0006666666666666666,1,True,0.0015550983814067183,0,83,False,0.001577427707277667,7056000,0.01559,0.25459,16,1.21094
918,0.0006666666666666666,0.0006666666666666666,1,True,0.0015565093622051244,0,82,False,0.0015692081893907788,7064000,0.01724,0.2547,16,1.29004
919,0.0006666666666666666,0.0006666666666666666,1,True,0.0015499952809802926,0,81,False,0.0014913685499568063,7072000,0.01756,0.25134,16,1.21432
920,0.0006666666666666666,0.0006666666666666666,1,True,0.0015408935281553192,0,80,False,0.001458977752730558,7080000,0.01649,0.24878,16,1.29454
921,0.0006666666666666666,0.0006666666666666666,1,True,0.0015279417831044035,0,79,False,0.0014113760776461623,7088000,0.01696,0.25116,16,1.21925
922,0.0006666666666666666,0.0006666666666666666,1,True,0.0015338779272388438,0,78,False,0.0015873032244488059,7096000,0.01958,0.25269,16,1.29982
923,0.0006666666666666666,0.0006666666666666666,1,True,0.0015876205809661783,0,77,False,0.0020713044645121904,7100000,0.0246,0.25278,16,0.62124
924,0.0006666666666666666,0.0006666666666666666,1,True,0.0016019369493606998,0,76,False,0.001730784264911395,7108000,0.01813,0.24933,16,1.21708
925,0.0006666666666666666,0.0006666666666666666,1,True,0.0015989930212601871,0,75,False,0.0015724976683555738,7116000,0.01828,0.2535,16,1.21352
926,0.0006666666666666666,0.0006666666666666666,1,True,0.0015828859951607997,0,74,False,0.0014379227602663123,7124000,0.01621,0.25245,16,1.28783
927,0.0006666666666666666,0.0006666666666666666,1,True,0.0015859791280897774,0,73,False,0.0016138173244505778,7132000,0.01982,0.25438,16,1.2128
928,0.0006666666666666666,0.0006666666666666666,1,True,0.001584297680524131,0,72,False,0.0015691646524333136,7140000,0.01917,0.25155,16,1.2707
929,0.0006666666666666666,0.0006666666666666666,1,True,0.0015665949994649918,0,71,False,0.0014072708699327382,7148000,0.01725,0.25137,16,1.30095
930,0.0006666666666666666,0.0006666666666666666,1,True,0.0015543547189305874,0,70,False,0.001444192194120947,7156000,0.0164,0.25316,16,1.21359
931,0.0006666666666666666,0.0006666666666666666,1,True,0.001557193806595526,0,69,False,0.001582745595579974,7164000,0.01934,0.25177,16,1.21725
932,0.0006666666666666666,0.0006666666666666666,1,True,0.001561303014677548,0,68,False,0.0015982858874157473,7172000,0.01694,0.25318,16,1.29678
933,0.0006666666666666666,0.0006666666666666666,1,True,0.0015796856945078058,0,67,False,0.001745129812980127,7180000,0.0232,0.25569,16,1.29287
934,0.0006666666666666666,0.0006666666666666666,1,True,0.001560165202070031,0,66,False,0.0013844807701300559,7188000,0.01546,0.253,16,1.21885
935,0.0006666666666666666,0.0006666666666666666,1,True,0.0015801078619346195,0,65,False,0.001759591800715917,7196000,0.02316,0.2531,16,1.21699
936,0.0006666666666666666,0.0006666666666666666,1,True,0.0016013444957342776,0,64,False,0.0017924741999312027,7200000,0.02039,0.25787,16,0.62462
937,0.0006666666666666666,0.0006666666666666666,1,True,0.001581835722026918,0,63,False,0.0014062567586606818,7208000,0.01719,0.25404,16,1.21238
938,0.0006666666666666666,0.0006666666666666666,1,True,0.0015708989842091684,0,62,False,0.0014724683438494214,7216000,0.01636,0.2533,16,1.28518
939,0.0006666666666666666,0.0006666666666666666,1,True,0.0015814445140274168,0,61,False,0.0016763542823916532,7224000,0.02049,0.25216,16,1.29363
940,0.0006666666666666666,0.0006666666666666666,1,True,0.0015917142140374884,0,60,False,0.0016841415141281328,7232000,0.02021,0.25128,16,1.28518
941,0.0006666666666666666,0.0006666666666666666,1,True,0.0015888265451638728,0,59,False,0.0015628375253013327,7240000,0.019,0.25551,16,1.29679
942,0.0006666666666666666,0.0006666666666666666,1,True,0.0015742121437499563,0,58,False,0.0014426825310247077,7248000,0.01698,0.25395,16,1.19816
943,0.0006666666666666666,0.0006666666666666666,1,True,0.0015714642129176285,0,57,False,0.001546732835426678,7256000,0.01807,0.24921,16,1.2122
944,0.0006666666666666666,0.0006666666666666666,1,True,0.001561726435108618,0,56,False,0.0014740864348275257,7264000,0.01784,0.2544,16,1.28873
945,0.0006666666666666666,0.0006666666666666666,1,True,0.0015692389264164042,0,55,False,0.0016368513481864798,7272000,0.01839,0.25321,16,1.29799
946,0.0006666666666666666,0.0006666666666666666,1,True,0.001578643296758044,0,54,False,0.0016632826298328001,7280000,0.02057,0.25535,16,1.28692
947,0.0006666666666666666,0.0006666666666666666,1,True,0.0015698616603012378,0,53,False,0.0014908269321899828,7288000,0.01737,0.25238,16,1.21639
948,0.0006666666666666666,0.0006666666666666666,1,True,0.0015617438282390839,0,52,False,0.001488683339679698,7296000,0.01651,0.25349,16,1.28389
949,0.0006666666666666666,0.0006666666666666666,1,True,0.0016004969677419515,0,51,False,0.0019492752232677618,7300000,0.0259,0.25495,16,0.66766
950,0.0006666666666666666,0.0006666666666666666,1,True,0.0016155684711305976,0,50,False,0.0017512120016284123,7308000,0.01996,0.25192,16,1.27391
951,0.0006666666666666666,0.0006666666666666666,1,True,0.0015981451370081852,0,49,False,0.0014413351299064749,7316000,0.0174,0.25284,16,1.29286
952,0.0006666666666666666,0.0006666666666666666,1,True,0.0015996682368698137,0,48,False,0.0016133761356244703,7324000,0.01852,0.25683,16,1.27802
953,0.0006666666666666666,0.0006666666666666666,1,True,0.001600575919613278,0,47,False,0.001608745064304457,7332000,0.01968,0.25143,16,1.21416
954,0.0006666666666666666,0.0006666666666666666,1,True,0.0016091320668540974,0,46,False,0.001686137392021473,7340000,0.01905,0.25672,16,1.2935
955,0.0006666666666666666,0.0006666666666666666,1,True,0.0016204617380082937,0,45,False,0.00172242877839606,7348000,0.02198,0.25227,16,1.321
956,0.0006666666666666666,0.0006666666666666666,1,True,0.001624704319197633,0,44,False,0.001662887549901687,7356000,0.0195,0.25446,16,1.28853
957,0.0006666666666666666,0.0006666666666666666,1,True,0.0016116741671054339,0,43,False,0.001494402798275641,7364000,0.01731,0.25261,16,1.28849
958,0.0006666666666666666,0.0006666666666666666,1,True,0.001608366982896924,0,42,False,0.001578602325020335,7372000,0.01774,0.25509,16,1.22003
959,0.0006666666666666666,0.0006666666666666666,1,True,0.0016079616567958247,0,41,False,0.0016043137218859315,7380000,0.01998,0.25311,16,1.21201
960,0.0006666666666666666,0.0006666666666666666,1,True,0.0016048853738865544,0,40,False,0.001577198827703121,7388000,0.01767,0.25485,16,1.28799
961,0.0006666666666666666,0.0006666666666666666,1,True,0.001600198117712871,0,39,False,0.0015580128121497206,7396000,0.0185,0.25179,16,1.29919
962,0.0006666666666666666,0.0006666666666666666,1,True,0.001610546137648416,0,38,False,0.0017036783170683199,7400000,0.02212,0.25207,16,0.66908
963,0.0006666666666666666,0.0006666666666666666,1,True,0.0016016301493711094,0,37,False,0.0015213862548753509,7408000,0.01765,0.25355,16,1.21692
964,0.0006666666666666666,0.0006666666666666666,1,True,0.0015985553228395587,0,36,False,0.0015708818840556005,7416000,0.0192,0.25461,16,1.21161
965,0.0006666666666666666,0.0006666666666666666,1,True,0.0016067231014920155,0,35,False,0.0016802331093641264,7424000,0.01886,0.25595,16,1.28229
966,0.0006666666666666666,0.0006666666666666666,1,True,0.0016183479073874885,0,34,False,0.0017229711604467464,7432000,0.02189,0.2524,16,1.28718
967,0.0006666666666666666,0.0006666666666666666,1,True,0.0016222518555424894,0,33,False,0.0016573873889374976,7440000,0.01945,0.25127,16,1.21594
968,0.0006666666666666666,0.0006666666666666666,1,True,0.0016083426789785234,0,32,False,0.0014831600899028285,7448000,0.0174,0.25069,16,1.29205
969,0.0006666666666666666,0.0006666666666666666,1,True,0.001604202721748033,0,31,False,0.0015669431066736186,7456000,0.01851,0.25544,16,1.34489
970,0.0006666666666666666,0.0006666666666666666,1,True,0.001590243636895391,0,30,False,0.0014646118732216124,7464000,0.01792,0.25043,16,1.20683
971,0.0006666666666666666,0.0006666666666666666,1,True,0.0015970099114542792,0,29,False,0.0016579063824842732,7472000,0.02064,0.24999,16,1.20889
972,0.0006666666666666666,0.0006666666666666666,1,True,0.001595217349649782,0,28,False,0.0015790842934093074,7480000,0.02008,0.24724,16,1.33154
973,0.0006666666666666666,0.0006666666666666666,1,True,0.0015887323585207346,0,27,False,0.0015303674383593097,7488000,0.01821,0.25175,16,1.29189
974,0.0006666666666666666,0.0006666666666666666,1,True,0.0016051414408313532,0,26,False,0.0017528231816269211,7496000,0.02296,0.25187,16,1.20956
975,0.0006666666666666666,0.0006666666666666666,1,True,0.0016305359023499723,0,25,False,0.0018590860560175426,7500000,0.02511,0.25143,16,0.61692
976,0.0006666666666666666,0.0006666666666666666,1,True,0.0016301910049001881,0,24,False,0.001627086927852131,7508000,0.01872,0.25377,16,1.21622
977,0.0006666666666666666,0.0006666666666666666,1,True,0.0016101631185853735,0,23,False,0.0014299121417520422,7516000,0.01472,0.25308,16,1.28243
978,0.0006666666666666666,0.0006666666666666666,1,True,0.0016000425911369546,0,22,False,0.001508957844101185,7524000,0.01723,0.25041,16,1.2998
979,0.0006666666666666666,0.0006666666666666666,1,True,0.0015922889279115834,0,21,False,0.0015225059588832427,7532000,0.0175,0.2476,16,1.2861
980,0.0006666666666666666,0.0006666666666666666,1,True,0.0015986326543699564,0,20,False,0.0016557261924953128,7540000,0.02064,0.25379,16,1.28476
981,0.0006666666666666666,0.0006666666666666666,1,True,0.0015897539395334582,0,19,False,0.0015098455060049726,7548000,0.01841,0.25203,16,1.21266
982,0.0006666666666666666,0.0006666666666666666,1,True,0.0015936518258575165,0,18,False,0.0016287328027740414,7556000,0.01784,0.25098,16,1.23251
983,0.0006666666666666666,0.0006666666666666666,1,True,0.0015856105895747108,0,17,False,0.00151323946302946,7564000,0.01871,0.25238,16,1.28898
984,0.0006666666666666666,0.0006666666666666666,1,True,0.0015966319671255145,0,16,False,0.0016958243650827488,7572000,0.02036,0.25116,16,1.2983
985,0.0006666666666666666,0.0006666666666666666,1,True,0.0015725982779792886,0,15,False,0.001356295075663256,7580000,0.01624,0.25222,16,1.31321
986,0.0006666666666666666,0.0006666666666666666,1,True,0.0015887456218815895,0,14,False,0.0017340717170022983,7588000,0.01879,0.25211,16,1.2957
987,0.0006666666666666666,0.0006666666666666666,1,True,0.0015735934295517209,0,13,False,0.001437223698582902,7596000,0.01684,0.25067,16,1.29129
988,0.0006666666666666666,0.0006666666666666666,1,True,0.0016031201179332896,0,12,False,0.0018688603133674075,7600000,0.02433,0.25284,16,0.66499
989,0.0006666666666666666,0.0006666666666666666,1,True,0.0016118839646050544,0,11,False,0.0016907585846509374,7608000,0.01873,0.25184,16,1.21109
990,0.0006666666666666666,0.0006666666666666666,1,True,0.001610353834093778,0,10,False,0.0015965826594922894,7616000,0.01795,0.25188,16,1.20341
991,0.0006666666666666666,0.0006666666666666666,1,True,0.001615235339779113,0,9,False,0.0016591688909471296,7624000,0.021,0.25268,16,1.28178
992,0.0006666666666666666,0.0006666666666666666,1,True,0.0016094403819238575,0,8,False,0.0015572857612265584,7632000,0.01918,0.25463,16,1.27887
993,0.0006666666666666666,0.0006666666666666666,1,True,0.0016062989463718894,0,7,False,0.0015780260264041778,7640000,0.02031,0.25351,16,1.21194
994,0.0006666666666666666,0.0006666666666666666,1,True,0.0016059893238562998,0,6,False,0.0016032027212159953,7648000,0.01855,0.25038,16,1.28388
995,0.0006666666666666666,0.0006666666666666666,1,True,0.0016128779250496955,0,5,False,0.0016748753357902562,7656000,0.0202,0.2528,16,1.20858
996,0.0006666666666666666,0.0006666666666666666,1,True,0.0016116394708767326,0,4,False,0.0016004933833200685,7664000,0.01933,0.25354,16,1.29007
997,0.0006666666666666666,0.0006666666666666666,1,True,0.0016076099652597403,0,3,False,0.0015713444147068096,7672000,0.01988,0.25515,16,1.29842
998,0.0006666666666666666,0.0006666666666666666,1,True,0.0015970895597170924,0,2,False,0.0015024059098332622,7680000,0.01776,0.25552,16,1.29204
999,0.0006666666666666666,0.0006666666666666666,1,True,0.0016013361570390628,0,1,False,0.001639555532936797,7688000,0.02077,0.25049,16,1.22271
1000,0.0006666666666666666,0.0006666666666666666,1,True,0.0016022347465831656,0,0,False,0.0016103220524800914,7696000,0.01975,0.25143,16,1.21607
1001,0.0006666666666666666,0.0006666666666666666,1,True,0.001628443204558297,1,0,False,0.0018643193263344782,7700000,0.02459,0.24977,16,0.62538
1002,0.0006666666666666666,0.0006666666666666666,1,True,0.0016307759086238661,2,0,False,0.0016517702452139894,7708000,0.01937,0.25124,16,1.27765
1003,0.0006666666666666666,0.0006666666666666666,1,True,0.0016164062385801575,3,0,False,0.0014870792081867795,7716000,0.0183,0.25222,16,1.219
1004,0.0006666666666666666,0.0006666666666666666,1,True,0.0016085017129531401,4,0,False,0.0015373609823099846,7724000,0.01797,0.2507,16,1.20844
1005,0.0006666666666666666,0.0006666666666666666,1,True,0.0016179011469198029,5,0,False,0.0017024960526197687,7732000,0.02219,0.25132,16,1.21744
1006,0.0006666666666666666,0.0006666666666666666,1,True,0.0015987735391877517,6,0,False,0.0014266250695992907,7740000,0.01687,0.25124,16,1.34093
1007,0.0006666666666666666,0.0006666666666666666,1,True,0.001603141882088975,7,0,False,0.0016424569681999833,7748000,0.02002,0.252,16,1.21408
1008,0.0006666666666666666,0.0006666666666666666,1,True,0.0015999079950712945,8,0,False,0.0015708030119121693,7756000,0.0187,0.25019,16,1.23804
1009,0.0006666666666666666,0.0006666666666666666,1,True,0.0016004988863430113,9,0,False,0.0016058169077884622,7764000,0.01805,0.24703,16,1.28954
1010,0.0006666666666666666,0.0006666666666666666,1,True,0.0015941498419337783,10,0,False,0.0015370084422506828,7772000,0.01528,0.25024,16,1.2227
1011,0.0006666666666666666,0.0006666666666666666,1,True,0.0015809519769444016,11,0,False,0.0014621711920400108,7780000,0.01572,0.24849,16,1.19728
1012,0.0006666666666666666,0.0006666666666666666,1,True,0.0015709823875706289,12,0,False,0.0014812560832066727,7788000,0.01819,0.24826,16,1.29695
1013,0.0006666666666666666,0.0006666666666666666,1,True,0.0015606230411926033,13,0,False,0.0014673889237903734,7796000,0.01713,0.25018,16,1.21049
1014,0.0006666666666666666,0.0006666666666666666,1,True,0.001593861932676157,14,0,False,0.001893011956028142,7800000,0.02349,0.25082,16,0.67016
1015,0.0006666666666666666,0.0006666666666666666,1,True,0.0016040412837664546,15,0,False,0.001695655443579133,7808000,0.0212,0.25109,16,1.2815
1016,0.0006666666666666666,0.0006666666666666666,1,True,0.0016038180493413035,16,0,False,0.0016018089395149443,7816000,0.02014,0.2496,16,1.28635
1017,0.0006666666666666666,0.0006666666666666666,1,True,0.0015886208526335846,17,0,False,0.001451846082264114,7824000,0.01745,0.2478,16,1.29224
1018,0.0006666666666666666,0.0006666666666666666,1,True,0.0015860982372342938,18,0,False,0.001563394698640677,7832000,0.01784,0.25149,16,1.22251
1019,0.0006666666666666666,0.0006666666666666666,1,True,0.0015864406469260261,19,0,False,0.0015895223341516169,7840000,0.01995,0.24983,16,1.21386
1020,0.0006666666666666666,0.0006666666666666666,1,True,0.001588127232955797,20,0,False,0.0016033065072237345,7848000,0.02032,0.25044,16,1.21084
1021,0.0006666666666666666,0.0006666666666666666,1,True,0.00156732073779916,21,0,False,0.0013800622813894263,7856000,0.01609,0.25212,16,1.21233
1022,0.0006666666666666666,0.0006666666666666666,1,True,0.0015610207029537033,22,0,False,0.0015043203893445921,7864000,0.01773,0.25172,16,1.21146
1023,0.0006666666666666666,0.0006666666666666666,1,True,0.0015522645767094064,23,0,False,0.0014734594405107343,7872000,0.01668,0.25213,16,1.22048
1024,0.0006666666666666666,0.0006666666666666666,1,True,0.0015336512085573572,24,0,False,0.0013661308951889144,7880000,0.01646,0.25137,16,1.29354
1025,0.0006666666666666666,0.0006666666666666666,1,True,0.0015394487120090681,25,0,False,0.001591626243074467,7888000,0.01849,0.25142,16,1.2125
1026,0.0006666666666666666,0.0006666666666666666,1,True,0.0015400715174507338,26,0,False,0.0015456767664257238,7896000,0.01917,0.25182,16,1.29827
1027,0.0006666666666666666,0.0006666666666666666,1,True,0.0015908398066067568,27,0,False,0.002047754409010965,7900000,0.02382,0.2548,16,0.66563
1028,0.0006666666666666666,0.0006666666666666666,1,True,0.0015859091430498445,28,0,False,0.0015415331710376332,7908000,0.01979,0.25186,16,1.20513
1029,0.0006666666666666666,0.0006666666666666666,1,True,0.0015769808260820322,29,0,False,0.0014966259733717219,7916000,0.01813,0.25045,16,1.29019
1030,0.0006666666666666666,0.0006666666666666666,1,True,0.0015770612005890712,30,0,False,0.0015777845711524242,7924000,0.01932,0.2512,16,1.28776
1031,0.0006666666666666666,0.0006666666666666666,1,True,0.0015829740194602644,31,0,False,0.001636189389301003,7932000,0.01987,0.24845,16,1.29863
1032,0.0006666666666666666,0.0006666666666666666,1,True,0.0016013047996174836,32,0,False,0.0017662818210324566,7940000,0.02083,0.25241,16,1.22182
1033,0.0006666666666666666,0.0006666666666666666,1,True,0.0016055179011542848,33,0,False,0.001643435814985495,7948000,0.01912,0.25044,16,1.26977
1034,0.0006666666666666666,0.0006666666666666666,1,True,0.0016162378847332478,34,0,False,0.0017127177369439155,7956000,0.01908,0.25403,16,1.29571
1035,0.0006666666666666666,0.0006666666666666666,1,True,0.0016168175019326972,35,0,False,0.0016220340567277404,7964000,0.01997,0.25238,16,1.29876
1036,0.0006666666666666666,0.0006666666666666666,1,True,0.0016130067184571277,36,0,False,0.0015787096671770011,7972000,0.01972,0.25135,16,1.2096
1037,0.0006666666666666666,0.0006666666666666666,1,True,0.0016208916977807986,37,0,False,0.0016918565116938375,7980000,0.02006,0.25281,16,1.29102
1038,0.0006666666666666666,0.0006666666666666666,1,True,0.0016149388836919159,38,0,False,0.001561363556891972,7988000,0.01782,0.24899,16,1.21122
1039,0.0006666666666666666,0.0006666666666666666,1,True,0.0016242094519854486,39,0,False,0.0017076445666272424,7996000,0.01896,0.24776,16,1.29635
1040,0.0006666666666666666,0.0006666666666666666,1,True,0.0016574988620292217,40,0,False,0.0019571035524231797,8000000,0.02558,0.25122,16,0.61181
1041,0.0006666666666666666,0.0006666666666666666,1,True,0.0016745344437380256,41,0,False,0.0018278546791172605,8008000,0.02148,0.25127,16,1.28399
1042,0.0006666666666666666,0.0006666666666666666,1,True,0.0016569352613588707,42,0,False,0.0014985426199464772,8016000,0.01779,0.25162,16,1.27577
1043,0.0006666666666666666,0.0006666666666666666,1,True,0.0016522812910886298,43,0,False,0.0016103955586564609,8024000,0.02029,0.2529,16,1.22609
1044,0.0006666666666666666,0.0006666666666666666,1,True,0.0016614914445643057,44,0,False,0.0017443828258453897,8032000,0.02078,0.25064,16,1.35064
1045,0.0006666666666666666,0.0006666666666666666,1,True,0.0016428975798573257,45,0,False,0.0014755527974945047,8040000,0.01734,0.24907,16,1.21306
1046,0.0006666666666666666,0.0006666666666666666,1,True,0.0016371945537174816,46,0,False,0.001585867318458884,8048000,0.0167,0.25214,16,1.31025
1047,0.0006666666666666666,0.0006666666666666666,1,True,0.0016320811665620466,47,0,False,0.0015860606821631316,8056000,0.01734,0.25388,16,1.28049
1048,0.0006666666666666666,0.0006666666666666666,1,True,0.0016414907389355094,48,0,False,0.0017261768902966756,8064000,0.02274,0.24952,16,1.22353
1049,0.0006666666666666666,0.0006666666666666666,1,True,0.0016279646889729735,49,0,False,0.0015062302393101512,8072000,0.01581,0.25112,16,1.20435
1050,0.0006666666666666666,0.0006666666666666666,1,True,0.001629443044574892,50,0,False,0.0016427482449921575,8080000,0.0183,0.25116,16,1.28451
1051,0.0006666666666666666,0.0006666666666666666,1,True,0.0016352176160828456,51,0,False,0.0016871887596544286,8088000,0.02141,0.24933,16,1.28762
1052,0.0006666666666666666,0.0006666666666666666,1,True,0.0016259553913054064,52,0,False,0.0015425953683084533,8096000,0.01851,0.24973,16,1.20676
1053,0.0006666666666666666,0.0006666666666666666,1,True,0.0016424022932686785,53,0,False,0.0017904244109381265,8100000,0.02345,0.25259,16,0.61493
1054,0.0006666666666666666,0.0006666666666666666,1,True,0.0016502285867732555,54,0,False,0.001720665228314449,8108000,0.02046,0.24969,16,1.22226
1055,0.0006666666666666666,0.0006666666666666666,1,True,0.0016348741498576481,55,0,False,0.0014966842176171828,8116000,0.01783,0.24737,16,1.28191
1056,0.0006666666666666666,0.0006666666666666666,1,True,0.0016368289052768334,56,0,False,0.001654421704049502,8124000,0.01691,0.25293,16,1.21104
1057,0.0006666666666666666,0.0006666666666666666,1,True,0.0016325603893677073,57,0,False,0.001594143746185573,8132000,0.02058,0.24969,16,1.21413
1058,0.0006666666666666666,0.0006666666666666666,1,True,0.0016194851317553628,58,0,False,0.0015018078132442642,8140000,0.0171,0.24866,16,1.29144
1059,0.0006666666666666666,0.0006666666666666666,1,True,0.0016185545062341843,59,0,False,0.0016101788765435767,8148000,0.01897,0.25299,16,1.29043
1060,0.0006666666666666666,0.0006666666666666666,1,True,0.0016106247689293685,60,0,False,0.0015392571331860256,8156000,0.01797,0.25229,16,1.29416
1061,0.0006666666666666666,0.0006666666666666666,1,True,0.0015971168344232596,61,0,False,0.0014755454238682805,8164000,0.01759,0.24841,16,1.29083
1062,0.0006666666666666666,0.0006666666666666666,1,True,0.0015945060595559607,62,0,False,0.0015710090857502695,8172000,0.02097,0.2509,16,1.21007
1063,0.0006666666666666666,0.0006666666666666666,1,True,0.001588223381146506,63,0,False,0.001531679275461414,8180000,0.01945,0.24974,16,1.29157
1064,0.0006666666666666666,0.0006666666666666666,1,True,0.0015867334076971103,64,0,False,0.0015733236466525487,8188000,0.018,0.25203,16,1.20839
1065,0.0006666666666666666,0.0006666666666666666,1,True,0.0015707820278434243,65,0,False,0.0014272196091602504,8196000,0.01721,0.25061,16,1.2304
1066,0.0006666666666666666,0.0006666666666666666,1,True,0.0016163628250073887,66,0,False,0.002026589999483069,8200000,0.02445,0.24956,16,0.64844
1067,0.0006666666666666666,0.0006666666666666666,1,True,0.0015889570060730195,67,0,False,0.0013423046356636971,8208000,0.01537,0.25042,16,1.22287
1068,0.0006666666666666666,0.0006666666666666666,1,True,0.0015885371655055523,68,0,False,0.0015847586003983475,8216000,0.01852,0.2535,16,1.2158
1069,0.0006666666666666666,0.0006666666666666666,1,True,0.001589012980956509,69,0,False,0.0015932953200151216,8224000,0.01844,0.25569,16,1.29254
1070,0.0006666666666666666,0.0006666666666666666,1,True,0.0015844338047813831,70,0,False,0.0015432212192052516,8232000,0.01896,0.25436,16,1.22865
1071,0.0006666666666666666,0.0006666666666666666,1,True,0.0015695864286714273,71,0,False,0.0014359600436818253,8240000,0.01737,0.25501,16,1.28785
1072,0.0006666666666666666,0.0006666666666666666,1,True,0.0015888530967175557,72,0,False,0.0017622531091327131,8248000,0.02049,0.24863,16,1.28677
1073,0.0006666666666666666,0.0006666666666666666,1,True,0.001602383330277185,73,0,False,0.001724155432313849,8256000,0.02259,0.25192,16,1.2058
1074,0.0006666666666666666,0.0006666666666666666,1,True,0.001594596826217392,74,0,False,0.0015245182896792575,8264000,0.01893,0.25134,16,1.28799
1075,0.0006666666666666666,0.0006666666666666666,1,True,0.001617275324728771,75,0,False,0.0018213818113311823,8272000,0.02156,0.25049,16,1.27052
1076,0.0006666666666666666,0.0006666666666666666,1,True,0.0016025238243515495,76,0,False,0.0014697603209565561,8280000,0.01595,0.25279,16,1.29757
1077,0.0006666666666666666,0.0006666666666666666,1,True,0.0015744946079283052,77,0,False,0.0013222316601191073,8288000,0.01535,0.25325,16,1.29919
1078,0.0006666666666666666,0.0006666666666666666,1,True,0.0015624165080087812,78,0,False,0.0014537136087330654,8296000,0.01454,0.2468,16,1.22126
1079,0.0006666666666666666,0.0006666666666666666,1,True,0.0015735322888828264,79,0,False,0.0016735743167492331,8300000,0.02125,0.25277,16,0.6424
1080,0.0006666666666666666,0.0006666666666666666,1,True,0.0015771245196878197,80,0,False,0.001609454596932759,8308000,0.02079,0.25369,16,1.28343
1081,0.0006666666666666666,0.0006666666666666666,1,True,0.0015778283204874607,81,0,False,0.0015841625276842284,8316000,0.01762,0.24987,16,1.28041
1082,0.0006666666666666666,0.0006666666666666666,1,True,0.0015809174438761035,82,0,False,0.0016087195543738884,8324000,0.01978,0.25332,16,1.28084
1083,0.0006666666666666666,0.0006666666666666666,1,True,0.0015716472022604283,83,0,False,0.001488215027719352,8332000,0.01837,0.25003,16,1.2161
1084,0.0006666666666666666,0.0006666666666666666,1,True,0.0015493020693340244,84,0,False,0.0013481958729963917,8340000,0.01516,0.2514,16,1.23962
1085,0.0006666666666666666,0.0006666666666666666,1,True,0.0015533833932266595,85,0,False,0.0015901153082603762,8348000,0.01919,0.24865,16,1.28084
1086,0.0006666666666666666,0.0006666666666666666,1,True,0.0015640412702197755,86,0,False,0.0016599621631578196,8356000,0.01967,0.24943,16,1.20431
1087,0.0006666666666666666,0.0006666666666666666,1,True,0.0015371695035269995,87,0,False,0.001295323603292015,8364000,0.01336,0.24784,16,1.29808
1088,0.0006666666666666666,0.0006666666666666666,1,True,0.0015395653110916274,88,0,False,0.0015611275791732784,8372000,0.01941,0.24959,16,1.29655
1089,0.0006666666666666666,0.0006666666666666666,1,True,0.0015636356347638596,89,0,False,0.0017802685478139491,8380000,0.02169,0.25039,16,1.28523
1090,0.0006666666666666666,0.0006666666666666666,1,True,0.0015439291540572206,90,0,False,0.0013665708276974686,8388000,0.01523,0.25013,16,1.21432
1091,0.0006666666666666666,0.0006666666666666666,1,True,0.0015418633170513284,91,0,False,0.0015232707839982985,8396000,0.01895,0.24936,16,1.33289
1092,0.0006666666666666666,0.0006666666666666666,1,True,0.0015819766407452192,92,0,False,0.001942996553990234,8400000,0.0239,0.24886,16,0.66469
1093,0.0006666666666666666,0.0006666666666666666,1,True,0.0015756683602789856,93,0,False,0.0015188938360828827,8408000,0.01743,0.25149,16,1.28254
1094,0.0006666666666666666,0.0006666666666666666,1,True,0.0015731825845747215,94,0,False,0.001550810603236344,8416000,0.01653,0.25029,16,1.27291
1095,0.0006666666666666666,0.0006666666666666666,1,True,0.0015685943788844396,95,0,False,0.001527300527671901,8424000,0.01557,0.25066,16,1.21374
1096,0.0006666666666666666,0.0006666666666666666,1,True,0.0015601441454207586,96,0,False,0.0014840920442476292,8432000,0.01774,0.24928,16,1.28462
1097,0.0006666666666666666,0.0006666666666666666,1,True,0.0015740796613143695,97,0,False,0.0016994993043568675,8440000,0.02198,0.25285,16,1.2274
1098,0.0006666666666666666,0.0006666666666666666,1,True,0.0015482640500056187,98,0,False,0.0013159235482268616,8448000,0.01411,0.25169,16,1.2805
1099,0.0006666666666666666,0.0006666666666666666,1,True,0.0015407022230209946,99,0,False,0.0014726457801593762,8456000,0.01802,0.24874,16,1.23502
1100,0.0006666666666666666,0.001,0,False,0.0015645746935984237,0,100,True,0.0017794269287952852,8464000,0.02148,0.25161,16,1.20938
1101,0.001,0.001,0,False,0.00159459120941845,0,0,False,0.0018647398517986859,8472000,0.02215,0.2509,16,1.29866
1102,0.001,0.001,0,False,0.0016250624889001448,0,0,False,0.0018993040042353962,8480000,0.02594,0.25128,16,1.23737
1103,0.001,0.001,0,False,0.0016572091825001242,0,0,False,0.0019465294248999397,8488000,0.02511,0.24926,16,1.30015
1104,0.001,0.001,0,False,0.0016999113627003965,0,0,False,0.002084230984502848,8496000,0.02538,0.25176,16,1.21839
1105,0.001,0.001,0,False,0.0017452316844633424,0,0,False,0.0021531145803298556,8500000,0.02854,0.24754,16,0.66875
1106,0.001,0.001,0,False,0.0017707183991209523,0,0,False,0.002000098831039441,8508000,0.02603,0.2519,16,1.27747
1107,0.001,0.001,0,False,0.0017713527377519176,0,0,False,0.001777061785430606,8516000,0.02207,0.24866,16,1.28723
1108,0.001,0.001,0,False,0.0017704106352738674,0,0,False,0.0017619317129714148,8524000,0.02311,0.24994,16,1.20808
1109,0.001,0.001,0,False,0.001776621150668165,0,0,False,0.0018325157892168434,8532000,0.02344,0.24798,16,1.21797
1110,0.001,0.001,0,False,0.0017775149001990447,0,0,False,0.0017855586459769614,8540000,0.02464,0.2509,16,1.21454
1111,0.001,0.001,0,False,0.0017959937576781926,0,0,False,0.001962303474990526,8548000,0.02473,0.25169,16,1.21744
1112,0.001,0.001,0,False,0.0018113824328071172,0,0,False,0.001949880508967439,8556000,0.02034,0.25039,16,1.28006
1113,0.001,0.001,0,False,0.0018097254038183228,0,0,False,0.0017948121429191741,8564000,0.02138,0.25143,16,1.28451
1114,0.001,0.001,0,False,0.0018014159151189073,0,0,False,0.0017266305168241688,8572000,0.02115,0.25495,16,1.21902
1115,0.001,0.001,0,False,0.0018260042034417426,0,0,False,0.002047298798347261,8580000,0.02482,0.25177,16,1.23008
1116,0.001,0.001,0,False,0.0018225186454152787,0,0,False,0.0017911486231771037,8588000,0.02319,0.25348,16,1.21519
1117,0.001,0.001,0,False,0.001811708670493739,0,0,False,0.001714418896199883,8596000,0.02248,0.25203,16,1.21235
1118,0.001,0.001,0,False,0.001820961949232463,0,0,False,0.0019042414578809793,8600000,0.02544,0.252,16,0.61615
1119,0.001,0.001,0,False,0.0018200161949209427,0,0,False,0.001811504406117259,8608000,0.02434,0.25145,16,1.2199
1120,0.001,0.001,0,False,0.0018304580659228359,0,0,False,0.0019244349049398752,8616000,0.02406,0.25344,16,1.27715
1121,0.001,0.001,0,False,0.0018455623406314725,0,0,False,0.001981500813009202,8624000,0.02621,0.24998,16,1.23384
1122,0.001,0.001,0,False,0.001828801885914911,0,0,False,0.0016779577934658563,8632000,0.02061,0.24742,16,1.21049
1123,0.001,0.001,0,False,0.00182803229147086,0,0,False,0.0018211059414744008,8640000,0.02104,0.2491,16,1.28821
1124,0.001,0.001,0,False,0.0018211814057864208,0,0,False,0.0017595234346264661,8648000,0.02232,0.25139,16,1.21416
1125,0.001,0.001,0,False,0.0018320808772358502,0,0,False,0.0019301761202807158,8656000,0.02585,0.24966,16,1.22784
1126,0.001,0.001,0,False,0.0018320828476644274,0,0,False,0.0018321005815216229,8664000,0.02486,0.248,16,1.21292
1127,0.001,0.001,0,False,0.001835438275534591,0,0,False,0.0018656371263660626,8672000,0.02549,0.24893,16,1.29978
1128,0.001,0.001,0,False,0.0018335860393890748,0,0,False,0.0018169159140794297,8680000,0.0219,0.25227,16,1.29525
1129,0.001,0.001,0,False,0.0018463571937639956,0,0,False,0.001961297583138281,8688000,0.02622,0.24908,16,1.23037
1130,0.001,0.001,0,False,0.0018550161216284577,0,0,False,0.0019329464724086153,8696000,0.0232,0.25196,16,1.21679
1131,0.001,0.001,0,False,0.0018721187549359814,0,0,False,0.0020260424547036966,8700000,0.02906,0.25039,16,0.61659
1132,0.001,0.001,0,False,0.0018743623586259192,0,0,False,0.001894554791835358,8708000,0.02175,0.25187,16,1.2082
1133,0.001,0.001,0,False,0.0018673149863616778,0,0,False,0.0018038886359835061,8716000,0.02088,0.25045,16,1.21312
1134,0.001,0.001,0,False,0.001894058291904849,0,0,False,0.0021347480417933905,8724000,0.02869,0.24522,16,1.20901
1135,0.001,0.001,0,False,0.001877348274230074,0,0,False,0.0017269581151570994,8732000,0.02365,0.24949,16,1.20932
1136,0.001,0.001,0,False,0.0018829426807534398,0,0,False,0.001933292339463733,8740000,0.02554,0.25225,16,1.28766
1137,0.001,0.001,0,False,0.0018934886272951633,0,0,False,0.001988402146170675,8748000,0.02473,0.25177,16,1.20847
1138,0.001,0.001,0,False,0.0018905121358628151,0,0,False,0.0018637237129716824,8756000,0.02438,0.25091,16,1.21419
1139,0.001,0.001,0,False,0.0018786536141397068,0,0,False,0.001771926918631732,8764000,0.02284,0.25176,16,1.29699
1140,0.001,0.001,0,False,0.001869315526352074,0,0,False,0.001785272736263379,8772000,0.0223,0.25244,16,1.30418
1141,0.001,0.001,0,False,0.0018879322958220042,0,0,False,0.0020554832210513767,8780000,0.02805,0.25042,16,1.21538
1142,0.001,0.001,0,False,0.0018794347289971018,0,0,False,0.001802956627572978,8788000,0.02337,0.2484,16,1.22908
1143,0.001,0.001,0,False,0.0018979096055007638,0,0,False,0.0020641834940337217,8796000,0.02309,0.25305,16,1.3038
1144,0.001,0.001,0,False,0.0018822254841387976,0,0,False,0.0017410683918811024,8800000,0.02401,0.24605,16,0.61708
1145,0.001,0.001,0,False,0.0018577065650244693,0,0,False,0.001637036292995513,8808000,0.019,0.24973,16,1.2067
1146,0.001,0.001,0,False,0.001855774798334864,0,0,False,0.0018383888981284159,8816000,0.02395,0.25182,16,1.20902
1147,0.001,0.001,0,False,0.0018487587313261364,0,0,False,0.001785614128247588,8824000,0.02323,0.25217,16,1.22032
1148,0.001,0.001,0,False,0.0018531012489952424,0,0,False,0.0018921839080171968,8832000,0.02181,0.24916,16,1.2012
1149,0.001,0.001,0,False,0.00185807169030139,0,0,False,0.0019028056620567185,8840000,0.02542,0.25253,16,1.21455
1150,0.001,0.001,0,False,0.0018682839857156585,0,0,False,0.001960194644444074,8848000,0.02484,0.25148,16,1.29475
1151,0.001,0.001,0,False,0.0019051976031452865,0,0,False,0.0022374201600119372,8856000,0.03087,0.24815,16,1.28325
1152,0.001,0.001,0,False,0.001904960856320134,0,0,False,0.0019028301348937614,8864000,0.02211,0.25176,16,1.21007
1153,0.001,0.001,0,False,0.0018851398987629314,0,0,False,0.0017067512807481058,8872000,0.02092,0.24876,16,1.30036
1154,0.001,0.001,0,False,0.0018924905330030977,0,0,False,0.001958646241164596,8880000,0.02622,0.25191,16,1.29821
1155,0.001,0.001,0,False,0.0018775565807844926,0,0,False,0.0017431510108170472,8888000,0.02304,0.24942,16,1.2978
1156,0.001,0.001,0,False,0.00188371211541079,0,0,False,0.0019391119270474675,8896000,0.02551,0.24854,16,1.21476
1157,0.001,0.001,0,False,0.0018885521128429899,0,0,False,0.001932112089732791,8900000,0.027,0.24882,16,0.66947
1158,0.001,0.001,0,False,0.0018811994285747047,0,0,False,0.0018150252701601378,8908000,0.02392,0.25038,16,1.20892
1159,0.001,0.001,0,False,0.001892447561906304,0,0,False,0.0019936807618906992,8916000,0.02689,0.24817,16,1.30982
1160,0.001,0.001,0,False,0.00192992385254348,0,0,False,0.002267210468278065,8924000,0.02937,0.24756,16,1.23529
1161,0.001,0.001,0,False,0.0019346134663038568,0,0,False,0.001976819990147249,8932000,0.02564,0.25015,16,1.20927
1162,0.001,0.001,0,False,0.001928901277386247,0,0,False,0.001877491577127758,8940000,0.02348,0.25166,16,1.29728
1163,0.001,0.001,0,False,0.0019558047656972203,0,0,False,0.0021979361604959804,8948000,0.02661,0.25113,16,1.29389
1164,0.001,0.001,0,False,0.0019432014175741542,0,0,False,0.0018297712844665593,8956000,0.02214,0.24764,16,1.20601
1165,0.001,0.001,0,False,0.0019389795731089895,0,0,False,0.0019009829729225093,8964000,0.02401,0.25237,16,1.31845
1166,0.001,0.001,0,False,0.0019261267159853062,0,0,False,0.0018104510018721576,8972000,0.02355,0.24965,16,1.3052
1167,0.001,0.001,0,False,0.0019091063767994328,0,0,False,0.0017559233241265734,8980000,0.02323,0.24918,16,1.30126
1168,0.001,0.001,0,False,0.0018967908014033816,0,0,False,0.0017859506228389199,8988000,0.02406,0.24948,16,1.30141
1169,0.001,0.001,0,False,0.001921723440137246,0,0,False,0.002146117188742026,8996000,0.02954,0.25104,16,1.21638
1170,0.001,0.001,0,False,0.0019498200736893026,0,0,False,0.002202689775657813,9000000,0.02988,0.2486,16,0.61206
1171,0.001,0.001,0,False,0.0019228895944184412,0,0,False,0.0016805152809806884,9008000,0.01935,0.25165,16,1.28981
1172,0.001,0.001,0,False,0.0019231466026303605,0,0,False,0.001925459676537632,9016000,0.02571,0.24848,16,1.21661
1173,0.001,0.001,0,False,0.0019003392387368545,0,0,False,0.0016950729636952995,9024000,0.02086,0.24913,16,1.29503
1174,0.001,0.001,0,False,0.0018994169401853845,0,0,False,0.0018911162532221561,9032000,0.02478,0.25135,16,1.20935
1175,0.001,0.001,0,False,0.0019017596891735416,0,0,False,0.001922844430066957,9040000,0.02213,0.24835,16,1.22221
1176,0.001,0.001,0,False,0.0018912640742042115,0,0,False,0.0017968035394802405,9048000,0.02371,0.25013,16,1.22449
1177,0.001,0.001,0,False,0.0019304871701757067,0,0,False,0.002283495033919164,9056000,0.02586,0.24881,16,1.29756
1178,0.001,0.001,0,False,0.0019119498124549321,0,0,False,0.0017451135929679622,9064000,0.02277,0.24824,16,1.21037
1179,0.001,0.001,0,False,0.0019313430873382589,0,0,False,0.002105882561288201,9072000,0.02903,0.24802,16,1.29798
1180,0.001,0.001,0,False,0.0019221057275360704,0,0,False,0.0018389694893163721,9080000,0.02211,0.24887,16,1.29743
1181,0.001,0.001,0,False,0.0019264511797977256,0,0,False,0.001965560250152623,9088000,0.0236,0.24926,16,1.2128
1182,0.001,0.001,0,False,0.001917539422760523,0,0,False,0.0018373336094257013,9096000,0.02452,0.25165,16,1.21399
1183,0.001,0.001,0,False,0.001925476902483125,0,0,False,0.0019969142199865457,9100000,0.02785,0.24669,16,0.63154
1184,0.001,0.001,0,False,0.0019115353308636674,0,0,False,0.0017860611862885473,9108000,0.02278,0.24848,16,1.2867
1185,0.001,0.001,0,False,0.0019229743586599095,0,0,False,0.002025925608826087,9116000,0.02754,0.25284,16,1.29749
1186,0.001,0.001,0,False,0.0019183661277830234,0,0,False,0.00187689204989105,9124000,0.02507,0.24577,16,1.2814
1187,0.001,0.001,0,False,0.0019090626127098742,0,0,False,0.0018253309770515324,9132000,0.02201,0.24949,16,1.29454
1188,0.001,0.001,0,False,0.0019025821856990032,0,0,False,0.0018442583426011641,9140000,0.02234,0.24946,16,1.29451
1189,0.001,0.001,0,False,0.0018913642198459797,0,0,False,0.0017904025271687678,9148000,0.02319,0.2477,16,1.20499
1190,0.001,0.001,0,False,0.0018757466633152876,0,0,False,0.0017351886545390605,9156000,0.02107,0.24665,16,1.2177
1191,0.001,0.001,0,False,0.0018868318526588741,0,0,False,0.001986598556751154,9164000,0.0272,0.25012,16,1.20998
1192,0.001,0.001,0,False,0.0018804443918300504,0,0,False,0.0018229572443706353,9172000,0.02356,0.25114,16,1.2135
1193,0.001,0.001,0,False,0.0018662597576255531,0,0,False,0.0017385980497850772,9180000,0.02217,0.25078,16,1.29625
1194,0.001,0.001,0,False,0.0018650332487611225,0,0,False,0.001853994668981248,9188000,0.02429,0.25295,16,1.30232
1195,0.001,0.001,0,False,0.0018542324024682188,0,0,False,0.001757024785832086,9196000,0.02262,0.24986,16,1.30018
1196,0.001,0.001,0,False,0.0018626562058648136,0,0,False,0.0019384704364341658,9200000,0.0246,0.25514,16,0.6596
1197,0.001,0.001,0,False,0.001859852142167557,0,0,False,0.0018346155688922484,9208000,0.02366,0.25148,16,1.28936
1198,0.001,0.001,0,False,0.001857294004686641,0,0,False,0.0018342707673583989,9216000,0.0221,0.25068,16,1.28423
1199,0.001,0.001,0,False,0.0018507893006171389,0,0,False,0.0017922469639916187,9224000,0.02375,0.25223,16,1.2043
1200,0.001,0.001,0,False,0.0018706557629322826,0,0,False,0.002049453923768575,9232000,0.02859,0.25086,16,1.27314
1201,0.001,0.001,0,False,0.0018676616272253227,0,0,False,0.0018407144058626838,9240000,0.02378,0.25091,16,1.22134
1202,0.001,0.001,0,False,0.0018881487747255863,0,0,False,0.002072533102227958,9248000,0.02575,0.24995,16,1.31207
1203,0.001,0.001,0,False,0.0019048542610104829,0,0,False,0.002055203637574553,9256000,0.02766,0.25105,16,1.20756
1204,0.001,0.001,0,False,0.001923896858362218,0,0,False,0.0020952802345278352,9264000,0.02208,0.24998,16,1.30725
1205,0.001,0.001,0,False,0.0019224815137606614,0,0,False,0.0019097434123466542,9272000,0.0208,0.25359,16,1.31756
1206,0.001,0.001,0,False,0.0019215221669411846,0,0,False,0.0019128880455658928,9280000,0.02548,0.25181,16,1.21451
1207,0.001,0.001,0,False,0.001904638429937885,0,0,False,0.0017526847969081883,9288000,0.02256,0.2498,16,1.29946
1208,0.001,0.001,0,False,0.0019050104498114695,0,0,False,0.0019083586286737296,9296000,0.02508,0.2509,16,1.24024
1209,0.001,0.001,0,False,0.0019173779030907537,0,0,False,0.002028684982604312,9300000,0.02807,0.25179,16,0.67059
1210,0.001,0.001,0,False,0.0019377876545329977,0,0,False,0.0021214754175131936,9308000,0.02916,0.24837,16,1.29588
1211,0.001,0.001,0,False,0.0019459043043910818,0,0,False,0.0020189541531138388,9316000,0.02329,0.24927,16,1.21741
1212,0.001,0.001,0,False,0.0019480344729736019,0,0,False,0.001967205990216281,9324000,0.02497,0.24976,16,1.21549
1213,0.001,0.001,0,False,0.0019278248984095103,0,0,False,0.0017459387273326848,9332000,0.02312,0.25021,16,1.24656
1214,0.001,0.001,0,False,0.00192568911467159,0,0,False,0.0019064670610303071,9340000,0.02514,0.24834,16,1.22322
1215,0.001,0.001,0,False,0.0019002903335376812,0,0,False,0.0016717013033325028,9348000,0.02139,0.25065,16,1.29063
1216,0.001,0.001,0,False,0.0019184200382853002,0,0,False,0.00208158738101387,9356000,0.02598,0.24785,16,1.30938
1217,0.001,0.001,0,False,0.0019172227913123183,0,0,False,0.0019064475685554804,9364000,0.02391,0.25391,16,1.21251
1218,0.001,0.001,0,False,0.0019008005950532224,0,0,False,0.001753000828721361,9372000,0.02118,0.24801,16,1.24131
1219,0.001,0.001,0,False,0.0018891696007309077,0,0,False,0.0017844906518300746,9380000,0.02136,0.24882,16,1.23627
1220,0.001,0.001,0,False,0.0018893348394955472,0,0,False,0.0018908219883773032,9388000,0.0252,0.24952,16,1.21391
1221,0.001,0.001,0,False,0.0018908459101847376,0,0,False,0.0019044455463874531,9396000,0.02166,0.24962,16,1.22117
1222,0.001,0.001,0,False,0.0018984134868357807,0,0,False,0.001966521676695169,9400000,0.0263,0.24794,16,0.66441
1223,0.001,0.001,0,False,0.001893973757921843,0,0,False,0.0018540161976964029,9408000,0.02419,0.24998,16,1.29493
1224,0.001,0.001,0,False,0.0018866184950323873,0,0,False,0.0018204211290272854,9416000,0.02367,0.2508,16,1.22178
1225,0.001,0.001,0,False,0.0018908885315045208,0,0,False,0.0019293188597537226,9424000,0.02407,0.24835,16,1.28663
1226,0.001,0.001,0,False,0.001871419952343193,0,0,False,0.001696202739891242,9432000,0.01945,0.25049,16,1.28659
1227,0.001,0.001,0,False,0.0018728647864233077,0,0,False,0.00188586829314434,9440000,0.02415,0.24841,16,1.29935
1228,0.001,0.001,0,False,0.0018711005959837345,0,0,False,0.001855222882027575,9448000,0.02198,0.24772,16,1.21657
1229,0.001,0.001,0,False,0.0018653700250723312,0,0,False,0.0018137948868697017,9456000,0.02395,0.25112,16,1.21593
1230,0.001,0.001,0,False,0.0018508442995202922,0,0,False,0.0017201127695519389,9464000,0.02125,0.24923,16,1.22116
1231,0.001,0.001,0,False,0.001837836874389329,0,0,False,0.0017207700482106591,9472000,0.02139,0.25219,16,1.21244
1232,0.001,0.001,0,False,0.0018520852495180432,0,0,False,0.0019803206256764714,9480000,0.02597,0.25088,16,1.22026
1233,0.001,0.001,0,False,0.0018475381726041572,0,0,False,0.0018066144803791826,9488000,0.02256,0.25022,16,1.21213
1234,0.001,0.001,0,False,0.0018567053302943576,0,0,False,0.001939209749506162,9496000,0.02575,0.24909,16,1.30214
1235,0.001,0.001,0,False,0.0018727196307203678,0,0,False,0.0020168483345544583,9500000,0.02553,0.24914,16,0.61776
1236,0.001,0.001,0,False,0.0018796592817377977,0,0,False,0.001942116140894668,9508000,0.02487,0.25026,16,1.28111
1237,0.001,0.001,0,False,0.0018778264943281676,0,0,False,0.0018613314076414977,9516000,0.02293,0.24785,16,1.3062
1238,0.001,0.001,0,False,0.00187777452329518,0,0,False,0.0018773067839982927,9524000,0.02564,0.24895,16,1.28742
1239,0.001,0.001,0,False,0.001880618211279988,0,0,False,0.0019062114031432585,9532000,0.02426,0.24831,16,1.21186
1240,0.001,0.001,0,False,0.0018936473433227225,0,0,False,0.0020109095317073318,9540000,0.02715,0.25005,16,1.20963
1241,0.001,0.001,0,False,0.0018794571953496021,0,0,False,0.001751745863591519,9548000,0.0229,0.249,16,1.22206
1242,0.001,0.001,0,False,0.00187178521928889,0,0,False,0.0018027374347424799,9556000,0.02305,0.24735,16,1.21702
1243,0.001,0.001,0,False,0.0018518238581098497,0,0,False,0.0016721716074984865,9564000,0.02122,0.25032,16,1.22105
1244,0.001,0.001,0,False,0.0018358515245261245,0,0,False,0.0016921005222725984,9572000,0.02071,0.24609,16,1.32372
1245,0.001,0.001,0,False,0.0018564188360476817,0,0,False,0.002041524639741697,9580000,0.02851,0.25064,16,1.3164
1246,0.001,0.001,0,False,0.001851706357140597,0,0,False,0.0018092940469768364,9588000,0.02117,0.24842,16,1.31642
1247,0.001,0.001,0,False,0.0018584009692651747,0,0,False,0.001918652478386374,9596000,0.02389,0.24888,16,1.21743
1248,0.001,0.001,0,False,0.0018781849915039074,0,0,False,0.0020562411916525023,9600000,0.02877,0.24957,16,0.68773
1249,0.001,0.001,0,False,0.0018614417133908162,0,0,False,0.0017107522103729956,9608000,0.02291,0.24924,16,1.2922
1250,0.001,0.001,0,False,0.0018518341505517318,0,0,False,0.0017653660849999723,9616000,0.02376,0.24969,16,1.21265
1251,0.001,0.001,0,False,0.001842625427071754,0,0,False,0.0017597469157519525,9624000,0.02387,0.25069,16,1.20695
1252,0.001,0.001,0,False,0.0018397489917938543,0,0,False,0.001813861074292757,9632000,0.02269,0.25056,16,1.2138
1253,0.001,0.001,0,False,0.0018408245590048524,0,0,False,0.001850504663903835,9640000,0.02291,0.25121,16,1.29448
1254,0.001,0.001,0,False,0.0018406379149320193,0,0,False,0.001838958118276522,9648000,0.02452,0.24871,16,1.21623
1255,0.001,0.001,0,False,0.001846097505207508,0,0,False,0.0018952338176869065,9656000,0.02503,0.24864,16,1.21307
1256,0.001,0.001,0,False,0.0018363741849523716,0,0,False,0.0017488643026561431,9664000,0.022,0.25067,16,1.29776
1257,0.001,0.001,0,False,0.0018518875778929292,0,0,False,0.0019915081143579492,9672000,0.02355,0.24799,16,1.29383
1258,0.001,0.001,0,False,0.0018591511764687147,0,0,False,0.0019245235636507832,9680000,0.02621,0.24509,16,1.20667
1259,0.001,0.001,0,False,0.0018486472343329575,0,0,False,0.0017541117551111423,9688000,0.02244,0.24839,16,1.29323
1260,0.001,0.001,0,False,0.0018423602611874882,0,0,False,0.0017857775028782663,9696000,0.02404,0.24867,16,1.22811
1261,0.001,0.001,0,False,0.0018558245667445734,0,0,False,0.0019770033167583407,9700000,0.02489,0.24793,16,0.66717
1262,0.001,0.001,0,False,0.001851922839644026,0,0,False,0.0018168072957390985,9708000,0.02269,0.2515,16,1.29623
1263,0.001,0.001,0,False,0.0018494633403527176,0,0,False,0.0018273278467309418,9716000,0.02269,0.25218,16,1.21136
1264,0.001,0.001,0,False,0.0018367462635021255,0,0,False,0.001722292571846798,9724000,0.02048,0.24877,16,1.21018
1265,0.001,0.001,0,False,0.0018445364916320432,0,0,False,0.0019146485448013019,9732000,0.02485,0.24921,16,1.3004
1266,0.001,0.001,0,False,0.0018299477959779595,0,0,False,0.0016986495350912064,9740000,0.02123,0.24754,16,1.21649
1267,0.001,0.001,0,False,0.001818523224215337,0,0,False,0.0017157020783517345,9748000,0.0236,0.24781,16,1.21988
1268,0.001,0.001,0,False,0.0018390445790986084,0,0,False,0.002023736773048053,9756000,0.02449,0.24891,16,1.30127
1269,0.001,0.001,0,False,0.001850991186684312,0,0,False,0.001958510654955644,9764000,0.02455,0.24904,16,1.20562
1270,0.001,0.001,0,False,0.0018420620571315519,0,0,False,0.0017616998911567105,9772000,0.02281,0.25101,16,1.30142
1271,0.001,0.001,0,False,0.0018546069016354642,0,0,False,0.001967510502170676,9780000,0.02586,0.25086,16,1.20821
1272,0.001,0.001,0,False,0.0018650222296678787,0,0,False,0.00195876018195961,9788000,0.02697,0.24854,16,1.21589
1273,0.001,0.001,0,False,0.00188952264105847,0,0,False,0.002110026343573792,9796000,0.02959,0.24731,16,1.33505
1274,0.001,0.001,0,False,0.0019100485202625422,0,0,False,0.002094781433099192,9800000,0.03097,0.25086,16,0.63059
1275,0.001,0.001,0,False,0.0019053162253708142,0,0,False,0.0018627255713452632,9808000,0.02392,0.25037,16,1.21861
1276,0.001,0.001,0,False,0.0018906054434346747,0,0,False,0.0017582084060094186,9816000,0.02376,0.25349,16,1.29097
1277,0.001,0.001,0,False,0.0018791959387383943,0,0,False,0.0017765103964718701,9824000,0.02372,0.25194,16,1.21441
1278,0.001,0.001,0,False,0.001899507861009998,0,0,False,0.0020823151614544322,9832000,0.02737,0.24583,16,1.28497
1279,0.001,0.001,0,False,0.0018856999647120403,0,0,False,0.001761428898030421,9840000,0.02124,0.24732,16,1.20947
1280,0.001,0.001,0,False,0.00187129151144176,0,0,False,0.0017416154320092365,9848000,0.02284,0.24983,16,1.2259
1281,0.001,0.001,0,False,0.001841626484061275,0,0,False,0.0015746412376369107,9856000,0.02014,0.24891,16,1.28709
1282,0.001,0.001,0,False,0.0018516909050704483,0,0,False,0.0019422706941530064,9864000,0.02406,0.25127,16,1.29306
1283,0.001,0.001,0,False,0.0018565073031241268,0,0,False,0.0018998548856072343,9872000,0.02499,0.24952,16,1.29628
1284,0.001,0.001,0,False,0.0018562635744003926,0,0,False,0.001854070015886786,9880000,0.02461,0.2481,16,1.20976
1285,0.001,0.001,0,False,0.001861018490423116,0,0,False,0.0019038127346276284,9888000,0.02525,0.25104,16,1.22877
1286,0.001,0.001,0,False,0.001856160438335333,0,0,False,0.0018124379695452874,9896000,0.02277,0.25038,16,1.21062
1287,0.001,0.001,0,False,0.0018461793544201491,0,0,False,0.0017563495991834953,9900000,0.02364,0.24925,16,0.61339
1288,0.001,0.001,0,False,0.0018463615554085992,0,0,False,0.0018480013643046498,9908000,0.02399,0.24958,16,1.21012
1289,0.001,0.001,0,False,0.0018589393088066966,0,0,False,0.0019721390893895716,9916000,0.02507,0.25068,16,1.28177
1290,0.001,0.001,0,False,0.00186427276298344,0,0,False,0.0019122738505741297,9924000,0.02521,0.24687,16,1.21486
1291,0.001,0.001,0,False,0.001865201561136563,0,0,False,0.0018735607445146672,9932000,0.02515,0.24733,16,1.28704
1292,0.001,0.001,0,False,0.001880825858472148,0,0,False,0.002021444534492414,9940000,0.02817,0.25083,16,1.29187
1293,0.001,0.001,0,False,0.0018653556041202336,0,0,False,0.0017261233149530046,9948000,0.02215,0.24641,16,1.29802
1294,0.001,0.001,0,False,0.001861907204101431,0,0,False,0.0018308716039322059,9956000,0.02261,0.25148,16,1.28381
1295,0.001,0.001,0,False,0.001859639215713786,0,0,False,0.0018392273202249832,9964000,0.0246,0.25103,16,1.21833
1296,0.001,0.001,0,False,0.0018709995800200011,0,0,False,0.001973242858775939,9972000,0.02385,0.24784,16,1.2172
1297,0.001,0.001,0,False,0.0018746086911808934,0,0,False,0.0019070906916289227,9980000,0.02402,0.24747,16,1.29646
1298,0.001,0.001,0,False,0.0018586865006055924,0,0,False,0.0017153867854278835,9988000,0.02241,0.24965,16,1.2945
1299,0.001,0.001,0,False,0.001854921005448818,0,0,False,0.0018210315490378506,9996000,0.02365,0.24954,16,1.29413
1300,0.001,0.001,0,False,0.0018745127234320652,0,0,False,0.002050838185281289,10000000,0.02786,0.25084,16,0.61864
1301,0.001,0.001,0,False,0.0018866160051485522,0,0,False,0.001995545540596935,10008000,0.02516,0.24846,16,1.232
1302,0.001,0.001,0,False,0.0018714578915455557,0,0,False,0.001735034869118588,10016000,0.0214,0.24961,16,1.21582
1303,0.001,0.001,0,False,0.0018702590142924509,0,0,False,0.0018594691190145075,10024000,0.02332,0.24929,16,1.21148
1304,0.001,0.001,0,False,0.0018565130640889633,0,0,False,0.001732799512257575,10032000,0.02269,0.25005,16,1.21908
1305,0.001,0.001,0,False,0.0018679724754902067,0,0,False,0.001971107178101399,10040000,0.0257,0.25214,16,1.31041
1306,0.001,0.001,0,False,0.0018681378993283234,0,0,False,0.0018696267138713734,10048000,0.02422,0.25127,16,1.29401
1307,0.001,0.001,0,False,0.0018709815084231723,0,0,False,0.0018965739902768134,10056000,0.02588,0.24945,16,1.2163
1308,0.001,0.001,0,False,0.00188445858284546,0,0,False,0.002005752252646048,10064000,0.02507,0.24826,16,1.2876
1309,0.001,0.001,0,False,0.0018833953421322292,0,0,False,0.0018738261757131529,10072000,0.02226,0.24779,16,1.22042
1310,0.001,0.001,0,False,0.0018946638909734588,0,0,False,0.001996080830544527,10080000,0.02396,0.25074,16,1.29569
1311,0.001,0.001,0,False,0.0018953988481645449,0,0,False,0.0019020134628843185,10088000,0.02529,0.24691,16,1.39508
1312,0.001,0.001,0,False,0.0018967414053413457,0,0,False,0.0019088244199325546,10096000,0.02541,0.25123,16,1.29958
1313,0.001,0.001,0,False,0.0018952121107759182,0,0,False,0.0018814484596870725,10100000,0.02452,0.24736,16,0.65769
1314,0.001,0.001,0,False,0.0018984798059077706,0,0,False,0.0019278890620944434,10108000,0.02349,0.24784,16,1.2949
1315,0.001,0.001,0,False,0.001881247771406533,0,0,False,0.0017261594608953947,10116000,0.02304,0.24962,16,1.29835
1316,0.001,0.001,0,False,0.001882134089326957,0,0,False,0.0018901109506107739,10124000,0.02073,0.24884,16,1.21241
1317,0.001,0.001,0,False,0.0019012958844935941,0,0,False,0.0020737520409933284,10132000,0.0281,0.24799,16,1.28792
1318,0.001,0.001,0,False,0.0018964116360813946,0,0,False,0.0018524534003715987,10140000,0.02201,0.2462,16,1.21078
1319,0.001,0.001,0,False,0.0018946559024118918,0,0,False,0.0018788542993863659,10148000,0.02101,0.24874,16,1.20954
1320,0.001,0.001,0,False,0.001884208215051492,0,0,False,0.001790179028807895,10156000,0.02002,0.24876,16,1.27974
1321,0.001,0.001,0,False,0.0019086925727302853,0,0,False,0.002129051791839425,10164000,0.0252,0.24644,16,1.2256
1322,0.001,0.001,0,False,0.0018998190836592417,0,0,False,0.0018199576820198506,10172000,0.023,0.24875,16,1.28971
1323,0.001,0.001,0,False,0.0018920007452958112,0,0,False,0.0018216357000249382,10180000,0.02442,0.24658,16,1.28831
1324,0.001,0.001,0,False,0.0018936169499464883,0,0,False,0.0019081627918025837,10188000,0.02613,0.25174,16,1.29094
1325,0.001,0.001,0,False,0.001880378081980499,0,0,False,0.0017612282702865938,10196000,0.02335,0.2485,16,1.27306
1326,0.001,0.001,0,False,0.001919316369421662,0,0,False,0.0022697609563921287,10200000,0.03313,0.24672,16,0.6198
1327,0.001,0.001,0,False,0.0019162865475623571,0,0,False,0.0018890181508286117,10208000,0.02363,0.24752,16,1.21591
1328,0.001,0.001,0,False,0.0019101879892878776,0,0,False,0.0018553009648175612,10216000,0.02514,0.24664,16,1.21483
1329,0.001,0.001,0,False,0.0019047944520413978,0,0,False,0.0018562526168230808,10224000,0.02456,0.24811,16,1.29611
1330,0.001,0.001,0,False,0.001904762036292006,0,0,False,0.0019044702945474805,10232000,0.02575,0.24871,16,1.21384
1331,0.001,0.001,0,False,0.001906867658474856,0,0,False,0.0019258182581205058,10240000,0.02523,0.24865,16,1.21741
1332,0.001,0.001,0,False,0.0019156194105916468,0,0,False,0.0019943851796427625,10248000,0.02679,0.24843,16,1.22309
1333,0.001,0.001,0,False,0.0018884337172230695,0,0,False,0.0016437624769058742,10256000,0.02105,0.2469,16,1.2961
1334,0.001,0.001,0,False,0.0018875192076734347,0,0,False,0.0018792886217267228,10264000,0.02418,0.24903,16,1.29365
1335,0.001,0.001,0,False,0.001902234420211999,0,0,False,0.002034671333059078,10272000,0.02374,0.24781,16,1.31671
1336,0.001,0.001,0,False,0.0019004003546312979,0,0,False,0.0018838937644049887,10280000,0.0258,0.2442,16,1.30283
1337,0.001,0.001,0,False,0.0018851404249868315,0,0,False,0.001747801058186633,10288000,0.02271,0.24794,16,1.21921
1338,0.001,0.001,0,False,0.001916526699096473,0,0,False,0.0021990031660832463,10296000,0.02936,0.24948,16,1.22156
1339,0.001,0.001,0,False,0.0019135163104021526,0,0,False,0.0018864228121532702,10300000,0.027,0.24962,16,0.66538
1340,0.001,0.001,0,False,0.001922861001668041,0,0,False,0.0020069632230610376,10308000,0.02767,0.2516,16,1.29023
1341,0.001,0.001,0,False,0.0019364697113294419,0,0,False,0.002058948098282051,10316000,0.0234,0.24814,16,1.28113
1342,0.001,0.001,0,False,0.0019398995024638842,0,0,False,0.001970767622673866,10324000,0.02349,0.2503,16,1.40609
1343,0.001,0.001,0,False,0.0019489223019420472,0,0,False,0.002030127497245514,10332000,0.02422,0.24783,16,1.20645
1344,0.001,0.001,0,False,0.001928101818264393,0,0,False,0.001740717465165506,10340000,0.02153,0.24712,16,1.28989
1345,0.001,0.001,0,False,0.0019205582511336236,0,0,False,0.001852666146956698,10348000,0.02358,0.25044,16,1.28918
1346,0.001,0.001,0,False,0.0019237230428506382,0,0,False,0.0019522061683037697,10356000,0.02278,0.24832,16,1.31302
1347,0.001,0.001,0,False,0.0019201820515353657,0,0,False,0.0018883131296979147,10364000,0.02539,0.2495,16,1.21898
1348,0.001,0.001,0,False,0.0019137518287781104,0,0,False,0.0018558798239628124,10372000,0.0205,0.24853,16,1.21757
1349,0.001,0.001,0,False,0.0019196161175022498,0,0,False,0.0019723947160195034,10380000,0.0263,0.25128,16,1.20927
1350,0.001,0.001,0,False,0.0019220454360432079,0,0,False,0.001943909302911831,10388000,0.02679,0.24722,16,1.29226
1351,0.001,0.001,0,False,0.0019019733369702036,0,0,False,0.0017213244453131648,10396000,0.023,0.24864,16,1.2072
1352,0.001,0.001,0,False,0.001913636368103463,0,0,False,0.0020186036483027985,10400000,0.02579,0.24803,16,0.61116
1353,0.001,0.001,0,False,0.0019045553658403147,0,0,False,0.0018228263454719792,10408000,0.02454,0.24961,16,1.22661
1354,0.001,0.001,0,False,0.001894756697833132,0,0,False,0.0018065686857684897,10416000,0.02442,0.25107,16,1.20746
1355,0.001,0.001,0,False,0.0018883353651520437,0,0,False,0.0018305433710222494,10424000,0.02393,0.24676,16,1.28472
1356,0.001,0.001,0,False,0.0018932575158039891,0,0,False,0.001937556871671498,10432000,0.02519,0.24778,16,1.28721
1357,0.001,0.001,0,False,0.0019155402202352648,0,0,False,0.002116084560116746,10440000,0.02862,0.25009,16,1.28651
1358,0.001,0.001,0,False,0.0019217630755974182,0,0,False,0.0019777687738568002,10448000,0.02319,0.24931,16,1.22371
1359,0.001,0.001,0,False,0.0019114122540509642,0,0,False,0.0018182548601328782,10456000,0.02279,0.24749,16,1.28531
1360,0.001,0.001,0,False,0.0019184769401073857,0,0,False,0.001982059114615179,10464000,0.02357,0.24929,16,1.21067
1361,0.001,0.001,0,False,0.0018977064017424933,0,0,False,0.0017107715564584627,10472000,0.0224,0.2492,16,1.28546
1362,0.001,0.001,0,False,0.0018970721855338106,0,0,False,0.0018913642396556666,10480000,0.02548,0.24431,16,1.21848
1363,0.001,0.001,0,False,0.0018984378165597092,0,0,False,0.0019107284957927955,10488000,0.02549,0.24935,16,1.21472
1364,0.001,0.001,0,False,0.0019087455493658327,0,0,False,0.002001515144620944,10496000,0.02751,0.2471,16,1.29132
1365,0.001,0.001,0,False,0.001912529625132534,0,0,False,0.0019465863070328442,10500000,0.02364,0.24702,16,0.6158
1366,0.001,0.001,0,False,0.0018880504972413298,0,0,False,0.0016677383462204924,10508000,0.01934,0.24714,16,1.21726
1367,0.001,0.001,0,False,0.0018902837117744909,0,0,False,0.001910382642572943,10516000,0.02525,0.24827,16,1.22904
1368,0.001,0.001,0,False,0.0018761642360395413,0,0,False,0.0017490889544249945,10524000,0.02276,0.25172,16,1.20991
1369,0.001,0.001,0,False,0.001889341448325192,0,0,False,0.002007936358896049,10532000,0.02129,0.24904,16,1.2762
1370,0.001,0.001,0,False,0.001893390629170163,0,0,False,0.0019298332567749042,10540000,0.0191,0.24826,16,1.28371
1371,0.001,0.001,0,False,0.001874757895517465,0,0,False,0.001707063292643181,10548000,0.02323,0.24889,16,1.2924
1372,0.001,0.001,0,False,0.0018883485412736916,0,0,False,0.002010664353079732,10556000,0.02485,0.2507,16,1.28154
1373,0.001,0.001,0,False,0.0018827282479964547,0,0,False,0.0018321456085013238,10564000,0.02412,0.24556,16,1.21536
1374,0.001,0.001,0,False,0.0019037754366397425,0,0,False,0.0020932001344293335,10572000,0.02873,0.24927,16,1.21949
1375,0.001,0.001,0,False,0.001895072125203394,0,0,False,0.0018167423222762557,10580000,0.02345,0.24693,16,1.28848
1376,0.001,0.001,0,False,0.0019003482264864603,0,0,False,0.0019478331380340596,10588000,0.02421,0.24849,16,1.30244
1377,0.001,0.001,0,False,0.0019004647264084682,0,0,False,0.0019015132257065403,10596000,0.02463,0.2477,16,1.32093
1378,0.001,0.001,0,False,0.001932947874392378,0,0,False,0.0022252962062475636,10600000,0.03051,0.24609,16,0.66138
1379,0.001,0.001,0,False,0.001943445640275681,0,0,False,0.00203792553322541,10608000,0.02715,0.24904,16,1.22118
1380,0.001,0.001,0,False,0.0019266560522673303,0,0,False,0.0017755497601921737,10616000,0.0215,0.2438,16,1.21776
1381,0.001,0.001,0,False,0.0019312125454728594,0,0,False,0.00197222098432262,10624000,0.02582,0.24601,16,1.23052
1382,0.001,0.001,0,False,0.0019215765573647563,0,0,False,0.0018348526643918268,10632000,0.01927,0.24887,16,1.21282
1383,0.001,0.001,0,False,0.0019084464747078146,0,0,False,0.0017902757307953399,10640000,0.02299,0.24911,16,1.22041
1384,0.001,0.001,0,False,0.0019163876219460815,0,0,False,0.001987857947090484,10648000,0.0232,0.24831,16,1.23567
1385,0.001,0.001,0,False,0.001884492902759936,0,0,False,0.0015974404300846269,10656000,0.02042,0.24469,16,1.2192
1386,0.001,0.001,0,False,0.0019008150133493216,0,0,False,0.002047714008653793,10664000,0.02362,0.24718,16,1.30171
1387,0.001,0.001,0,False,0.0018985251635451393,0,0,False,0.0018779165153074977,10672000,0.01904,0.24496,16,1.29877
1388,0.001,0.001,0,False,0.0018695241611030979,0,0,False,0.0016085151391247263,10680000,0.01967,0.24635,16,1.22263
1389,0.001,0.001,0,False,0.0018684351966953925,0,0,False,0.0018586345170260457,10688000,0.02613,0.24459,16,1.29606
1390,0.001,0.001,0,False,0.0018477334580703365,0,0,False,0.0016614178104448324,10696000,0.02185,0.24593,16,1.21659
1391,0.001,0.001,0,False,0.00187298234656938,0,0,False,0.0021002223430607717,10700000,0.02791,0.24527,16,0.67685
1392,0.001,0.001,0,False,0.0018649074165903346,0,0,False,0.001792233046778926,10708000,0.02441,0.24732,16,1.2922
1393,0.001,0.001,0,False,0.0018668143734168956,0,0,False,0.0018839769848559439,10716000,0.02363,0.24631,16,1.23082
1394,0.001,0.001,0,False,0.001860774884525475,0,0,False,0.001806419484502689,10724000,0.02408,0.24744,16,1.21031
1395,0.001,0.001,0,False,0.00184718778568211,0,0,False,0.0017249038960918267,10732000,0.02257,0.2443,16,1.21277
1396,0.001,0.001,0,False,0.0018552347443346062,0,0,False,0.0019276573722070717,10740000,0.0242,0.24652,16,1.21165
1397,0.001,0.001,0,False,0.001850400744108883,0,0,False,0.0018068947420773725,10748000,0.02326,0.2441,16,1.21285
1398,0.001,0.001,0,False,0.0018503833517264027,0,0,False,0.001850226820284081,10756000,0.02105,0.24275,16,1.29804
1399,0.001,0.001,0,False,0.001845876016186546,0,0,False,0.0018053099963278366,10764000,0.02367,0.24455,16,1.29573
1400,0.001,0.001,0,False,0.0018390990800106828,0,0,False,0.0017781066544279153,10772000,0.02372,0.24387,16,1.2125
1401,0.001,0.001,0,False,0.0018336710474066607,0,0,False,0.001784818753970462,10780000,0.02085,0.24492,16,1.29373
1402,0.001,0.001,0,False,0.0018148387010555214,0,0,False,0.0016453475838952673,10788000,0.02134,0.24331,16,1.20947
1403,0.001,0.001,0,False,0.0018307023912970336,0,0,False,0.001973475603470644,10796000,0.02778,0.24849,16,1.22963
1404,0.001,0.001,0,False,0.0018570656581645953,0,0,False,0.002094335059972649,10800000,0.02715,0.247,16,0.61422
1405,0.001,0.001,0,False,0.0018502108390538452,0,0,False,0.001788517467057094,10808000,0.0203,0.24483,16,1.30058
1406,0.001,0.001,0,False,0.0018619195356009205,0,0,False,0.0019672978045245973,10816000,0.02693,0.24405,16,1.28252
1407,0.001,0.001,0,False,0.0018722634028278972,0,0,False,0.001965358207870689,10824000,0.02589,0.24689,16,1.21163
1408,0.001,0.001,0,False,0.0018750500107337967,0,0,False,0.0019001294818868934,10832000,0.02469,0.24547,16,1.21109
1409,0.001,0.001,0,False,0.0018716057433508485,0,0,False,0.0018406073369043126,10840000,0.02446,0.2425,16,1.31391
1410,0.001,0.001,0,False,0.001868495146081231,0,0,False,0.001840499770654673,10848000,0.02127,0.24708,16,1.21464
1411,0.001,0.001,0,False,0.0018734632028197923,0,0,False,0.0019181757134668436,10856000,0.02369,0.24323,16,1.21551
1412,0.001,0.001,0,False,0.0018866588845276294,0,0,False,0.0020054200198981625,10864000,0.02776,0.24371,16,1.29207
1413,0.001,0.001,0,False,0.001877342310746646,0,0,False,0.0017934931467177967,10872000,0.0238,0.24429,16,1.31187
1414,0.001,0.001,0,False,0.001869506073584454,0,0,False,0.0017989799391247255,10880000,0.02362,0.24468,16,1.29365
1415,0.001,0.001,0,False,0.0018706769949891388,0,0,False,0.0018812152876313028,10888000,0.02467,0.24295,16,1.30597
1416,0.001,0.001,0,False,0.0018873823020561212,0,0,False,0.0020377300656589633,10896000,0.02769,0.24264,16,1.21604
1417,0.001,0.001,0,False,0.0018877819715783493,0,0,False,0.001891378997278403,10900000,0.02533,0.2429,16,0.6637
1418,0.001,0.001,0,False,0.0018601825593681659,0,0,False,0.001611787849476515,10908000,0.02144,0.24306,16,1.21503
1419,0.001,0.001,0,False,0.0018475489875202397,0,0,False,0.001733846840888903,10916000,0.02279,0.24255,16,1.21104
1420,0.001,0.001,0,False,0.0018483912581189524,0,0,False,0.0018559716935073666,10924000,0.02144,0.2447,16,1.28927
1421,0.001,0.001,0,False,0.0018505985539229686,0,0,False,0.0018704642161591154,10932000,0.02469,0.24456,16,1.21902
1422,0.001,0.001,0,False,0.0018567977978915947,0,0,False,0.0019125909936092294,10940000,0.0261,0.24081,16,1.28814
1423,0.001,0.001,0,False,0.0018822547699546947,0,0,False,0.0021113675185225945,10948000,0.02886,0.24478,16,1.28227
1424,0.001,0.001,0,False,0.0018832789331189568,0,0,False,0.0018924964015973155,10956000,0.02525,0.24422,16,1.20866
1425,0.001,0.001,0,False,0.0018880401909609236,0,0,False,0.0019308915115386245,10964000,0.02557,0.24326,16,1.21888
1426,0.001,0.001,0,False,0.0018871765862311727,0,0,False,0.0018794041436634166,10972000,0.02429,0.24374,16,1.23764
1427,0.001,0.001,0,False,0.0018692000520998985,0,0,False,0.001707411244918432,10980000,0.02145,0.24116,16,1.21566
1428,0.001,0.001,0,False,0.001861259759496921,0,0,False,0.0017897971260701247,10988000,0.02231,0.24456,16,1.29873
1429,0.001,0.001,0,False,0.0018355342993240074,0,0,False,0.0016040051577677853,10996000,0.02067,0.24253,16,1.29833
1430,0.001,0.001,0,False,0.0018502018781930809,0,0,False,0.001982210088014743,11000000,0.02707,0.24317,16,0.62819
1431,0.001,0.001,0,False,0.0018549537778067555,0,0,False,0.0018977208743298263,11008000,0.02585,0.24507,16,1.21231
1432,0.001,0.001,0,False,0.0018653207084601915,0,0,False,0.001958623084341116,11016000,0.0269,0.24493,16,1.3125
1433,0.001,0.001,0,False,0.0018736792947559309,0,0,False,0.0019489065714175854,11024000,0.02678,0.24406,16,1.21393
1434,0.001,0.001,0,False,0.0018579108879985668,0,0,False,0.0017159952271822885,11032000,0.02153,0.24402,16,1.29072
1435,0.001,0.001,0,False,0.00186126572418653,0,0,False,0.001891459249878199,11040000,0.02549,0.24722,16,1.21662
1436,0.001,0.001,0,False,0.001857123657558649,0,0,False,0.001819845057907722,11048000,0.02348,0.24574,16,1.29687
1437,0.001,0.001,0,False,0.0018410043348532714,0,0,False,0.001695930430504872,11056000,0.01722,0.24527,16,1.30643
1438,0.001,0.001,0,False,0.001850341152372842,0,0,False,0.001934372510048975,11064000,0.0256,0.24534,16,1.29538
1439,0.001,0.001,0,False,0.0018890933852071272,0,0,False,0.002237863480715694,11072000,0.02664,0.24288,16,1.24349
1440,0.001,0.001,0,False,0.001889047935997349,0,0,False,0.0018886388931093469,11080000,0.02603,0.24269,16,1.22985
1441,0.001,0.001,0,False,0.0018846398862894242,0,0,False,0.001844967438918101,11088000,0.02408,0.24333,16,1.21958
1442,0.001,0.001,0,False,0.0018744799676370287,0,0,False,0.00178304069976547,11096000,0.02362,0.24257,16,1.3263
1443,0.001,0.001,0,False,0.0018660242948889993,0,0,False,0.0017899232401567347,11100000,0.02406,0.24537,16,0.61747
1444,0.001,0.001,0,False,0.0018424907060987786,0,0,False,0.0016306884069867919,11108000,0.02182,0.24366,16,1.2741
1445,0.001,0.001,0,False,0.0018451941606085738,0,0,False,0.00186952525119673,11116000,0.02255,0.2459,16,1.2361
1446,0.001,0.001,0,False,0.0018448013741065822,0,0,False,0.0018412662955886584,11124000,0.02277,0.24572,16,1.20702
1447,0.001,0.001,0,False,0.0018548237934637767,0,0,False,0.0019450255676785276,11132000,0.02655,0.24537,16,1.2983
1448,0.001,0.001,0,False,0.0018511590052937355,0,0,False,0.0018181759117633658,11140000,0.02343,0.24306,16,1.23282
1449,0.001,0.001,0,False,0.0018520190274023888,0,0,False,0.001859759226380268,11148000,0.02263,0.24652,16,1.21002
1450,0.001,0.001,0,False,0.001850504046574667,0,0,False,0.0018368692191251708,11156000,0.02484,0.24446,16,1.28637
1451,0.001,0.001,0,False,0.0018598722338888194,0,0,False,0.001944185919716189,11164000,0.02627,0.24498,16,1.2322
1452,0.001,0.001,0,False,0.0018484659371261422,0,0,False,0.0017458092662620472,11172000,0.02279,0.24092,16,1.20741
1453,0.001,0.001,0,False,0.001859125798082069,0,0,False,0.0019550645466854108,11180000,0.02555,0.2446,16,1.21591
1454,0.001,0.001,0,False,0.0018498694816065453,0,0,False,0.001766562633326833,11188000,0.02269,0.24416,16,1.22572
1455,0.001,0.001,0,False,0.0018316158619426422,0,0,False,0.001667333284967515,11196000,0.02174,0.24325,16,1.23169
1456,0.001,0.001,0,False,0.0018744601521841126,0,0,False,0.0022600587643573453,11200000,0.02957,0.24832,16,0.6592
1457,0.001,0.001,0,False,0.00188386399967679,0,0,False,0.001968498627110886,11208000,0.02657,0.24575,16,1.22321
1458,0.001,0.001,0,False,0.0018633651983604425,0,0,False,0.0016788759865133155,11216000,0.02131,0.24395,16,1.2098
1459,0.001,0.001,0,False,0.0018499440180858827,0,0,False,0.001729153395614845,11224000,0.02269,0.24531,16,1.2107
1460,0.001,0.001,0,False,0.0018726959968917167,0,0,False,0.002077463806144224,11232000,0.02924,0.24396,16,1.28565
1461,0.001,0.001,0,False,0.0018560649092964484,0,0,False,0.0017063851209390337,11240000,0.02237,0.24296,16,1.3107
1462,0.001,0.001,0,False,0.0018487024979759975,0,0,False,0.00178244079609194,11248000,0.02277,0.24357,16,1.29908
1463,0.001,0.001,0,False,0.0018721618349841756,0,0,False,0.002083295868057777,11256000,0.02822,0.24706,16,1.20583
1464,0.001,0.001,0,False,0.0018527198201033577,0,0,False,0.0016777416861759955,11264000,0.02264,0.24246,16,1.299
1465,0.001,0.001,0,False,0.001850962037217319,0,0,False,0.0018351419912429707,11272000,0.0239,0.24463,16,1.29259
1466,0.001,0.001,0,False,0.0018567143005831731,0,0,False,0.0019084846708758603,11280000,0.02496,0.2408,16,1.23234
1467,0.001,0.001,0,False,0.0018486312338870689,0,0,False,0.0017758836336221303,11288000,0.02327,0.24319,16,1.29181
1468,0.001,0.001,0,False,0.0018310193945413097,0,0,False,0.0016725128404294768,11296000,0.02083,0.24076,16,1.31707
1469,0.001,0.001,0,False,0.0018144365741173494,0,0,False,0.0016651911903017066,11300000,0.01876,0.23994,16,0.66423
1470,0.001,0.001,0,False,0.0018157004817222024,0,0,False,0.0018270756501658797,11308000,0.0231,0.24279,16,1.22585
1471,0.001,0.001,0,False,0.0018184831991447776,0,0,False,0.0018435276559479533,11316000,0.02148,0.24279,16,1.28115
1472,0.001,0.001,0,False,0.001805951090990699,0,0,False,0.0016931621176039934,11324000,0.02188,0.24046,16,1.29724
1473,0.001,0.001,0,False,0.0018014590318929118,0,0,False,0.001761030500012827,11332000,0.01902,0.24075,16,1.31185
1474,0.001,0.001,0,False,0.0017956800074748953,0,0,False,0.0017436687877127488,11340000,0.022,0.24387,16,1.29919
1475,0.001,0.001,0,False,0.0018000607628321766,0,0,False,0.0018394875610477075,11348000,0.02221,0.24167,16,1.29176
1476,0.001,0.001,0,False,0.0017957803051292201,0,0,False,0.0017572561858026138,11356000,0.02261,0.24034,16,1.31127
1477,0.001,0.001,0,False,0.0017798697986483767,0,0,False,0.0016366752403207863,11364000,0.02057,0.24161,16,1.23695
1478,0.001,0.001,0,False,0.0017714675070653915,0,0,False,0.0016958468828185249,11372000,0.02052,0.24071,16,1.21345
1479,0.001,0.001,0,False,0.0017807274238810188,0,0,False,0.0018640666752216643,11380000,0.0225,0.24294,16,1.21501
1480,0.001,0.001,0,False,0.0017746718423995627,0,0,False,0.0017201716090664558,11388000,0.02425,0.2424,16,1.21167
1481,0.001,0.001,0,False,0.0017747751680090408,0,0,False,0.0017757050984943431,11396000,0.02305,0.24314,16,1.22065
1482,0.001,0.001,0,False,0.001783454872190004,0,0,False,0.0018615722098186734,11400000,0.02194,0.24659,16,0.66411
1483,0.001,0.001,0,False,0.001780827962459697,0,0,False,0.0017571857748869314,11408000,0.02189,0.24334,16,1.30796
1484,0.001,0.001,0,False,0.0018036688829541222,0,0,False,0.0020092371674039484,11416000,0.02742,0.24337,16,1.29998
1485,0.001,0.001,0,False,0.0018007349881005046,0,0,False,0.0017743299344179467,11424000,0.02319,0.24124,16,1.28758
1486,0.001,0.001,0,False,0.0018238733952316306,0,0,False,0.002032119059411763,11432000,0.02712,0.24195,16,1.29295
1487,0.001,0.001,0,False,0.0018301276924914593,0,0,False,0.001886416367829919,11440000,0.02576,0.24357,16,1.31457
1488,0.001,0.001,0,False,0.001829283116603459,0,0,False,0.0018216819336114554,11448000,0.02368,0.24117,16,1.28845
1489,0.001,0.001,0,False,0.0018192509349297527,0,0,False,0.0017289612998663956,11456000,0.02184,0.24312,16,1.21092
1490,0.001,0.001,0,False,0.0018199377405601327,0,0,False,0.0018261189912335525,11464000,0.02407,0.24415,16,1.29459
1491,0.001,0.001,0,False,0.0018270593497178814,0,0,False,0.001891153832137618,11472000,0.02079,0.24127,16,1.22836
1492,0.001,0.001,0,False,0.0018265473598290181,0,0,False,0.00182193945082925,11480000,0.02356,0.24306,16,1.22279
1493,0.001,0.001,0,False,0.0018191350180479938,0,0,False,0.0017524239420187758,11488000,0.0222,0.24193,16,1.21371
1494,0.001,0.001,0,False,0.0018072316443155337,0,0,False,0.0017001012807233945,11496000,0.01896,0.24219,16,1.20864
1495,0.001,0.001,0,False,0.001831672202610641,0,0,False,0.0020516372272666073,11500000,0.02576,0.2434,16,0.70644
1496,0.001,0.001,0,False,0.001840891468345034,0,0,False,0.0019238648599545713,11508000,0.02649,0.24213,16,1.21494
1497,0.001,0.001,0,False,0.0018397300793040975,0,0,False,0.0018292775779356692,11516000,0.02206,0.2411,16,1.21242
1498,0.001,0.001,0,False,0.0018200608081060752,0,0,False,0.0016430373673238733,11524000,0.01945,0.24155,16,1.21227
1499,0.001,0.001,0,False,0.0018230408652193332,0,0,False,0.0018498613792386565,11532000,0.02471,0.24181,16,1.22089
1500,0.001,0.001,0,False,0.0018287917691836803,0,0,False,0.0018805499048628045,11540000,0.02385,0.24289,16,1.2192
1501,0.001,0.001,0,False,0.00184624462342459,0,0,False,0.0020033203115927788,11548000,0.02728,0.24311,16,1.29935
1502,0.001,0.001,0,False,0.0018420982975909336,0,0,False,0.001804781365088026,11556000,0.0233,0.24282,16,1.30105
1503,0.001,0.001,0,False,0.0018497037196125354,0,0,False,0.0019181525178069516,11564000,0.02551,0.2417,16,1.20943
1504,0.001,0.001,0,False,0.0018609971667572299,0,0,False,0.0019626381910594795,11572000,0.02345,0.24243,16,1.29407
1505,0.001,0.001,0,False,0.0018591555067760577,0,0,False,0.0018425805669455091,11580000,0.02503,0.24483,16,1.29244
1506,0.001,0.001,0,False,0.0018728463092521136,0,0,False,0.0019960635315366174,11588000,0.02453,0.24191,16,1.29066
1507,0.001,0.001,0,False,0.0018551460572850138,0,0,False,0.0016958437895811165,11596000,0.0225,0.24385,16,1.31347
1508,0.001,0.001,0,False,0.0018900051896439648,0,0,False,0.0022037373808745245,11600000,0.03084,0.24351,16,0.62956
1509,0.001,0.001,0,False,0.0019099071497648663,0,0,False,0.0020890247908529782,11608000,0.02763,0.24415,16,1.26683
1510,0.001,0.001,0,False,0.0018830668538794614,0,0,False,0.0016415041909108182,11616000,0.02167,0.24496,16,1.28149
1511,0.001,0.001,0,False,0.001875743516866408,0,0,False,0.0018098334837489283,11624000,0.02531,0.24286,16,1.28319
1512,0.001,0.001,0,False,0.0018807029972273443,0,0,False,0.0019253383204757707,11632000,0.02676,0.24144,16,1.29281
1513,0.001,0.001,0,False,0.0018680926479230074,0,0,False,0.0017545995041839742,11640000,0.02158,0.24123,16,1.29695
1514,0.001,0.001,0,False,0.0018942138991965493,0,0,False,0.0021293051606584277,11648000,0.02394,0.24217,16,1.22098
1515,0.001,0.001,0,False,0.0018756353337903249,0,0,False,0.0017084282451343042,11656000,0.02273,0.23818,16,1.29256
1516,0.001,0.001,0,False,0.001887959039042734,0,0,False,0.0019988723863144167,11664000,0.02747,0.24397,16,1.21659
1517,0.001,0.001,0,False,0.001881057864209693,0,0,False,0.0018189472907123238,11672000,0.02194,0.24221,16,1.21167
1518,0.001,0.001,0,False,0.0018715522980878845,0,0,False,0.0017860022029916082,11680000,0.02262,0.24549,16,1.21136
1519,0.001,0.001,0,False,0.0018565037971298736,0,0,False,0.0017210672885077758,11688000,0.02255,0.24074,16,1.30345
1520,0.001,0.001,0,False,0.001863009357076269,0,0,False,0.0019215593965938279,11696000,0.02306,0.24355,16,1.30387
1521,0.001,0.001,0,False,0.001917295537202035,0,0,False,0.0024058711583339306,11700000,0.02934,0.24193,16,0.67289
1522,0.001,0.001,0,False,0.0019172054245128285,0,0,False,0.0019163944103099682,11708000,0.02437,0.24333,16,1.28319
1523,0.001,0.001,0,False,0.0018850591783627615,0,0,False,0.0015957429630121583,11716000,0.01942,0.24196,16,1.21971
1524,0.001,0.001,0,False,0.0018809742854781464,0,0,False,0.001844210249516612,11724000,0.0253,0.24111,16,1.23093
1525,0.001,0.001,0,False,0.0018793820936298456,0,0,False,0.0018650523669951381,11732000,0.02351,0.24411,16,1.28223
1526,0.001,0.001,0,False,0.0018947419633943083,0,0,False,0.0020329807912744732,11740000,0.02735,0.24238,16,1.31488
1527,0.001,0.001,0,False,0.0018921323151660637,0,0,False,0.0018686454811118645,11748000,0.02372,0.24211,16,1.29218
1528,0.001,0.001,0,False,0.0018888060367001844,0,0,False,0.001858869530507271,11756000,0.02356,0.24313,16,1.28868
1529,0.001,0.001,0,False,0.0018604842896234662,0,0,False,0.0016055885659330045,11764000,0.02104,0.24554,16,1.28788
1530,0.001,0.001,0,False,0.0018460071224992655,0,0,False,0.0017157126183814592,11772000,0.02319,0.24079,16,1.21486
1531,0.001,0.001,0,False,0.001829252730083655,0,0,False,0.0016784631983431616,11780000,0.02136,0.24563,16,1.21099
1532,0.001,0.001,0,False,0.0018277955597583414,0,0,False,0.0018146810268305196,11788000,0.02355,0.24305,16,1.29636
1533,0.001,0.001,0,False,0.0018259092594941372,0,0,False,0.0018089325571162987,11796000,0.02383,0.24445,16,1.2153
1534,0.001,0.001,0,False,0.0018384033289996827,0,0,False,0.0019508499545495925,11800000,0.02685,0.23943,16,0.63239
1535,0.001,0.001,0,False,0.0018416869918035125,0,0,False,0.001871239957037981,11808000,0.0257,0.24129,16,1.23294
1536,0.001,0.001,0,False,0.0018363664559472737,0,0,False,0.0017884816332411236,11816000,0.02406,0.24077,16,1.2353
1537,0.001,0.001,0,False,0.0018628889498309605,0,0,False,0.0021015913947841406,11824000,0.02818,0.24599,16,1.22975
1538,0.001,0.001,0,False,0.001844296470004843,0,0,False,0.0016769641515697866,11832000,0.02177,0.24225,16,1.22818
1539,0.001,0.001,0,False,0.001840784337931578,0,0,False,0.001809175149272193,11840000,0.02254,0.24193,16,1.21083
1540,0.001,0.001,0,False,0.001836480687877203,0,0,False,0.0017977478373878287,11848000,0.02281,0.24511,16,1.29721
1541,0.001,0.001,0,False,0.0018340929933386586,0,0,False,0.0018126037424917585,11856000,0.02391,0.2391,16,1.21256
1542,0.001,0.001,0,False,0.0018350143467732612,0,0,False,0.0018433065276846866,11864000,0.02298,0.24412,16,1.20684
1543,0.001,0.001,0,False,0.0018773621044252454,0,0,False,0.0022584919232931026,11872000,0.02854,0.2441,16,1.22561
1544,0.001,0.001,0,False,0.0018841179744591133,0,0,False,0.0019449208047639243,11880000,0.02623,0.24345,16,1.29308
1545,0.001,0.001,0,False,0.001893956225132045,0,0,False,0.00198250048118843,11888000,0.02651,0.24093,16,1.31471
1546,0.001,0.001,0,False,0.0018942408504125528,0,0,False,0.0018968024779371223,11896000,0.02557,0.2412,16,1.36241
1547,0.001,0.001,0,False,0.0019233932439643579,0,0,False,0.002185764785930602,11900000,0.03074,0.2422,16,0.62256
1548,0.001,0.001,0,False,0.0019372409403160854,0,0,False,0.002061870207481635,11908000,0.02789,0.24394,16,1.21842
1549,0.001,0.001,0,False,0.0019405836296432046,0,0,False,0.001970667833587278,11916000,0.02388,0.24309,16,1.22083
1550,0.001,0.001,0,False,0.0019191094442869473,0,0,False,0.0017258417760806315,11924000,0.02203,0.24369,16,1.28941
1551,0.001,0.001,0,False,0.001890537735016785,0,0,False,0.0016333923515853234,11932000,0.02066,0.24183,16,1.30653
1552,0.001,0.001,0,False,0.0018906425034000553,0,0,False,0.0018915854188494882,11940000,0.02611,0.24195,16,1.21239
1553,0.001,0.001,0,False,0.0018941096184273021,0,0,False,0.0019253136536725255,11948000,0.02503,0.24479,16,1.29698
1554,0.001,0.001,0,False,0.001882331956442817,0,0,False,0.0017763329985824498,11956000,0.02048,0.2452,16,1.28941
1555,0.001,0.001,0,False,0.0018898313276661041,0,0,False,0.0019573256686756897,11964000,0.02478,0.242,16,1.3041
1556,0.001,0.001,0,False,0.001896529412460382,0,0,False,0.001956812175608883,11972000,0.02329,0.24236,16,1.21817
1557,0.001,0.001,0,False,0.0019008239712018167,0,0,False,0.0019394749998747308,11980000,0.02502,0.24191,16,1.21101
1558,0.001,0.001,0,False,0.0018898578428176802,0,0,False,0.0017911626873604507,11988000,0.02404,0.24108,16,1.31896
1559,0.001,0.001,0,False,0.0018882922931055563,0,0,False,0.0018742023456964408,11996000,0.0256,0.23981,16,1.21137
1560,0.001,0.001,0,False,0.0019029756944059619,0,0,False,0.002035126306109611,12000000,0.02613,0.24641,16,0.71929
1561,0.001,0.001,0,False,0.001887891535853585,0,0,False,0.0017521341088821928,12008000,0.02236,0.24163,16,1.21053
1562,0.001,0.001,0,False,0.0018780380835479067,0,0,False,0.0017893570127968015,12016000,0.0237,0.24083,16,1.28278
1563,0.001,0.001,0,False,0.0018884223546508207,0,0,False,0.001981880794577047,12024000,0.02111,0.24051,16,1.30554
1564,0.001,0.001,0,False,0.0018793534192732412,0,0,False,0.0017977330008750237,12032000,0.0221,0.23961,16,1.20535
1565,0.001,0.001,0,False,0.0018797231215862782,0,0,False,0.001883050442403611,12040000,0.02569,0.24179,16,1.20988
1566,0.001,0.001,0,False,0.0018972945820928647,0,0,False,0.0020554377266521428,12048000,0.02802,0.23916,16,1.22384
1567,0.001,0.001,0,False,0.0018690608087581894,0,0,False,0.001614956848746112,12056000,0.02057,0.24038,16,1.28599
1568,0.001,0.001,0,False,0.0018555710760229504,0,0,False,0.0017341634814058001,12064000,0.02236,0.24064,16,1.23137
1569,0.001,0.001,0,False,0.0018694195053357843,0,0,False,0.0019940553691512883,12072000,0.0253,0.24105,16,1.2124
1570,0.001,0.001,0,False,0.0018588827739768857,0,0,False,0.0017640521917467987,12080000,0.02111,0.23956,16,1.29151
1571,0.001,0.001,0,False,0.0018477109217609014,0,0,False,0.0017471642518170412,12088000,0.02357,0.23785,16,1.21977
1572,0.001,0.001,0,False,0.0018578965376048358,0,0,False,0.0019495670802002459,12096000,0.02604,0.24173,16,1.21936
1573,0.001,0.001,0,False,0.0018813919091721244,0,0,False,0.0020928502532777202,12100000,0.02742,0.23674,16,0.61615
1574,0.001,0.001,0,False,0.0018677826422051963,0,0,False,0.0017452992395028419,12108000,0.02232,0.24184,16,1.2923
1575,0.001,0.001,0,False,0.0018733152184496214,0,0,False,0.0019231084046494496,12116000,0.0253,0.24314,16,1.20466
1576,0.001,0.001,0,False,0.00185874348245535,0,0,False,0.0017275978585069068,12124000,0.02226,0.23911,16,1.20285
1577,0.001,0.001,0,False,0.001871757386000585,0,0,False,0.0019888825179077,12132000,0.02486,0.24273,16,1.3131
1578,0.001,0.001,0,False,0.0018610784066365512,0,0,False,0.0017649675923602467,12140000,0.02346,0.24045,16,1.21824
1579,0.001,0.001,0,False,0.0018507227401613085,0,0,False,0.0017575217418841229,12148000,0.02334,0.24166,16,1.30643
1580,0.001,0.001,0,False,0.0018637191538827783,0,0,False,0.0019806868773760058,12156000,0.02371,0.24157,16,1.22092
1581,0.001,0.001,0,False,0.001875641751414997,0,0,False,0.001982945129204967,12164000,0.02573,0.24025,16,1.20858
1582,0.001,0.001,0,False,0.0018711696142736842,0,0,False,0.0018309203800018696,12172000,0.02078,0.24077,16,1.209
1583,0.001,0.001,0,False,0.0018557836969854966,0,0,False,0.0017173104413918086,12180000,0.02167,0.23994,16,1.21221
1584,0.001,0.001,0,False,0.0018463897198551927,0,0,False,0.0017618439256824568,12188000,0.02321,0.24018,16,1.21599
1585,0.001,0.001,0,False,0.0018452010766484353,0,0,False,0.0018345032877876187,12196000,0.02259,0.24049,16,1.30635
1586,0.001,0.001,0,False,0.0018698451112256968,0,0,False,0.0020916414224210504,12200000,0.02803,0.24133,16,0.66502
1587,0.001,0.001,0,False,0.0018557033027515881,0,0,False,0.0017284270264846112,12208000,0.02386,0.2403,16,1.21612
1588,0.001,0.001,0,False,0.0018508870149470075,0,0,False,0.0018075404247057806,12216000,0.02454,0.24156,16,1.23926
1589,0.001,0.001,0,False,0.0018463461239977572,0,0,False,0.0018054781054545061,12224000,0.02049,0.24081,16,1.28649
1590,0.001,0.001,0,False,0.001844165507783198,0,0,False,0.001824539961852166,12232000,0.02419,0.24151,16,1.21714
1591,0.001,0.001,0,False,0.0018707389198039314,0,0,False,0.002109899627990534,12240000,0.02388,0.24227,16,1.30003
1592,0.001,0.001,0,False,0.00186020478699726,0,0,False,0.0017653975917372156,12248000,0.02321,0.24368,16,1.22964
1593,0.001,0.001,0,False,0.0018455509956528233,0,0,False,0.0017136668735528938,12256000,0.02158,0.24027,16,1.30274
1594,0.001,0.001,0,False,0.0018452266505238218,0,0,False,0.0018423075443628099,12264000,0.02245,0.2409,16,1.22036
1595,0.001,0.001,0,False,0.00184728720159791,0,0,False,0.0018658321612647036,12272000,0.02537,0.24216,16,1.21546
1596,0.001,0.001,0,False,0.0018459380548219932,0,0,False,0.001833795733838742,12280000,0.02457,0.24246,16,1.30462
1597,0.001,0.001,0,False,0.0018477542245680485,0,0,False,0.001864099752282545,12288000,0.02404,0.24293,16,1.21478
1598,0.001,0.001,0,False,0.0018430450380491656,0,0,False,0.0018006623593792204,12296000,0.02422,0.23906,16,1.2159
1599,0.001,0.001,0,False,0.001876953965724993,0,0,False,0.0021821343148074397,12300000,0.03046,0.24237,16,0.66536
1600,0.001,0.001,0,False,0.0018875777204258194,0,0,False,0.001983191512733257,12308000,0.02063,0.24046,16,1.2323
1601,0.001,0.001,0,False,0.0018942535310317347,0,0,False,0.001954335826484973,12316000,0.02652,0.2419,16,1.20989
1602,0.001,0.001,0,False,0.0019035503013060883,0,0,False,0.0019872212337752712,12324000,0.02503,0.24175,16,1.21666
1603,0.001,0.001,0,False,0.001916220634203749,0,0,False,0.002030253630282694,12332000,0.02646,0.24346,16,1.21948
1604,0.001,0.001,0,False,0.0018902969561248823,0,0,False,0.0016569838534150822,12340000,0.02101,0.23954,16,1.21648
1605,0.001,0.001,0,False,0.0018814336135879479,0,0,False,0.0018016635307555385,12348000,0.02294,0.23926,16,1.34001
1606,0.001,0.001,0,False,0.0018815427890671187,0,0,False,0.0018825253683796548,12356000,0.02484,0.23993,16,1.31003
1607,0.001,0.001,0,False,0.001852489878044586,0,0,False,0.001591013678841792,12364000,0.01903,0.23676,16,1.31193
1608,0.001,0.001,0,False,0.0018912456029619026,0,0,False,0.002240047127217752,12372000,0.03194,0.24112,16,1.21471
1609,0.001,0.001,0,False,0.0018900742098682643,0,0,False,0.0018795316720255208,12380000,0.02458,0.24108,16,1.20561
1610,0.001,0.001,0,False,0.001882485017638018,0,0,False,0.0018141822875658012,12388000,0.02351,0.24264,16,1.21884
1611,0.001,0.001,0,False,0.001897330213750672,0,0,False,0.002030936978764558,12396000,0.02741,0.23864,16,1.23108
1612,0.001,0.001,0,False,0.0019070925536773453,0,0,False,0.0019949536130174053,12400000,0.02637,0.24404,16,0.62977
1613,0.001,0.001,0,False,0.0018903651557268975,0,0,False,0.0017398185741728672,12408000,0.02197,0.23924,16,1.30446
1614,0.001,0.001,0,False,0.0018847543072893706,0,0,False,0.001834256671351627,12416000,0.02266,0.23624,16,1.23
1615,0.001,0.001,0,False,0.0018811679081437607,0,0,False,0.0018488903158332722,12424000,0.0206,0.24019,16,1.20768
1616,0.001,0.001,0,False,0.0018615856559068447,0,0,False,0.0016853453857746004,12432000,0.0223,0.24066,16,1.29301
1617,0.001,0.001,0,False,0.0018570397045543502,0,0,False,0.001816126142381898,12440000,0.02363,0.23896,16,1.28814
1618,0.001,0.001,0,False,0.0018544569805386483,0,0,False,0.0018312124643973305,12448000,0.02407,0.23766,16,1.2851
1619,0.001,0.001,0,False,0.0018448269768843104,0,0,False,0.0017581569439952675,12456000,0.02317,0.23739,16,1.21671
1620,0.001,0.001,0,False,0.0018639352640256806,0,0,False,0.002035909848298014,12464000,0.02106,0.2391,16,1.31282
1621,0.001,0.001,0,False,0.0018693872753593143,0,0,False,0.0019184553773620178,12472000,0.02527,0.23489,16,1.22725
1622,0.001,0.001,0,False,0.0018527254866330313,0,0,False,0.0017027693880964862,12480000,0.02285,0.23859,16,1.20932
1623,0.001,0.001,0,False,0.0018576018447100308,0,0,False,0.001901489067403027,12488000,0.02559,0.23861,16,1.31207
1624,0.001,0.001,0,False,0.001852678545037294,0,0,False,0.0018083688479826605,12496000,0.02358,0.2372,16,1.30653
1625,0.001,0.001,0,False,0.001865156311850085,0,0,False,0.001977456213165204,12500000,0.02628,0.23696,16,0.61137
1626,0.001,0.001,0,False,0.0018665102248501268,0,0,False,0.0018786954418505027,12508000,0.02569,0.24082,16,1.28398
1627,0.001,0.001,0,False,0.001849191361280735,0,0,False,0.001693321589156209,12516000,0.02207,0.23798,16,1.28323
1628,0.001,0.001,0,False,0.0018468161242015954,0,0,False,0.0018254389904893392,12524000,0.02508,0.24022,16,1.2138
1629,0.001,0.001,0,False,0.0018587064426494847,0,0,False,0.0019657193086804877,12532000,0.02557,0.23874,16,1.29739
1630,0.001,0.001,0,False,0.0018630901645331698,0,0,False,0.0019025436614863351,12540000,0.02203,0.24072,16,1.29459
1631,0.001,0.001,0,False,0.0018602957572649024,0,0,False,0.0018351460918504961,12548000,0.02582,0.23558,16,1.29527
1632,0.001,0.001,0,False,0.0018673244910767887,0,0,False,0.0019305830953837665,12556000,0.02653,0.23992,16,1.21658
1633,0.001,0.001,0,False,0.0018470237702868076,0,0,False,0.001664317283176977,12564000,0.02182,0.23809,16,1.29732
1634,0.001,0.001,0,False,0.0018432482174231585,0,0,False,0.0018092682416503178,12572000,0.02455,0.23756,16,1.32587
1635,0.001,0.001,0,False,0.001839440241349873,0,0,False,0.0018051684566903015,12580000,0.02467,0.23638,16,1.30018
1636,0.001,0.001,0,False,0.0018717713306695457,0,0,False,0.0021627511345466005,12588000,0.02652,0.24074,16,1.2347
1637,0.001,0.001,0,False,0.0018805901016097665,0,0,False,0.0019599590400717548,12596000,0.0216,0.23858,16,1.21862
1638,0.001,0.001,0,False,0.0018906225059730595,0,0,False,0.001980914145242696,12600000,0.02853,0.24134,16,0.61653
1639,0.001,0.001,0,False,0.0018949008605404953,0,0,False,0.001933406051647419,12608000,0.02514,0.24146,16,1.28451
1640,0.001,0.001,0,False,0.0018997191040136187,0,0,False,0.0019430832952717309,12616000,0.02309,0.24005,16,1.208
1641,0.001,0.001,0,False,0.0018955157298796276,0,0,False,0.0018576853626737079,12624000,0.02172,0.23757,16,1.21924
1642,0.001,0.001,0,False,0.0018946110111967324,0,0,False,0.0018864685430506753,12632000,0.02213,0.23958,16,1.20954
1643,0.001,0.001,0,False,0.001894145059968808,0,0,False,0.0018899514989174887,12640000,0.02476,0.23935,16,1.22887
1644,0.001,0.001,0,False,0.001885244735712181,0,0,False,0.0018051418174025394,12648000,0.02414,0.24047,16,1.29868
1645,0.001,0.001,0,False,0.0018956226036699678,0,0,False,0.0019890234152900497,12656000,0.02718,0.23764,16,1.23858
1646,0.001,0.001,0,False,0.0018797653829336633,0,0,False,0.0017370503963069228,12664000,0.02299,0.23793,16,1.30031
1647,0.001,0.001,0,False,0.0018731984278295773,0,0,False,0.0018140958318928035,12672000,0.02395,0.23811,16,1.21961
1648,0.001,0.001,0,False,0.0018806431803956628,0,0,False,0.0019476459534904316,12680000,0.02709,0.23543,16,1.31857
1649,0.001,0.001,0,False,0.0018737788884715418,0,0,False,0.0018120002611544516,12688000,0.02348,0.23471,16,1.29889
1650,0.001,0.001,0,False,0.001861522188743948,0,0,False,0.0017512118911956031,12696000,0.02203,0.2405,16,1.3189
1651,0.001,0.001,0,False,0.0018719975889694635,0,0,False,0.0019662761909991036,12700000,0.02414,0.23994,16,0.62176
1652,0.001,0.001,0,False,0.0018469360663118085,0,0,False,0.0016213823623929134,12708000,0.02053,0.23805,16,1.21534
1653,0.001,0.001,0,False,0.0018323922301406552,0,0,False,0.0017014977046002759,12716000,0.02232,0.23899,16,1.29407
1654,0.001,0.001,0,False,0.0018107140287019505,0,0,False,0.0016156102157536085,12724000,0.02064,0.23575,16,1.21851
1655,0.001,0.001,0,False,0.001848045397125585,0,0,False,0.0021840277129382946,12732000,0.0315,0.23478,16,1.23953
1656,0.001,0.001,0,False,0.0018548285902470034,0,0,False,0.00191587732833977,12740000,0.02654,0.2358,16,1.21511
1657,0.001,0.001,0,False,0.0018397575836572096,0,0,False,0.0017041185243490673,12748000,0.0231,0.23647,16,1.29656
1658,0.001,0.001,0,False,0.0018182767007885001,0,0,False,0.0016249487549701157,12756000,0.02059,0.23433,16,1.21002
1659,0.001,0.001,0,False,0.001822254661536534,0,0,False,0.0018580563082688387,12764000,0.02414,0.23844,16,1.20944
1660,0.001,0.001,0,False,0.0018187851038714874,0,0,False,0.0017875590848860663,12772000,0.02242,0.23463,16,1.29787
1661,0.001,0.001,0,False,0.0018227279337551684,0,0,False,0.0018582134027082969,12780000,0.02483,0.2364,16,1.31453
1662,0.001,0.001,0,False,0.0018406500560905119,0,0,False,0.002001949157108603,12788000,0.02833,0.23492,16,1.29917
1663,0.001,0.001,0,False,0.0018530331798718917,0,0,False,0.0019644812939043103,12796000,0.02661,0.23893,16,1.2105
1664,0.001,0.001,0,False,0.001869546753170942,0,0,False,0.0020181689128623936,12800000,0.02994,0.24054,16,0.67072
1665,0.001,0.001,0,False,0.0018591864189319424,0,0,False,0.0017659434107809454,12808000,0.02128,0.23876,16,1.22222
1666,0.001,0.001,0,False,0.0018486777258645843,0,0,False,0.0017540994882583618,12816000,0.0235,0.23476,16,1.2158
1667,0.001,0.001,0,False,0.0018651563708619076,0,0,False,0.002013464175837816,12824000,0.02659,0.2353,16,1.31616
1668,0.001,0.001,0,False,0.0018556843915836342,0,0,False,0.0017704365780791761,12832000,0.02207,0.23587,16,1.22267
1669,0.001,0.001,0,False,0.0018591678700839874,0,0,False,0.001890519176587166,12840000,0.02511,0.23933,16,1.296
1670,0.001,0.001,0,False,0.0018700216147937052,0,0,False,0.001967705317181166,12848000,0.02669,0.23739,16,1.21516
1671,0.001,0.001,0,False,0.0018873800058477519,0,0,False,0.002043605525334173,12856000,0.02079,0.24106,16,1.2304
1672,0.001,0.001,0,False,0.0018814379141020015,0,0,False,0.0018279590883902488,12864000,0.02417,0.23649,16,1.31243
1673,0.001,0.001,0,False,0.0018756007453370838,0,0,False,0.0018230662264528247,12872000,0.02283,0.2384,16,1.21645
1674,0.001,0.001,0,False,0.0018588658406108614,0,0,False,0.001708251698074862,12880000,0.02188,0.23602,16,1.21608
1675,0.001,0.001,0,False,0.001865145555732777,0,0,False,0.0019216629918300159,12888000,0.02358,0.23615,16,1.30614
1676,0.001,0.001,0,False,0.0018673158522133297,0,0,False,0.0018868485205383056,12896000,0.02586,0.23811,16,1.30508
1677,0.001,0.001,0,False,0.001860398783594099,0,0,False,0.0017981451660210215,12900000,0.02535,0.23855,16,0.6246
1678,0.001,0.001,0,False,0.0018709018750117273,0,0,False,0.0019654296977703817,12908000,0.02581,0.24006,16,1.30499
1679,0.001,0.001,0,False,0.0018469069612650467,0,0,False,0.0016309527375449227,12916000,0.02089,0.23711,16,1.28208
1680,0.001,0.001,0,False,0.001843093064800983,0,0,False,0.0018087679966244117,12924000,0.02464,0.23954,16,1.29081
1681,0.001,0.001,0,False,0.0018346741968065902,0,0,False,0.0017589043848570567,12932000,0.02234,0.24059,16,1.21743
1682,0.001,0.001,0,False,0.0018199332250251022,0,0,False,0.0016872644789917108,12940000,0.02167,0.23603,16,1.21347
1683,0.001,0.001,0,False,0.0018431794624670763,0,0,False,0.002052395599444843,12948000,0.02827,0.23843,16,1.29232
1684,0.001,0.001,0,False,0.0018730052947052947,0,0,False,0.0021414377848492597,12956000,0.02638,0.2385,16,1.24067
1685,0.001,0.001,0,False,0.0018825623861665455,0,0,False,0.0019685762093178036,12964000,0.02718,0.23742,16,1.22772
1686,0.001,0.001,0,False,0.0018818576553127251,0,0,False,0.0018755150776283414,12972000,0.02554,0.2372,16,1.32705
1687,0.001,0.001,0,False,0.0018715811912014995,0,0,False,0.00177909301420047,12980000,0.02464,0.23969,16,1.21249
1688,0.001,0.001,0,False,0.0018871854457125508,0,0,False,0.0020276237363120123,12988000,0.02771,0.24222,16,1.30174
1689,0.001,0.001,0,False,0.0018627143233316923,0,0,False,0.0016424742219039651,12996000,0.02195,0.23601,16,1.2125
1690,0.001,0.001,0,False,0.001879770780238212,0,0,False,0.002033278892396889,13000000,0.02841,0.23921,16,0.62656
1691,0.001,0.001,0,False,0.0018785985372568891,0,0,False,0.0018680483504249844,13008000,0.02647,0.23746,16,1.30594
1692,0.001,0.001,0,False,0.0018919282431912978,0,0,False,0.002011895596600977,13016000,0.02674,0.23422,16,1.29648
1693,0.001,0.001,0,False,0.0019093926115936008,0,0,False,0.002066571927214328,13024000,0.02308,0.24007,16,1.21256
1694,0.001,0.001,0,False,0.001910495739844597,0,0,False,0.0019204238941035602,13032000,0.02328,0.23675,16,1.22695
1695,0.001,0.001,0,False,0.001919486371531195,0,0,False,0.0020004020567105747,13040000,0.02397,0.23806,16,1.29665
1696,0.001,0.001,0,False,0.0019153669604508282,0,0,False,0.0018782922607275293,13048000,0.02172,0.23905,16,1.2939
1697,0.001,0.001,0,False,0.0019188107804081595,0,0,False,0.001949805160024143,13056000,0.02534,0.2385,16,1.21253
1698,0.001,0.001,0,False,0.0019005773040426408,0,0,False,0.0017364760167529725,13064000,0.01973,0.23976,16,1.21981
1699,0.001,0.001,0,False,0.0018837833662923814,0,0,False,0.0017326379265400471,13072000,0.02273,0.23865,16,1.2206
1700,0.001,0.001,0,False,0.0018753287501437049,0,0,False,0.0017992372048056145,13080000,0.02196,0.23945,16,1.21929
1701,0.001,0.001,0,False,0.0018602748554159528,0,0,False,0.001724789802866183,13088000,0.02169,0.23711,16,1.31851
1702,0.001,0.001,0,False,0.001854954817194728,0,0,False,0.0018070744732037035,13096000,0.02401,0.23765,16,1.29215
1703,0.001,0.001,0,False,0.001854481467634471,0,0,False,0.0018502213215921594,13100000,0.02568,0.23869,16,0.63147
1704,0.001,0.001,0,False,0.0018411913170140186,0,0,False,0.0017215799614299478,13108000,0.02292,0.23845,16,1.29185
1705,0.001,0.001,0,False,0.0018238147619327075,0,0,False,0.0016674257662009082,13116000,0.02102,0.23998,16,1.22711
1706,0.001,0.001,0,False,0.0018475477942344225,0,0,False,0.0020611450849498582,13124000,0.02812,0.2371,16,1.20522
1707,0.001,0.001,0,False,0.0018520048188289343,0,0,False,0.001892118040179542,13132000,0.02478,0.23871,16,1.28741
1708,0.001,0.001,0,False,0.001870156831931994,0,0,False,0.0020335249498595305,13140000,0.02733,0.24107,16,1.29791
1709,0.001,0.001,0,False,0.0018747600262542978,0,0,False,0.0019161887751550308,13148000,0.02485,0.24021,16,1.20847
1710,0.001,0.001,0,False,0.0018621875364217015,0,0,False,0.0017490351279283362,13156000,0.02323,0.24219,16,1.3545
1711,0.001,0.001,0,False,0.0018465984291337874,0,0,False,0.001706296463542561,13164000,0.02081,0.24105,16,1.29801
1712,0.001,0.001,0,False,0.0018517348360724618,0,0,False,0.0018979624985205306,13172000,0.02421,0.23844,16,1.294
1713,0.001,0.001,0,False,0.001871585543572539,0,0,False,0.002050241911073235,13180000,0.02777,0.24162,16,1.20166
1714,0.001,0.001,0,False,0.0018712914934722745,0,0,False,0.0018686450425698946,13188000,0.02438,0.2419,16,1.29151
1715,0.001,0.001,0,False,0.0018645995392789657,0,0,False,0.0018043719515391846,13196000,0.02211,0.23815,16,1.23011
1716,0.001,0.001,0,False,0.0019172312516002846,0,0,False,0.0023909166624921548,13200000,0.02983,0.23617,16,0.66309
1717,0.001,0.001,0,False,0.0019177887676551974,0,0,False,0.0019228064121494112,13208000,0.02459,0.24056,16,1.21791
1718,0.001,0.001,0,False,0.0019269195120816996,0,0,False,0.00200909621192022,13216000,0.02786,0.23778,16,1.21768
1719,0.001,0.001,0,False,0.0019004545908482802,0,0,False,0.0016622702997475076,13224000,0.02072,0.23927,16,1.21235
1720,0.001,0.001,0,False,0.0019137032815086123,0,0,False,0.002032941497451601,13232000,0.02313,0.23901,16,1.21374
1721,0.001,0.001,0,False,0.001900190700068378,0,0,False,0.0017785774671062703,13240000,0.0227,0.23848,16,1.30286
1722,0.001,0.001,0,False,0.0019086007720086771,0,0,False,0.0019842914194713695,13248000,0.02508,0.23756,16,1.21328
1723,0.001,0.001,0,False,0.001906672048042806,0,0,False,0.001889313532349964,13256000,0.02622,0.24159,16,1.22111
1724,0.001,0.001,0,False,0.0018740225454278176,0,0,False,0.0015801770218929231,13264000,0.01911,0.23675,16,1.21466
1725,0.001,0.001,0,False,0.0018711569727136894,0,0,False,0.0018453668182865353,13272000,0.02225,0.23868,16,1.20884
1726,0.001,0.001,0,False,0.0018630194771541934,0,0,False,0.001789782017118729,13280000,0.02392,0.24026,16,1.32412
1727,0.001,0.001,0,False,0.0018724386450025229,0,0,False,0.001957211155637488,13288000,0.02633,0.24042,16,1.29915
1728,0.001,0.001,0,False,0.0018492048121912634,0,0,False,0.0016401003168899277,13296000,0.02187,0.23977,16,1.31417
1729,0.001,0.001,0,False,0.001889052668278731,0,0,False,0.00224768337306594,13300000,0.02743,0.23952,16,0.62968
1730,0.001,0.001,0,False,0.001882805514167713,0,0,False,0.0018265811271685512,13308000,0.02399,0.23866,16,1.21758
1731,0.001,0.001,0,False,0.0018838760779271001,0,0,False,0.0018935111517615845,13316000,0.02615,0.24034,16,1.21328
1732,0.001,0.001,0,False,0.0018885951432429761,0,0,False,0.0019310667310858595,13324000,0.02192,0.24245,16,1.21225
1733,0.001,0.001,0,False,0.001883144698616905,0,0,False,0.0018340906969822647,13332000,0.02505,0.23991,16,1.22255
1734,0.001,0.001,0,False,0.001869657573100581,0,0,False,0.0017482734434536645,13340000,0.02217,0.23959,16,1.29185
1735,0.001,0.001,0,False,0.001853566652077954,0,0,False,0.001708748362874311,13348000,0.02223,0.24037,16,1.29379
1736,0.001,0.001,0,False,0.0018365744491469756,0,0,False,0.0016836446227681693,13356000,0.02073,0.2417,16,1.21034
1737,0.001,0.001,0,False,0.0018143914606853645,0,0,False,0.0016147445645308658,13364000,0.01957,0.24057,16,1.30563
1738,0.001,0.001,0,False,0.001810819468429127,0,0,False,0.00177867153812299,13372000,0.02241,0.24018,16,1.21853
1739,0.001,0.001,0,False,0.0018045489296131276,0,0,False,0.0017481140802691336,13380000,0.02172,0.241,16,1.30151
1740,0.001,0.001,0,False,0.0017954238373171039,0,0,False,0.0017132980066528914,13388000,0.02327,0.24087,16,1.22252
1741,0.001,0.001,0,False,0.0017884264863314483,0,0,False,0.0017254503274605495,13396000,0.01981,0.24059,16,1.2127
1742,0.001,0.001,0,False,0.0018040789645132871,0,0,False,0.0019449512681498362,13400000,0.026,0.24052,16,0.67986
1743,0.001,0.001,0,False,0.0017986107852967588,0,0,False,0.0017493971723480028,13408000,0.02205,0.23846,16,1.22353
1744,0.001,0.001,0,False,0.0018011237637192141,0,0,False,0.001823740569521314,13416000,0.02471,0.24069,16,1.21271
1745,0.001,0.001,0,False,0.0018122934494890128,0,0,False,0.0019128206214172009,13424000,0.02397,0.24238,16,1.21566
1746,0.001,0.001,0,False,0.0018151379962792209,0,0,False,0.0018407389173910938,13432000,0.02464,0.23842,16,1.22098
1747,0.001,0.001,0,False,0.0018434944767007251,0,0,False,0.0020987028004942634,13440000,0.02976,0.23887,16,1.21761
1748,0.001,0.001,0,False,0.0018637915623721405,0,0,False,0.0020464653334148785,13448000,0.02559,0.24014,16,1.21538
1749,0.001,0.001,0,False,0.001861780078912091,0,0,False,0.0018436767277716475,13456000,0.0237,0.24216,16,1.22964
1750,0.001,0.001,0,False,0.0018645621278077337,0,0,False,0.00188960056786852,13464000,0.02173,0.24089,16,1.29359
1751,0.001,0.001,0,False,0.0018783148694748871,0,0,False,0.002002089544479267,13472000,0.02202,0.24194,16,1.3013
1752,0.001,0.001,0,False,0.0018616756479694291,0,0,False,0.0017119226544203075,13480000,0.02214,0.24189,16,1.22197
1753,0.001,0.001,0,False,0.0018348554274000418,0,0,False,0.001593473442275556,13488000,0.02067,0.23786,16,1.31341
1754,0.001,0.001,0,False,0.001839354661680534,0,0,False,0.0018798477702049634,13496000,0.02587,0.23853,16,1.30573
1755,0.001,0.001,0,False,0.0018437799214242978,0,0,False,0.001883607259118174,13500000,0.02571,0.24369,16,0.61889
1756,0.001,0.001,0,False,0.0018249067086713627,0,0,False,0.0016550477938949465,13508000,0.02037,0.23668,16,1.22281
1757,0.001,0.001,0,False,0.0018159587376788057,0,0,False,0.0017354269987457922,13516000,0.02392,0.23838,16,1.30153
1758,0.001,0.001,0,False,0.001805756610323016,0,0,False,0.0017139374641209101,13524000,0.02079,0.23788,16,1.31302
1759,0.001,0.001,0,False,0.0017942739818044826,0,0,False,0.0016909303251376822,13532000,0.02128,0.23817,16,1.21005
1760,0.001,0.001,0,False,0.0018111524068575677,0,0,False,0.0019630582323353343,13540000,0.02614,0.23871,16,1.20824
1761,0.001,0.001,0,False,0.0018200888516217303,0,0,False,0.0019005168544991933,13548000,0.02309,0.23974,16,1.32132
1762,0.001,0.001,0,False,0.0018092579586105914,0,0,False,0.0017117799215103406,13556000,0.02299,0.23628,16,1.2368
1763,0.001,0.001,0,False,0.001796464661802957,0,0,False,0.001681324990534249,13564000,0.02206,0.23787,16,1.21627
1764,0.001,0.001,0,False,0.0017913483369488125,0,0,False,0.0017453014132615108,13572000,0.02159,0.2384,16,1.28655
1765,0.001,0.001,0,False,0.0017870538180577778,0,0,False,0.001748403148038465,13580000,0.02261,0.2393,16,1.30021
1766,0.001,0.001,0,False,0.0017797661735039472,0,0,False,0.0017141773725194715,13588000,0.02257,0.23831,16,1.29751
1767,0.001,0.001,0,False,0.0017728533309920864,0,0,False,0.0017106377483853377,13596000,0.02147,0.23975,16,1.22282
1768,0.001,0.001,0,False,0.00179109925875349,0,0,False,0.001955312608606124,13600000,0.02608,0.23604,16,0.6621
1769,0.001,0.001,0,False,0.0017856481201400166,0,0,False,0.0017365878726187574,13608000,0.02376,0.23549,16,1.22102
1770,0.001,0.001,0,False,0.0017854747923121857,0,0,False,0.0017839148418617081,13616000,0.02349,0.24016,16,1.30478
1771,0.001,0.001,0,False,0.0017988812277397244,0,0,False,0.0019195391465875724,13624000,0.02639,0.23676,16,1.29083
1772,0.001,0.001,0,False,0.0017775057201771614,0,0,False,0.0015851261521140948,13632000,0.02083,0.23687,16,1.20893
1773,0.001,0.001,0,False,0.0017858792180590324,0,0,False,0.0018612406989958732,13640000,0.02134,0.23731,16,1.21605
1774,0.001,0.001,0,False,0.001786719701526404,0,0,False,0.0017942840527327471,13648000,0.02469,0.23662,16,1.28459
1775,0.001,0.001,0,False,0.0017917019695293935,0,0,False,0.0018365423815562996,13656000,0.02299,0.23686,16,1.23278
1776,0.001,0.001,0,False,0.0018004733422183263,0,0,False,0.001879415696418722,13664000,0.02133,0.23584,16,1.28761
1777,0.001,0.001,0,False,0.0018087722754925395,0,0,False,0.001883462674960457,13672000,0.0217,0.23622,16,1.24583
1778,0.001,0.001,0,False,0.001816703922555352,0,0,False,0.0018880887461206642,13680000,0.02472,0.23351,16,1.20854
1779,0.001,0.001,0,False,0.001850685022926163,0,0,False,0.0021565149262634635,13688000,0.0262,0.23661,16,1.23381
1780,0.001,0.001,0,False,0.0018292973659179913,0,0,False,0.0016368084528444445,13696000,0.02122,0.2381,16,1.27397
1781,0.001,0.001,0,False,0.0018427425710698159,0,0,False,0.0019637494174362365,13700000,0.02861,0.2341,16,0.66319
1782,0.001,0.001,0,False,0.0018419540168082191,0,0,False,0.0018348570284538502,13708000,0.02216,0.23637,16,1.21913
1783,0.001,0.001,0,False,0.0018670535542650011,0,0,False,0.00209294939137604,13716000,0.02876,0.2375,16,1.29279
1784,0.001,0.001,0,False,0.0018894621890651166,0,0,False,0.002091139902266155,13724000,0.02796,0.23976,16,1.21674
1785,0.001,0.001,0,False,0.0019079138386616334,0,0,False,0.0020739786850302844,13732000,0.02876,0.23719,16,1.31491
1786,0.001,0.001,0,False,0.0018959059618862675,0,0,False,0.0017878350709079744,13740000,0.02336,0.23631,16,1.22112
1787,0.001,0.001,0,False,0.0018788331172441735,0,0,False,0.0017251775154653272,13748000,0.02366,0.23544,16,1.23513
1788,0.001,0.001,0,False,0.0018791669300096028,0,0,False,0.001882171244898467,13756000,0.02269,0.24012,16,1.2113
1789,0.001,0.001,0,False,0.0018840884121529816,0,0,False,0.0019283817514433904,13764000,0.02483,0.23732,16,1.21396
1790,0.001,0.001,0,False,0.001893706300093564,0,0,False,0.0019802672915588057,13772000,0.02282,0.236,16,1.20601
1791,0.001,0.001,0,False,0.0018952647697603581,0,0,False,0.0019092909967615072,13780000,0.02496,0.23434,16,1.28978
1792,0.001,0.001,0,False,0.001891557629037131,0,0,False,0.0018581933625280863,13788000,0.02458,0.23592,16,1.22522
1793,0.001,0.001,0,False,0.0018819085591561503,0,0,False,0.0017950669302273232,13796000,0.022,0.23735,16,1.21753
1794,0.001,0.001,0,False,0.001894363306958388,0,0,False,0.0020064560371785274,13800000,0.02523,0.23682,16,0.66173
1795,0.001,0.001,0,False,0.001884299417842911,0,0,False,0.0017937244158036188,13808000,0.02328,0.23785,16,1.29495
1796,0.001,0.001,0,False,0.001888831428487075,0,0,False,0.0019296195242845514,13816000,0.02586,0.23822,16,1.28335
1797,0.001,0.001,0,False,0.0018921467400352002,0,0,False,0.0019219845439683264,13824000,0.02289,0.23581,16,1.21912
1798,0.001,0.001,0,False,0.0018954378304556119,0,0,False,0.0019250576442393168,13832000,0.02581,0.23903,16,1.21893
1799,0.001,0.001,0,False,0.0018985362558152743,0,0,False,0.0019264220840522369,13840000,0.02528,0.24,16,1.29547
1800,0.001,0.001,0,False,0.0018780800336228903,0,0,False,0.0016939740338914359,13848000,0.02265,0.23585,16,1.29245
1801,0.001,0.001,0,False,0.0018797362633792153,0,0,False,0.0018946423311861388,13856000,0.02367,0.23816,16,1.22885
1802,0.001,0.001,0,False,0.001882717118076714,0,0,False,0.0019095448103542047,13864000,0.02532,0.23675,16,1.31631
1803,0.001,0.001,0,False,0.0018706460965684938,0,0,False,0.001762006902994512,13872000,0.0222,0.23407,16,1.24388
1804,0.001,0.001,0,False,0.0018526513973582594,0,0,False,0.0016906991044661499,13880000,0.02094,0.23665,16,1.2149
1805,0.001,0.001,0,False,0.0018610396536623372,0,0,False,0.0019365339603990388,13888000,0.02585,0.23629,16,1.29882
1806,0.001,0.001,0,False,0.0018474207121271541,0,0,False,0.0017248502383105059,13896000,0.0229,0.23706,16,1.29945
1807,0.001,0.001,0,False,0.0018427375255477105,0,0,False,0.001800588846332716,13900000,0.02532,0.23821,16,0.65937
1808,0.001,0.001,0,False,0.0018484122471243598,0,0,False,0.0018994847413142044,13908000,0.02548,0.23835,16,1.21885
1809,0.001,0.001,0,False,0.0018327254269177036,0,0,False,0.0016915440450577975,13916000,0.01876,0.23844,16,1.27535
1810,0.001,0.001,0,False,0.0018397888580801197,0,0,False,0.001903359738541867,13924000,0.02372,0.24225,16,1.22968
1811,0.001,0.001,0,False,0.0018317164926191995,0,0,False,0.0017590652034709193,13932000,0.0227,0.23951,16,1.21285
1812,0.001,0.001,0,False,0.0018164896602594577,0,0,False,0.0016794481690217801,13940000,0.02234,0.23675,16,1.28994
1813,0.001,0.001,0,False,0.001825019199874771,0,0,False,0.0019017850564125912,13948000,0.0247,0.23845,16,1.29273
1814,0.001,0.001,0,False,0.0018230747016659405,0,0,False,0.001805574217786465,13956000,0.02461,0.23884,16,1.20977
1815,0.001,0.001,0,False,0.0018239716777027843,0,0,False,0.00183204446203438,13964000,0.0248,0.23995,16,1.20978
1816,0.001,0.001,0,False,0.0018139075636907306,0,0,False,0.001723330537582246,13972000,0.02243,0.23672,16,1.29341
1817,0.001,0.001,0,False,0.0018222033466439712,0,0,False,0.0018968653932231376,13980000,0.02538,0.23897,16,1.29202
1818,0.001,0.001,0,False,0.001833752377383456,0,0,False,0.0019376936540388206,13988000,0.0256,0.23821,16,1.2209
1819,0.001,0.001,0,False,0.001832313628447848,0,0,False,0.001819364888027376,13996000,0.02493,0.23728,16,1.23498
1820,0.001,0.001,0,False,0.001837723238339008,0,0,False,0.0018864097273594473,14000000,0.02575,0.24227,16,0.61265
1821,0.001,0.001,0,False,0.0018376315295960005,0,0,False,0.0018368061509089328,14008000,0.02403,0.2395,16,1.28385
1822,0.001,0.001,0,False,0.0018526249509170489,0,0,False,0.0019875657428064858,14016000,0.02589,0.23655,16,1.20907
1823,0.001,0.001,0,False,0.0018643518340984075,0,0,False,0.001969893782730636,14024000,0.02669,0.24403,16,1.28741
1824,0.001,0.001,0,False,0.0018585228453172212,0,0,False,0.001806061946286544,14032000,0.02403,0.2398,16,1.21844
1825,0.001,0.001,0,False,0.0018496226350005088,0,0,False,0.0017695207421500952,14040000,0.02137,0.23835,16,1.21247
1826,0.001,0.001,0,False,0.0018376144045103215,0,0,False,0.001729540330098637,14048000,0.02284,0.24084,16,1.23178
1827,0.001,0.001,0,False,0.0018233119892177674,0,0,False,0.0016945902515847807,14056000,0.02132,0.23821,16,1.20773
1828,0.001,0.001,0,False,0.0018225890398973973,0,0,False,0.0018160824960140659,14064000,0.02293,0.24098,16,1.29844
1829,0.001,0.001,0,False,0.0018375863489782504,0,0,False,0.001972562130705928,14072000,0.02548,0.23538,16,1.30045
1830,0.001,0.001,0,False,0.0018552542594286578,0,0,False,0.002014265453482325,14080000,0.02411,0.23731,16,1.23261
1831,0.001,0.001,0,False,0.0018626951254086025,0,0,False,0.0019296629192281046,14088000,0.02549,0.23908,16,1.3491
1832,0.001,0.001,0,False,0.001868530432415572,0,0,False,0.0019210481954782983,14096000,0.02377,0.23653,16,1.21853
1833,0.001,0.001,0,False,0.0018783856399262166,0,0,False,0.0019670825075220177,14100000,0.02607,0.24105,16,0.65052
1834,0.001,0.001,0,False,0.0018655163242153891,0,0,False,0.0017496924828179416,14108000,0.02051,0.23997,16,1.21232
1835,0.001,0.001,0,False,0.0018648705070057863,0,0,False,0.0018590581521193605,14116000,0.02488,0.23796,16,1.22394
1836,0.001,0.001,0,False,0.0018514130968939643,0,0,False,0.0017302964058875671,14124000,0.0211,0.23759,16,1.20965
1837,0.001,0.001,0,False,0.0018526359139463522,0,0,False,0.0018636412674178434,14132000,0.02565,0.23572,16,1.20495
1838,0.001,0.001,0,False,0.0018605005110963347,0,0,False,0.0019312818854461766,14140000,0.02611,0.24079,16,1.21084
1839,0.001,0.001,0,False,0.0018811129431732844,0,0,False,0.0020666248318658314,14148000,0.02308,0.23763,16,1.2998
1840,0.001,0.001,0,False,0.001867600906837985,0,0,False,0.001745992579820292,14156000,0.02284,0.23499,16,1.23685
1841,0.001,0.001,0,False,0.0018693205571471542,0,0,False,0.0018847974099296765,14164000,0.02592,0.23887,16,1.21229
1842,0.001,0.001,0,False,0.0018585969635473605,0,0,False,0.001762084621149216,14172000,0.02257,0.23901,16,1.2345
1843,0.001,0.001,0,False,0.0018599147250160767,0,0,False,0.0018717745782345226,14180000,0.02338,0.23574,16,1.22495
1844,0.001,0.001,0,False,0.0018493841368231283,0,0,False,0.0017546088430865931,14188000,0.02077,0.23543,16,1.29596
1845,0.001,0.001,0,False,0.001833954357292108,0,0,False,0.0016950863415129253,14196000,0.02124,0.23606,16,1.30139
1846,0.001,0.001,0,False,0.0018413702961165748,0,0,False,0.0019081137455367752,14200000,0.0238,0.23601,16,0.61248
1847,0.001,0.001,0,False,0.00183903045707615,0,0,False,0.0018179719057123272,14208000,0.02349,0.2374,16,1.2164
1848,0.001,0.001,0,False,0.0018275928515090697,0,0,False,0.0017246544014053497,14216000,0.02223,0.23604,16,1.2887
1849,0.001,0.001,0,False,0.001820851596975947,0,0,False,0.0017601803061778449,14224000,0.02331,0.23756,16,1.22957
1850,0.001,0.001,0,False,0.0018168597504127095,0,0,False,0.001780933131343571,14232000,0.02325,0.2384,16,1.21327
1851,0.001,0.001,0,False,0.0018022139858825102,0,0,False,0.0016704021051107151,14240000,0.01962,0.2365,16,1.30095
1852,0.001,0.001,0,False,0.0018178412635945778,0,0,False,0.0019584867630031855,14248000,0.02554,0.23702,16,1.29601
1853,0.001,0.001,0,False,0.0018087481077600058,0,0,False,0.0017269097052488587,14256000,0.02316,0.24011,16,1.3033
1854,0.001,0.001,0,False,0.0017983434637098704,0,0,False,0.0017047016672586516,14264000,0.02308,0.23585,16,1.20822
1855,0.001,0.001,0,False,0.0017774644129465089,0,0,False,0.0015895529560762559,14272000,0.02147,0.23753,16,1.21149
1856,0.001,0.001,0,False,0.0017981797630019377,0,0,False,0.001984617913500798,14280000,0.02694,0.23951,16,1.22779
1857,0.001,0.001,0,False,0.0017881808194595318,0,0,False,0.0016981903275778783,14288000,0.02244,0.23651,16,1.20814
1858,0.001,0.001,0,False,0.001787987358925369,0,0,False,0.0017862462141179042,14296000,0.02384,0.23737,16,1.21441
1859,0.001,0.001,0,False,0.001792331261257447,0,0,False,0.0018314263822461474,14300000,0.02457,0.23593,16,0.65997
1860,0.001,0.001,0,False,0.0018035921468052918,0,0,False,0.001904940116735894,14308000,0.02422,0.23683,16,1.28979
1861,0.001,0.001,0,False,0.0018036806863284992,0,0,False,0.0018044775420373669,14316000,0.02315,0.23292,16,1.29086
1862,0.001,0.001,0,False,0.0018009403325329751,0,0,False,0.0017762771483732563,14324000,0.02424,0.23592,16,1.20987
1863,0.001,0.001,0,False,0.0018047281372116136,0,0,False,0.0018388183793193599,14332000,0.02505,0.23549,16,1.2187
1864,0.001,0.001,0,False,0.0017951936961902995,0,0,False,0.001709383726998472,14340000,0.02225,0.23462,16,1.21308
1865,0.001,0.001,0,False,0.0018244339994446174,0,0,False,0.00208759672873348,14348000,0.02619,0.23692,16,1.3148
1866,0.001,0.001,0,False,0.0018159051192632534,0,0,False,0.0017391451976309768,14356000,0.02328,0.23548,16,1.21149
1867,0.001,0.001,0,False,0.001821834466680747,0,0,False,0.001875198593438189,14364000,0.02592,0.23686,16,1.28206
1868,0.001,0.001,0,False,0.0018159732397663212,0,0,False,0.0017632221975364892,14372000,0.02383,0.23422,16,1.29135
1869,0.001,0.001,0,False,0.0018150854287803525,0,0,False,0.001807095129906635,14380000,0.02435,0.23743,16,1.28914
1870,0.001,0.001,0,False,0.0018359374367931031,0,0,False,0.0020236055089078594,14388000,0.0275,0.23659,16,1.29898
1871,0.001,0.001,0,False,0.00182199649343404,0,0,False,0.0016965280032024703,14396000,0.02156,0.23578,16,1.31537
1872,0.001,0.001,0,False,0.0018655568003898087,0,0,False,0.0022575995629917286,14400000,0.03135,0.24014,16,0.66755
1873,0.001,0.001,0,False,0.0018573512097371562,0,0,False,0.0017835008938632837,14408000,0.02432,0.23747,16,1.28874
1874,0.001,0.001,0,False,0.0018589251649143367,0,0,False,0.0018730907615089635,14416000,0.02502,0.23631,16,1.23753
1875,0.001,0.001,0,False,0.0018683684190498487,0,0,False,0.001953357706269455,14424000,0.02614,0.23605,16,1.27716
1876,0.001,0.001,0,False,0.0018772276613770683,0,0,False,0.001956960842322046,14432000,0.0276,0.23758,16,1.21703
1877,0.001,0.001,0,False,0.001881565559330884,0,0,False,0.0019206066409152265,14440000,0.02638,0.23683,16,1.23134
1878,0.001,0.001,0,False,0.0018784144162797126,0,0,False,0.0018500541288191683,14448000,0.02524,0.23634,16,1.22664
1879,0.001,0.001,0,False,0.0018621289600108688,0,0,False,0.0017155598535912723,14456000,0.0201,0.23675,16,1.28749
1880,0.001,0.001,0,False,0.0018712702214297055,0,0,False,0.0019535415741992346,14464000,0.02386,0.23643,16,1.20845
1881,0.001,0.001,0,False,0.0018691912155694192,0,0,False,0.0018504801628268421,14472000,0.02396,0.2363,16,1.20606
1882,0.001,0.001,0,False,0.001860260778915729,0,0,False,0.0017798868490325173,14480000,0.02334,0.23608,16,1.22929
1883,0.001,0.001,0,False,0.0018543480846218488,0,0,False,0.0018011338359769265,14488000,0.02244,0.23553,16,1.33304
1884,0.001,0.001,0,False,0.0018720191535892049,0,0,False,0.0020310587742954096,14496000,0.02896,0.23526,16,1.22619
1885,0.001,0.001,0,False,0.0019013058281229147,0,0,False,0.0021648858989263037,14500000,0.03038,0.23778,16,0.61613
1886,0.001,0.001,0,False,0.0018809405564035688,0,0,False,0.0016976531109294565,14508000,0.02216,0.23758,16,1.21508
1887,0.001,0.001,0,False,0.0018785212923565398,0,0,False,0.0018567479159332777,14516000,0.02412,0.23418,16,1.30316
1888,0.001,0.001,0,False,0.0018686650556307594,0,0,False,0.0017799589250987356,14524000,0.02401,0.2373,16,1.22629
1889,0.001,0.001,0,False,0.0018701709365217048,0,0,False,0.001883723864540214,14532000,0.02594,0.23487,16,1.2165
1890,0.001,0.001,0,False,0.0018583578108586462,0,0,False,0.0017520396798911188,14540000,0.02247,0.23705,16,1.21856
1891,0.001,0.001,0,False,0.0018687460590590666,0,0,False,0.00196224029286285,14548000,0.02659,0.23664,16,1.23783
1892,0.001,0.001,0,False,0.0018658499908055647,0,0,False,0.0018397853765240492,14556000,0.02336,0.2352,16,1.31915
1893,0.001,0.001,0,False,0.0018682569444421428,0,0,False,0.0018899195271713453,14564000,0.0241,0.23483,16,1.22977
1894,0.001,0.001,0,False,0.0019040908144184983,0,0,False,0.0022265956442056993,14572000,0.02468,0.23278,16,1.22919
1895,0.001,0.001,0,False,0.0019036993441392278,0,0,False,0.001900176111625794,14580000,0.02649,0.23469,16,1.2243
1896,0.001,0.001,0,False,0.0018978950338587304,0,0,False,0.0018456562413342538,14588000,0.02442,0.2382,16,1.3027
1897,0.001,0.001,0,False,0.0018927998557634667,0,0,False,0.0018469432529060938,14596000,0.0238,0.2364,16,1.31694
1898,0.001,0.001,0,False,0.0018939771058140633,0,0,False,0.0019045723562694304,14600000,0.02773,0.23761,16,0.61625
1899,0.001,0.001,0,False,0.0018814573911074095,0,0,False,0.0017687799587475248,14608000,0.02073,0.237,16,1.29987
1900,0.001,0.001,0,False,0.001851267870257882,0,0,False,0.0015795621826121353,14616000,0.02051,0.23494,16,1.3038
1901,0.001,0.001,0,False,0.0018441423553519866,0,0,False,0.0017800127211989277,14624000,0.02186,0.23663,16,1.28204
1902,0.001,0.001,0,False,0.001838024582942948,0,0,False,0.0017829646312616017,14632000,0.02465,0.23554,16,1.22954
1903,0.001,0.001,0,False,0.0018327714220294357,0,0,False,0.001785492973807824,14640000,0.02371,0.23474,16,1.23152
1904,0.001,0.001,0,False,0.0018373659226232594,0,0,False,0.0018787164279676727,14648000,0.02022,0.23609,16,1.22416
1905,0.001,0.001,0,False,0.0018287914031504184,0,0,False,0.001751620727894849,14656000,0.0229,0.23391,16,1.21964
1906,0.001,0.001,0,False,0.0018010304518974152,0,0,False,0.0015511818906203871,14664000,0.01907,0.23217,16,1.21881
1907,0.001,0.001,0,False,0.0018096721756304156,0,0,False,0.0018874476892274184,14672000,0.02558,0.23644,16,1.22413
1908,0.001,0.001,0,False,0.00179738552091306,0,0,False,0.0016868056284568599,14680000,0.02231,0.23333,16,1.2918
1909,0.001,0.001,0,False,0.0018047581720724635,0,0,False,0.0018711120325070945,14688000,0.02622,0.23289,16,1.30417
1910,0.001,0.001,0,False,0.001802131872008538,0,0,False,0.0017784951714332094,14696000,0.02292,0.23277,16,1.31328
1911,0.001,0.001,0,False,0.0018059444279768864,0,0,False,0.0018402574316920227,14700000,0.02562,0.23422,16,0.62795
1912,0.001,0.001,0,False,0.0018041243499703973,0,0,False,0.0017877436479119958,14708000,0.02409,0.23348,16,1.21439
1913,0.001,0.001,0,False,0.0018289535879573771,0,0,False,0.0020524167298401957,14716000,0.0279,0.2326,16,1.21163
1914,0.001,0.001,0,False,0.001819908638937603,0,0,False,0.0017385040977596364,14724000,0.0228,0.2341,16,1.30876
1915,0.001,0.001,0,False,0.0018347313934022505,0,0,False,0.0019681361835840777,14732000,0.02521,0.23487,16,1.22896
1916,0.001,0.001,0,False,0.001809770101716111,0,0,False,0.0015851184765408564,14740000,0.02019,0.23245,16,1.21139
1917,0.001,0.001,0,False,0.0018001664683767059,0,0,False,0.0017137337683220586,14748000,0.0232,0.23348,16,1.29048
1918,0.001,0.001,0,False,0.0017881037300175272,0,0,False,0.0016795390847849187,14756000,0.02319,0.23124,16,1.21406
1919,0.001,0.001,0,False,0.001802608240314647,0,0,False,0.001933148832988725,14764000,0.02572,0.23359,16,1.22062
1920,0.001,0.001,0,False,0.0018205613234919145,0,0,False,0.001982139072087323,14772000,0.02466,0.23455,16,1.23326
1921,0.001,0.001,0,False,0.0018284762835559822,0,0,False,0.0018997109241325918,14780000,0.02438,0.23265,16,1.30797
1922,0.001,0.001,0,False,0.0018446888343187054,0,0,False,0.0019906017911832134,14788000,0.02364,0.23397,16,1.29657
1923,0.001,0.001,0,False,0.001841045560763268,0,0,False,0.0018082560987643312,14796000,0.02457,0.23338,16,1.21154
1924,0.001,0.001,0,False,0.001836657610592221,0,0,False,0.0017971660590527995,14800000,0.02498,0.23028,16,0.61475
1925,0.001,0.001,0,False,0.001829461164618476,0,0,False,0.0017646931508547706,14808000,0.02179,0.23234,16,1.23188
1926,0.001,0.001,0,False,0.0018007570339640478,0,0,False,0.001542419858074194,14816000,0.01847,0.23397,16,1.20512
1927,0.001,0.001,0,False,0.0018017190397043282,0,0,False,0.0018103770913668515,14824000,0.0248,0.23205,16,1.21468
1928,0.001,0.001,0,False,0.0018280276628071847,0,0,False,0.0020648052707328934,14832000,0.0267,0.23493,16,1.21883
1929,0.001,0.001,0,False,0.0018170106795248003,0,0,False,0.0017178578299833428,14840000,0.02216,0.23374,16,1.21641
1930,0.001,0.001,0,False,0.0018141730598555594,0,0,False,0.0017886344828323914,14848000,0.02458,0.23248,16,1.21272
1931,0.001,0.001,0,False,0.0018174792945960766,0,0,False,0.0018472354072607297,14856000,0.02483,0.23198,16,1.21696
1932,0.001,0.001,0,False,0.001825255365276779,0,0,False,0.0018952400014031004,14864000,0.0222,0.23091,16,1.29158
1933,0.001,0.001,0,False,0.0018199440298817115,0,0,False,0.0017721420113261037,14872000,0.02245,0.23094,16,1.21976
1934,0.001,0.001,0,False,0.0018208088109281093,0,0,False,0.0018285918403456885,14880000,0.02454,0.2323,16,1.28848
1935,0.001,0.001,0,False,0.0018102694515700261,0,0,False,0.0017154152173472776,14888000,0.0223,0.23493,16,1.30267
1936,0.001,0.001,0,False,0.0018065355558403644,0,0,False,0.0017729304942734072,14896000,0.02326,0.23177,16,1.28662
1937,0.001,0.001,0,False,0.0018695455677313184,0,0,False,0.0024366356747499065,14900000,0.03485,0.23107,16,0.67268
1938,0.001,0.001,0,False,0.0018633035771918687,0,0,False,0.001807125662336821,14908000,0.02358,0.23494,16,1.21343
1939,0.001,0.001,0,False,0.0018536830712220704,0,0,False,0.0017670985174938877,14916000,0.02014,0.23096,16,1.29591
1940,0.001,0.001,0,False,0.001844115081813515,0,0,False,0.0017580031771365163,14924000,0.02327,0.23355,16,1.20599
1941,0.001,0.001,0,False,0.0018512728033884247,0,0,False,0.0019156922975626105,14932000,0.02477,0.23301,16,1.32216
1942,0.001,0.001,0,False,0.0018461102542575419,0,0,False,0.0017996473120795954,14940000,0.02235,0.23208,16,1.21675
1943,0.001,0.001,0,False,0.0018500545545741235,0,0,False,0.0018855532574233566,14948000,0.02244,0.23146,16,1.21717
1944,0.001,0.001,0,False,0.0018313671352209904,0,0,False,0.001663180361042793,14956000,0.0223,0.23132,16,1.21264
1945,0.001,0.001,0,False,0.0018388020786350358,0,0,False,0.0019057165693614452,14964000,0.0253,0.23271,16,1.2044
1946,0.001,0.001,0,False,0.0018455991191425566,0,0,False,0.0019067724837102426,14972000,0.02534,0.23302,16,1.31537
1947,0.001,0.001,0,False,0.0018379619061078833,0,0,False,0.0017692269887958252,14980000,0.02405,0.23357,16,1.20983
1948,0.001,0.001,0,False,0.0018456107541631591,0,0,False,0.0019144503866606415,14988000,0.02572,0.23281,16,1.23141
1949,0.001,0.001,0,False,0.0018524211747701271,0,0,False,0.0019137149602328402,14996000,0.02619,0.23411,16,1.21979
1950,0.001,0.001,0,False,0.0018771562154610406,0,0,False,0.002099771581679261,15000000,0.03103,0.23285,16,0.61406
1951,0.001,0.001,0,False,0.001885281132853555,0,0,False,0.0019584053893861838,15008000,0.027,0.23172,16,1.20769
1952,0.001,0.001,0,False,0.0018930212440675465,0,0,False,0.00196268224499347,15016000,0.02652,0.23345,16,1.3057
1953,0.001,0.001,0,False,0.0018775414414146177,0,0,False,0.0017382232175382577,15024000,0.02336,0.23147,16,1.21363
1954,0.001,0.001,0,False,0.0018843859722853173,0,0,False,0.0019459867501216152,15032000,0.02657,0.23638,16,1.30187
1955,0.001,0.001,0,False,0.0018681629948946116,0,0,False,0.0017221561983782618,15040000,0.02335,0.23418,16,1.29811
1956,0.001,0.001,0,False,0.001873023249721475,0,0,False,0.0019167655431632455,15048000,0.02527,0.23379,16,1.30022
1957,0.001,0.001,0,False,0.0018769054846686072,0,0,False,0.0019118455991927975,15056000,0.0242,0.23527,16,1.23666
1958,0.001,0.001,0,False,0.001854630775446556,0,0,False,0.001654158392448094,15064000,0.02164,0.23518,16,1.21148
1959,0.001,0.001,0,False,0.0018506585862769183,0,0,False,0.0018149088837501792,15072000,0.02177,0.23217,16,1.21388
1960,0.001,0.001,0,False,0.001859433187208173,0,0,False,0.0019384045955894646,15080000,0.02545,0.23547,16,1.29744
1961,0.001,0.001,0,False,0.001848845118194219,0,0,False,0.0017535524970686348,15088000,0.02129,0.23474,16,1.31773
1962,0.001,0.001,0,False,0.0018286863589101095,0,0,False,0.0016472575253531243,15096000,0.0205,0.23639,16,1.30363
1963,0.001,0.001,0,False,0.0018730816505067708,0,0,False,0.0022726392748767233,15100000,0.03107,0.23405,16,0.61635
1964,0.001,0.001,0,False,0.0018588221247338855,0,0,False,0.001730486392777918,15108000,0.02145,0.23158,16,1.25041
1965,0.001,0.001,0,False,0.0018660284397259404,0,0,False,0.0019308852746544346,15116000,0.02458,0.23514,16,1.29009
1966,0.001,0.001,0,False,0.0018748019150165475,0,0,False,0.0019537631926320105,15124000,0.0223,0.23404,16,1.29338
1967,0.001,0.001,0,False,0.0018584217420901826,0,0,False,0.001711000185752897,15132000,0.02245,0.23517,16,1.29459
1968,0.001,0.001,0,False,0.0018376114775583152,0,0,False,0.0016503190967715076,15140000,0.02206,0.23381,16,1.31561
1969,0.001,0.001,0,False,0.001809577912781348,0,0,False,0.0015572758297886429,15148000,0.01957,0.23477,16,1.32695
1970,0.001,0.001,0,False,0.0017920040941175489,0,0,False,0.0016338397261433572,15156000,0.02196,0.23536,16,1.29427
1971,0.001,0.001,0,False,0.0017807419117346,0,0,False,0.0016793822702880629,15164000,0.02,0.23741,16,1.2949
1972,0.001,0.001,0,False,0.0017991337644359584,0,0,False,0.0019646604387481823,15172000,0.02784,0.23394,16,1.28378
1973,0.001,0.001,0,False,0.0018205804452010481,0,0,False,0.0020136005720868553,15180000,0.02222,0.23392,16,1.21549
1974,0.001,0.001,0,False,0.0018185025875886538,0,0,False,0.001799801869077104,15188000,0.02225,0.23912,16,1.29989
1975,0.001,0.001,0,False,0.001827361990339632,0,0,False,0.0019070966150984364,15196000,0.02544,0.23341,16,1.24
1976,0.001,0.001,0,False,0.0018240120267217592,0,0,False,0.0017938623541609048,15200000,0.0257,0.23478,16,0.62624
1977,0.001,0.001,0,False,0.0018184779808469776,0,0,False,0.0017686715679739447,15208000,0.02334,0.23418,16,1.29135
1978,0.001,0.001,0,False,0.00182903903645862,0,0,False,0.0019240885369634,15216000,0.02616,0.23499,16,1.21885
1979,0.001,0.001,0,False,0.0018279095848820386,0,0,False,0.0018177445206928068,15224000,0.02104,0.23236,16,1.23159
1980,0.001,0.001,0,False,0.0018077295956014415,0,0,False,0.0016261096920760693,15232000,0.02136,0.23,16,1.22968
1981,0.001,0.001,0,False,0.0018178819731155648,0,0,False,0.001909253370742675,15240000,0.02626,0.23365,16,1.32366
1982,0.001,0.001,0,False,0.0017962476250387924,0,0,False,0.0016015384923478394,15248000,0.02028,0.23189,16,1.2198
1983,0.001,0.001,0,False,0.001803181859770088,0,0,False,0.0018655899723517499,15256000,0.02539,0.23465,16,1.3028
1984,0.001,0.001,0,False,0.0018012715247792605,0,0,False,0.0017840785098618124,15264000,0.02063,0.23472,16,1.23558
1985,0.001,0.001,0,False,0.001810344903812911,0,0,False,0.0018920053151157668,15272000,0.02423,0.23382,16,1.32631
1986,0.001,0.001,0,False,0.0018098420633675715,0,0,False,0.0018053164993595153,15280000,0.02349,0.23063,16,1.30668
1987,0.001,0.001,0,False,0.0017968665500779388,0,0,False,0.0016800869304712438,15288000,0.02201,0.23435,16,1.29463
1988,0.001,0.001,0,False,0.001785746886805969,0,0,False,0.001685669917358242,15296000,0.02168,0.23649,16,1.30778
1989,0.001,0.001,0,False,0.001801979138976749,0,0,False,0.0019480694085137684,15300000,0.02823,0.23564,16,0.61427
1990,0.001,0.001,0,False,0.0017920454422274744,0,0,False,0.0017026421714840018,15308000,0.022,0.23269,16,1.21954
1991,0.001,0.001,0,False,0.001780886928442766,0,0,False,0.0016804603043803913,15316000,0.02303,0.2311,16,1.29441
1992,0.001,0.001,0,False,0.0017826890389049535,0,0,False,0.0017989080330646427,15324000,0.02436,0.23335,16,1.21305
1993,0.001,0.001,0,False,0.0017878145434316595,0,0,False,0.0018339440841720124,15332000,0.02486,0.23337,16,1.29443
1994,0.001,0.001,0,False,0.0017659526586843277,0,0,False,0.0015691956959583428,15340000,0.02102,0.23058,16,1.21911
1995,0.001,0.001,0,False,0.0017885193684878484,0,0,False,0.0019916197567195373,15348000,0.02665,0.23395,16,1.20973
1996,0.001,0.001,0,False,0.0018130622675043811,0,0,False,0.0020339483586531747,15356000,0.02775,0.23037,16,1.29921
1997,0.001,0.001,0,False,0.0018346507592004843,0,0,False,0.002028947184465414,15364000,0.02435,0.2339,16,1.22951
1998,0.001,0.001,0,False,0.0018297639991099468,0,0,False,0.0017857831582951081,15372000,0.0242,0.23297,16,1.23554
1999,0.001,0.001,0,False,0.001820873408581781,0,0,False,0.001740858093828289,15380000,0.02204,0.23595,16,1.21068
2000,0.001,0.001,0,False,0.0018127217489895698,0,0,False,0.0017393568126596684,15388000,0.02423,0.23336,16,1.23336
2001,0.001,0.001,0,False,0.0018356836492319202,0,0,False,0.002042340751413074,15396000,0.0281,0.23237,16,1.21141
2002,0.001,0.001,0,False,0.0018488326545662223,0,0,False,0.0019671737025749414,15400000,0.02683,0.23244,16,0.67092
2003,0.001,0.001,0,False,0.0018425007959260954,0,0,False,0.0017855140681649541,15408000,0.02426,0.23035,16,1.28759
2004,0.001,0.001,0,False,0.0018384272821941464,0,0,False,0.0018017656586066075,15416000,0.02431,0.23092,16,1.21565
2005,0.001,0.001,0,False,0.0018195506418178554,0,0,False,0.0016496608784312388,15424000,0.02102,0.23151,16,1.2104
2006,0.001,0.001,0,False,0.0018203189111024494,0,0,False,0.0018272333346637947,15432000,0.0244,0.23323,16,1.28584
2007,0.001,0.001,0,False,0.0018244596406323179,0,0,False,0.0018617262064011344,15440000,0.02572,0.2343,16,1.21761
2008,0.001,0.001,0,False,0.0018287108650690655,0,0,False,0.001866971884999795,15448000,0.02405,0.23569,16,1.27709
2009,0.001,0.001,0,False,0.0018387882640161035,0,0,False,0.001929484854539445,15456000,0.0258,0.23207,16,1.31213
2010,0.001,0.001,0,False,0.0018502714653314226,0,0,False,0.0019536202771692933,15464000,0.02623,0.23218,16,1.29515
2011,0.001,0.001,0,False,0.0018612587720908545,0,0,False,0.0019601445329257426,15472000,0.02324,0.22961,16,1.21318
2012,0.001,0.001,0,False,0.001854584630135703,0,0,False,0.0017945173525393391,15480000,0.02446,0.23492,16,1.22658
2013,0.001,0.001,0,False,0.0018522418052369588,0,0,False,0.001831156381148263,15488000,0.02555,0.22822,16,1.22163
2014,0.001,0.001,0,False,0.0018359628555702956,0,0,False,0.001689452308570327,15496000,0.02093,0.23049,16,1.20981
2015,0.001,0.001,0,False,0.0018546563032902788,0,0,False,0.0020228973327701275,15500000,0.02779,0.23379,16,0.66806
2016,0.001,0.001,0,False,0.0018313622583686516,0,0,False,0.0016217158540740057,15508000,0.02048,0.23171,16,1.29243
2017,0.001,0.001,0,False,0.0018175262334666762,0,0,False,0.0016930020093488974,15516000,0.02173,0.23292,16,1.28423
2018,0.001,0.001,0,False,0.0018262847448908847,0,0,False,0.001905111347708761,15524000,0.02434,0.23371,16,1.30193
2019,0.001,0.001,0,False,0.0018248008212998635,0,0,False,0.0018114455089806726,15532000,0.02574,0.2315,16,1.29118
2020,0.001,0.001,0,False,0.0018233275614939338,0,0,False,0.0018100682232405653,15540000,0.02484,0.23353,16,1.31879
2021,0.001,0.001,0,False,0.0018368161737184565,0,0,False,0.0019582136837391624,15548000,0.02658,0.23604,16,1.29365
2022,0.001,0.001,0,False,0.0018362795513560866,0,0,False,0.0018314499500947576,15556000,0.02404,0.23432,16,1.31728
2023,0.001,0.001,0,False,0.0018430085804717656,0,0,False,0.0019035698425128773,15564000,0.02514,0.23687,16,1.2203
2024,0.001,0.001,0,False,0.001828912413474339,0,0,False,0.0017020469104975003,15572000,0.02298,0.23172,16,1.38517
2025,0.001,0.001,0,False,0.0018416161280446833,0,0,False,0.001955949559177782,15580000,0.02634,0.23436,16,1.23112
2026,0.001,0.001,0,False,0.0018383063876246737,0,0,False,0.001808518723844588,15588000,0.02099,0.23345,16,1.29265
2027,0.001,0.001,0,False,0.001856277278632318,0,0,False,0.0020180152977011157,15596000,0.02759,0.23251,16,1.3015
2028,0.001,0.001,0,False,0.0018508277496166491,0,0,False,0.0018017819884756287,15600000,0.0245,0.235,16,0.61582
2029,0.001,0.001,0,False,0.0018276150704006292,0,0,False,0.00161870095745645,15608000,0.02143,0.23315,16,1.2285
2030,0.001,0.001,0,False,0.0018138752786410915,0,0,False,0.0016902171528052517,15616000,0.0226,0.23304,16,1.22311
2031,0.001,0.001,0,False,0.0018249914991958676,0,0,False,0.0019250374841888517,15624000,0.02535,0.23508,16,1.21338
2032,0.001,0.001,0,False,0.0018347966807625142,0,0,False,0.0019230433148623347,15632000,0.0257,0.23278,16,1.23006
2033,0.001,0.001,0,False,0.0018259723898304309,0,0,False,0.001746553771441681,15640000,0.02011,0.23331,16,1.21739
2034,0.001,0.001,0,False,0.0018158714598335553,0,0,False,0.0017249630898616758,15648000,0.02282,0.23442,16,1.21033
2035,0.001,0.001,0,False,0.0018060467956292176,0,0,False,0.0017176248177901792,15656000,0.02366,0.23124,16,1.2983
2036,0.001,0.001,0,False,0.0017874139600515494,0,0,False,0.0016197184398525357,15664000,0.02112,0.2331,16,1.21199
2037,0.001,0.001,0,False,0.0018138344290680643,0,0,False,0.0020516186502166993,15672000,0.02811,0.23505,16,1.32369
2038,0.001,0.001,0,False,0.0018067761997994569,0,0,False,0.001743252136381988,15680000,0.01838,0.23427,16,1.21976
2039,0.001,0.001,0,False,0.0018116118512754163,0,0,False,0.0018551327145590521,15688000,0.02284,0.23195,16,1.30415
2040,0.001,0.001,0,False,0.0017956067042836834,0,0,False,0.0016515603813580869,15696000,0.01964,0.23207,16,1.2082
2041,0.001,0.001,0,False,0.0018102437789970984,0,0,False,0.0019419774514178336,15700000,0.02866,0.23015,16,0.65817
2042,0.001,0.001,0,False,0.0018136211683709219,0,0,False,0.0018440176727353332,15708000,0.02453,0.23233,16,1.22426
2043,0.001,0.001,0,False,0.0018055376829702056,0,0,False,0.0017327863143637582,15716000,0.02256,0.23129,16,1.29439
2044,0.001,0.001,0,False,0.0018235928371478837,0,0,False,0.001986089224746987,15724000,0.02524,0.23367,16,1.23416
2045,0.001,0.001,0,False,0.0018053360587533462,0,0,False,0.001641025053202508,15732000,0.0212,0.23308,16,1.27667
2046,0.001,0.001,0,False,0.0017980630845583808,0,0,False,0.0017326063168036923,15740000,0.02268,0.23207,16,1.20867
2047,0.001,0.001,0,False,0.0018250925944435406,0,0,False,0.0020683581834099792,15748000,0.0232,0.23146,16,1.31786
2048,0.001,0.001,0,False,0.0018150049325723896,0,0,False,0.00172421597573203,15756000,0.02275,0.23152,16,1.2111
2049,0.001,0.001,0,False,0.0018123156483349715,0,0,False,0.0017881120901982082,15764000,0.02145,0.23189,16,1.20918
2050,0.001,0.001,0,False,0.0017938060306696764,0,0,False,0.0016272194716820195,15772000,0.021,0.23412,16,1.20756
2051,0.001,0.001,0,False,0.0017606260272916253,0,0,False,0.0014620059968891666,15780000,0.01838,0.2308,16,1.20753
2052,0.001,0.001,0,False,0.0017529255874192983,0,0,False,0.0016836216285683562,15788000,0.02204,0.22964,16,1.29924
2053,0.001,0.001,0,False,0.0017406151532493414,0,0,False,0.001629821245719728,15796000,0.02034,0.23341,16,1.29643
2054,0.001,0.001,0,False,0.0017326544144216404,0,0,False,0.0016610077649723298,15800000,0.02195,0.23246,16,0.66049
2055,0.001,0.001,0,False,0.0017322400876888036,0,0,False,0.0017285111470932717,15808000,0.02232,0.23197,16,1.30185
2056,0.001,0.001,0,False,0.0017488107002528676,0,0,False,0.001897946213329444,15816000,0.02615,0.23189,16,1.21959
2057,0.001,0.001,0,False,0.0017621725936473901,0,0,False,0.0018824296341980946,15824000,0.02366,0.23452,16,1.21664
2058,0.001,0.001,0,False,0.0017917095864794586,0,0,False,0.002057542521968073,15832000,0.02498,0.23071,16,1.23051
2059,0.001,0.001,0,False,0.001813231856233291,0,0,False,0.0020069322840177823,15840000,0.02476,0.2322,16,1.28806
2060,0.001,0.001,0,False,0.0018202540943566712,0,0,False,0.001883454237467094,15848000,0.02583,0.23548,16,1.2129
2061,0.001,0.001,0,False,0.0018135067564616933,0,0,False,0.0017527807154068922,15856000,0.02338,0.23333,16,1.30033
2062,0.001,0.001,0,False,0.0017970784915931604,0,0,False,0.0016492241077763644,15864000,0.0211,0.23455,16,1.23119
2063,0.001,0.001,0,False,0.0018122805567222541,0,0,False,0.0019490991428840992,15872000,0.02622,0.23308,16,1.23188
2064,0.001,0.001,0,False,0.0018182666218302629,0,0,False,0.0018721412078023412,15880000,0.02442,0.23463,16,1.21315
2065,0.001,0.001,0,False,0.0018146802721759167,0,0,False,0.0017824031252868025,15888000,0.02226,0.23216,16,1.23956
2066,0.001,0.001,0,False,0.001810738507026614,0,0,False,0.0017752626206828893,15896000,0.02347,0.2325,16,1.31822
2067,0.001,0.001,0,False,0.001818346118262148,0,0,False,0.001886814619381957,15900000,0.0263,0.23754,16,0.66294
2068,0.001,0.001,0,False,0.0018251768618321648,0,0,False,0.0018866535539623151,15908000,0.02537,0.23432,16,1.25518
2069,0.001,0.001,0,False,0.0018102786800521444,0,0,False,0.0016761950440319605,15916000,0.0217,0.23495,16,1.23595
2070,0.001,0.001,0,False,0.001797701299325056,0,0,False,0.001684504872781259,15924000,0.02293,0.23115,16,1.21835
2071,0.001,0.001,0,False,0.0017773451982539376,0,0,False,0.0015941402886138747,15932000,0.02005,0.23128,16,1.30548
2072,0.001,0.001,0,False,0.001778250803918647,0,0,False,0.0017864012549010325,15940000,0.02273,0.23427,16,1.22548
2073,0.001,0.001,0,False,0.0017885142615124063,0,0,False,0.0018808853798562416,15948000,0.02495,0.23418,16,1.31406
2074,0.001,0.001,0,False,0.0018004100091900956,0,0,False,0.0019074717382893012,15956000,0.02253,0.23168,16,1.30201
2075,0.001,0.001,0,False,0.0018264623593115116,0,0,False,0.0020609335104042554,15964000,0.02361,0.23288,16,1.22889
2076,0.001,0.001,0,False,0.0018496899428481273,0,0,False,0.0020587381946776707,15972000,0.02806,0.23342,16,1.3144
2077,0.001,0.001,0,False,0.0018371344099292121,0,0,False,0.0017241346136589745,15980000,0.02289,0.2321,16,1.22352
2078,0.001,0.001,0,False,0.0018451291879682569,0,0,False,0.0019170821903196598,15988000,0.0247,0.23444,16,1.2115
2079,0.001,0.001,0,False,0.0018553778737108912,0,0,False,0.001947616045394601,15996000,0.02729,0.2295,16,1.30102
2080,0.001,0.001,0,False,0.0018661484705193203,0,0,False,0.001963083841795181,16000000,0.02696,0.2342,16,0.62188
2081,0.001,0.001,0,False,0.0018794032214444465,0,0,False,0.0019986959797705815,16008000,0.02686,0.23151,16,1.2948
2082,0.001,0.001,0,False,0.0018630991829204026,0,0,False,0.001716362836204006,16016000,0.02166,0.23041,16,1.21614
2083,0.001,0.001,0,False,0.0018405621368487045,0,0,False,0.0016377287222034214,16024000,0.02105,0.23119,16,1.21265
2084,0.001,0.001,0,False,0.0018267359308043974,0,0,False,0.0017023000764056356,16032000,0.02173,0.2292,16,1.28965
2085,0.001,0.001,0,False,0.001798511973124853,0,0,False,0.0015444963540089537,16040000,0.02009,0.2306,16,1.28558
2086,0.001,0.001,0,False,0.0018023967469047756,0,0,False,0.001837359710924078,16048000,0.02554,0.23244,16,1.24499
2087,0.001,0.001,0,False,0.0018060590747101632,0,0,False,0.001839020024958653,16056000,0.02563,0.23087,16,1.2073
2088,0.001,0.001,0,False,0.0018028927652250924,0,0,False,0.0017743959798594557,16064000,0.02304,0.23369,16,1.28956
2089,0.001,0.001,0,False,0.0017958720660614094,0,0,False,0.0017326857735882625,16072000,0.02276,0.23249,16,1.2301
2090,0.001,0.001,0,False,0.0018067021116165902,0,0,False,0.0019041725216132185,16080000,0.02195,0.23336,16,1.21135
2091,0.001,0.001,0,False,0.00181955102181843,0,0,False,0.001935191213634991,16088000,0.02664,0.23338,16,1.29696
2092,0.001,0.001,0,False,0.0018144216565431257,0,0,False,0.0017682573690653862,16096000,0.02238,0.23429,16,1.23096
2093,0.001,0.001,0,False,0.0018387113143287107,0,0,False,0.002057318234398975,16100000,0.02759,0.22848,16,0.66768
2094,0.001,0.001,0,False,0.0018321422308143504,0,0,False,0.0017730204791851073,16108000,0.02475,0.23346,16,1.30305
2095,0.001,0.001,0,False,0.0018399652460687904,0,0,False,0.0019103723833587495,16116000,0.0211,0.2324,16,1.30884
2096,0.001,0.001,0,False,0.0018128817886992337,0,0,False,0.0015691306723732248,16124000,0.02028,0.23196,16,1.31078
2097,0.001,0.001,0,False,0.0017916195381243462,0,0,False,0.0016002592829503597,16132000,0.02026,0.23178,16,1.22191
2098,0.001,0.001,0,False,0.0017770131576903066,0,0,False,0.0016455557337839502,16140000,0.02216,0.23004,16,1.2973
2099,0.001,0.001,0,False,0.0017804094111090463,0,0,False,0.001810975691877705,16148000,0.02059,0.23074,16,1.23756
2100,0.001,0.001,0,False,0.001767680654902317,0,0,False,0.001653121849041755,16156000,0.02076,0.23193,16,1.20912
2101,0.001,0.001,0,False,0.0017460801311354394,0,0,False,0.0015516754172335407,16164000,0.01966,0.23132,16,1.30643
2102,0.001,0.001,0,False,0.0017381868547283936,0,0,False,0.0016671473670649797,16172000,0.0211,0.23097,16,1.23072
2103,0.001,0.001,0,False,0.0017320917769825402,0,0,False,0.001677236077269859,16180000,0.02291,0.23239,16,1.21731
2104,0.001,0.001,0,False,0.0017366833707952594,0,0,False,0.0017780077151097334,16188000,0.02322,0.23164,16,1.20971
2105,0.001,0.001,0,False,0.0017279770252806733,0,0,False,0.001649619915649396,16196000,0.02008,0.23166,16,1.30696
2106,0.001,0.001,0,False,0.0017616269859355017,0,0,False,0.002064476631828959,16200000,0.02761,0.23313,16,0.66259
2107,0.001,0.001,0,False,0.0017684485290617336,0,0,False,0.00182984241719782,16208000,0.02485,0.22881,16,1.28948
2108,0.001,0.001,0,False,0.0017631702285550298,0,0,False,0.0017156655239946965,16216000,0.02239,0.23275,16,1.30667
2109,0.001,0.001,0,False,0.001781520075999025,0,0,False,0.001946668702994981,16224000,0.02669,0.23203,16,1.22208
2110,0.001,0.001,0,False,0.0017832059647131576,0,0,False,0.0017983789631403518,16232000,0.02411,0.2295,16,1.28541
2111,0.001,0.001,0,False,0.0017857980772543664,0,0,False,0.0018091270901252465,16240000,0.02429,0.2294,16,1.29831
2112,0.001,0.001,0,False,0.001790083819692202,0,0,False,0.001828655501632722,16248000,0.02397,0.23285,16,1.33876
2113,0.001,0.001,0,False,0.0018054894283904806,0,0,False,0.0019441399066749887,16256000,0.02609,0.23063,16,1.22156
2114,0.001,0.001,0,False,0.0018109873625635807,0,0,False,0.0018604687701214801,16264000,0.02494,0.23143,16,1.31941
2115,0.001,0.001,0,False,0.0018318733201657417,0,0,False,0.0020198469385851892,16272000,0.02541,0.23273,16,1.31079
2116,0.001,0.001,0,False,0.001811527307624867,0,0,False,0.0016284131947569955,16280000,0.02087,0.23053,16,1.22073
2117,0.001,0.001,0,False,0.0017964899707608008,0,0,False,0.001661153938984206,16288000,0.02237,0.23036,16,1.23918
2118,0.001,0.001,0,False,0.0017820229851578094,0,0,False,0.0016518201147308858,16296000,0.02169,0.22988,16,1.2999
2119,0.001,0.001,0,False,0.0017833387562478104,0,0,False,0.0017951806960578194,16300000,0.02509,0.23017,16,0.61123
2120,0.001,0.001,0,False,0.0017857364634222027,0,0,False,0.0018073158279917321,16308000,0.02472,0.22934,16,1.21078
2121,0.001,0.001,0,False,0.0017999271465109288,0,0,False,0.0019276432943094639,16316000,0.02569,0.23282,16,1.29196
2122,0.001,0.001,0,False,0.0017711148779989414,0,0,False,0.0015118044613910537,16324000,0.01822,0.2305,16,1.21038
2123,0.001,0.001,0,False,0.0017789395663449059,0,0,False,0.0018493617614585862,16332000,0.02482,0.23211,16,1.31234
2124,0.001,0.001,0,False,0.0017793436091794,0,0,False,0.001782979994689847,16340000,0.02143,0.23238,16,1.22365
2125,0.001,0.001,0,False,0.0017683111744903161,0,0,False,0.0016690192622885612,16348000,0.02094,0.23286,16,1.21128
2126,0.001,0.001,0,False,0.0017560876094213388,0,0,False,0.001646075523800543,16356000,0.02122,0.23029,16,1.30926
2127,0.001,0.001,0,False,0.001751518628025368,0,0,False,0.0017103977954616293,16364000,0.02212,0.23016,16,1.30553
2128,0.001,0.001,0,False,0.0017766987693579176,0,0,False,0.002003320041350865,16372000,0.0278,0.23041,16,1.21037
2129,0.001,0.001,0,False,0.0017919662080701853,0,0,False,0.0019293731564805948,16380000,0.02526,0.23415,16,1.20965
2130,0.001,0.001,0,False,0.0017952588573016703,0,0,False,0.001824892700385037,16388000,0.0254,0.22845,16,1.2185
2131,0.001,0.001,0,False,0.001817934318166144,0,0,False,0.0020220134659464078,16396000,0.02882,0.22919,16,1.22761
2132,0.001,0.001,0,False,0.0018219557094175801,0,0,False,0.001858148230680504,16400000,0.02186,0.22804,16,0.69445
2133,0.001,0.001,0,False,0.0018229832990250211,0,0,False,0.0018322316054919902,16408000,0.02447,0.23061,16,1.30545
2134,0.001,0.001,0,False,0.001816170034823143,0,0,False,0.0017548506570062392,16416000,0.02331,0.22921,16,1.32067
2135,0.001,0.001,0,False,0.0018265607280810708,0,0,False,0.0019200769674024203,16424000,0.02491,0.22867,16,1.22696
2136,0.001,0.001,0,False,0.0018504490884792529,0,0,False,0.002065444332062892,16432000,0.02918,0.23328,16,1.32223
2137,0.001,0.001,0,False,0.0018428895144235844,0,0,False,0.001774853347922566,16440000,0.02344,0.231,16,1.23388
2138,0.001,0.001,0,False,0.0018428127160776478,0,0,False,0.0018421215309642194,16448000,0.02435,0.23168,16,1.29905
2139,0.001,0.001,0,False,0.0018320524835435472,0,0,False,0.0017352103907366434,16456000,0.02275,0.23033,16,1.23374
2140,0.001,0.001,0,False,0.0018056413201606942,0,0,False,0.001567940849715016,16464000,0.01951,0.23145,16,1.24101
2141,0.001,0.001,0,False,0.001794673300277137,0,0,False,0.0016959611213251218,16472000,0.02339,0.23094,16,1.2296
2142,0.001,0.001,0,False,0.0018011691079448402,0,0,False,0.00185963137695417,16480000,0.02509,0.23162,16,1.33916
2143,0.001,0.001,0,False,0.001822328944446217,0,0,False,0.0020127674729586097,16488000,0.02719,0.22946,16,1.20883
2144,0.001,0.001,0,False,0.0018243641836330276,0,0,False,0.0018426813363143244,16496000,0.02538,0.23178,16,1.21132
2145,0.001,0.001,0,False,0.001860913640437186,0,0,False,0.002189858751674612,16500000,0.0319,0.2336,16,0.67132
2146,0.001,0.001,0,False,0.0018518732643642427,0,0,False,0.0017705098797077526,16508000,0.02352,0.23017,16,1.21616
2147,0.001,0.001,0,False,0.0018400278438089395,0,0,False,0.00173341905881121,16516000,0.02117,0.23286,16,1.28938
2148,0.001,0.001,0,False,0.001830541978837579,0,0,False,0.0017451691940953327,16524000,0.02266,0.2314,16,1.23576
2149,0.001,0.001,0,False,0.0018273057539277145,0,0,False,0.0017981797297389353,16532000,0.02042,0.23122,16,1.20926
2150,0.001,0.001,0,False,0.0018184211002704594,0,0,False,0.0017384592173551648,16540000,0.02354,0.23197,16,1.31026
2151,0.001,0.001,0,False,0.0018092285906708468,0,0,False,0.0017264960042743338,16548000,0.02225,0.23208,16,1.32321
2152,0.001,0.001,0,False,0.0018055144050620282,0,0,False,0.0017720867345826605,16556000,0.02082,0.23245,16,1.22633
2153,0.001,0.001,0,False,0.001790517540422914,0,0,False,0.0016555457586708879,16564000,0.02106,0.23202,16,1.2795
2154,0.001,0.001,0,False,0.001795452545753996,0,0,False,0.0018398675937337339,16572000,0.02428,0.23352,16,1.22496
2155,0.001,0.001,0,False,0.00178693333176382,0,0,False,0.001710260405852237,16580000,0.02289,0.23577,16,1.30339
2156,0.001,0.001,0,False,0.0017993705477578185,0,0,False,0.0019113054917038056,16588000,0.02155,0.233,16,1.2149
2157,0.001,0.001,0,False,0.0018017976777441173,0,0,False,0.0018236418476208056,16596000,0.02529,0.23325,16,1.21253
2158,0.001,0.001,0,False,0.001836370772313033,0,0,False,0.0021475286234332734,16600000,0.03006,0.23194,16,0.62983
2159,0.001,0.001,0,False,0.0018193004839933244,0,0,False,0.0016656678891159486,16608000,0.02031,0.2291,16,1.30364
2160,0.001,0.001,0,False,0.0018062765052498377,0,0,False,0.0016890606965584566,16616000,0.02178,0.23022,16,1.23242
2161,0.001,0.001,0,False,0.001803662737949091,0,0,False,0.0017801388322423708,16624000,0.02368,0.22898,16,1.31984
2162,0.001,0.001,0,False,0.0018181130916925603,0,0,False,0.0019481662753837827,16632000,0.02585,0.23247,16,1.28702
2163,0.001,0.001,0,False,0.0018256486427869422,0,0,False,0.0018934686026363793,16640000,0.02573,0.23139,16,1.31704
2164,0.001,0.001,0,False,0.0018199375109784243,0,0,False,0.0017685373247017637,16648000,0.02461,0.23436,16,1.30205
2165,0.001,0.001,0,False,0.0018238380952653763,0,0,False,0.0018589433538479434,16656000,0.02445,0.23331,16,1.30744
2166,0.001,0.001,0,False,0.001823595258385933,0,0,False,0.0018214097264709437,16664000,0.02408,0.22922,16,1.29023
2167,0.001,0.001,0,False,0.0018259752886394197,0,0,False,0.0018473955609208024,16672000,0.02419,0.23184,16,1.20995
2168,0.001,0.001,0,False,0.0018088172850983608,0,0,False,0.0016543952532288302,16680000,0.02057,0.23304,16,1.35571
2169,0.001,0.001,0,False,0.001808574292294383,0,0,False,0.0018063873570585828,16688000,0.02265,0.23328,16,1.21143
2170,0.001,0.001,0,False,0.0018005954366421529,0,0,False,0.0017287857357720815,16696000,0.02178,0.23258,16,1.29817
2171,0.001,0.001,0,False,0.0017984476916868496,0,0,False,0.0017791179870891203,16700000,0.02409,0.23668,16,0.66812
2172,0.001,0.001,0,False,0.0017944516700974947,0,0,False,0.0017584874757932993,16708000,0.0219,0.23123,16,1.29593
2173,0.001,0.001,0,False,0.0018224683384611752,0,0,False,0.0020746183537342982,16716000,0.02764,0.23032,16,1.30749
2174,0.001,0.001,0,False,0.0018120232551195586,0,0,False,0.0017180175050450087,16724000,0.02263,0.23353,16,1.31992
2175,0.001,0.001,0,False,0.001824670833187314,0,0,False,0.0019384990357971146,16732000,0.02526,0.2367,16,1.22996
2176,0.001,0.001,0,False,0.0018217583487515287,0,0,False,0.0017955459888294597,16740000,0.01999,0.23506,16,1.20699
2177,0.001,0.001,0,False,0.0018006967731708655,0,0,False,0.0016111425929448981,16748000,0.02134,0.23005,16,1.22071
2178,0.001,0.001,0,False,0.0017743117291288742,0,0,False,0.0015368463327509524,16756000,0.02039,0.23389,16,1.21082
2179,0.001,0.001,0,False,0.001774901334406561,0,0,False,0.0017802077819057413,16764000,0.02097,0.23252,16,1.2109
2180,0.001,0.001,0,False,0.0017895079341024504,0,0,False,0.0019209673313654557,16772000,0.02625,0.2339,16,1.30863
2181,0.001,0.001,0,False,0.001789857916616075,0,0,False,0.001793007759238697,16780000,0.02187,0.23363,16,1.21109
2182,0.001,0.001,0,False,0.0017997722843455198,0,0,False,0.0018890015939105227,16788000,0.02624,0.23093,16,1.32602
2183,0.001,0.001,0,False,0.0017954744051318274,0,0,False,0.0017567934922085944,16796000,0.02402,0.23245,16,1.29739
2184,0.001,0.001,0,False,0.0018178511370287452,0,0,False,0.0020192417241010055,16800000,0.0274,0.23135,16,0.66449
2185,0.001,0.001,0,False,0.001820773671787191,0,0,False,0.0018470764846132022,16808000,0.02545,0.23053,16,1.31089
2186,0.001,0.001,0,False,0.0018215906245981676,0,0,False,0.0018289431998969573,16816000,0.02437,0.23283,16,1.21412
2187,0.001,0.001,0,False,0.00181849559193875,0,0,False,0.0017906402980039922,16824000,0.02246,0.23199,16,1.28706
2188,0.001,0.001,0,False,0.0018148421346764869,0,0,False,0.0017819610193161182,16832000,0.02401,0.23129,16,1.2326
2189,0.001,0.001,0,False,0.0018187572099069758,0,0,False,0.0018539928869813756,16840000,0.02326,0.2338,16,1.2081
2190,0.001,0.001,0,False,0.0018422297496819894,0,0,False,0.002053482607657111,16848000,0.02817,0.23178,16,1.29104
2191,0.001,0.001,0,False,0.0018512342444545317,0,0,False,0.0019322746974074134,16856000,0.02606,0.23105,16,1.21312
2192,0.001,0.001,0,False,0.0018461191426347074,0,0,False,0.0018000832262562885,16864000,0.02436,0.23047,16,1.21137
2193,0.001,0.001,0,False,0.0018482815656083672,0,0,False,0.0018677433723713068,16872000,0.02592,0.23386,16,1.22983
2194,0.001,0.001,0,False,0.0018430139837670896,0,0,False,0.0017956057471955912,16880000,0.02443,0.23169,16,1.30736
2195,0.001,0.001,0,False,0.0018320148652794398,0,0,False,0.001733022798890592,16888000,0.02367,0.23053,16,1.22528
2196,0.001,0.001,0,False,0.0018170119902584686,0,0,False,0.0016819861150697295,16896000,0.02233,0.23371,16,1.30192
2197,0.001,0.001,0,False,0.001816110787096741,0,0,False,0.0018079999586411916,16900000,0.02653,0.22746,16,0.62245
2198,0.001,0.001,0,False,0.0018001982795132307,0,0,False,0.0016569857112616396,16908000,0.02183,0.22892,16,1.21595
2199,0.001,0.001,0,False,0.0017959331188180095,0,0,False,0.001757546672561018,16916000,0.02279,0.23139,16,1.28748
2200,0.001,0.001,0,False,0.0017917715148831307,0,0,False,0.0017543170794692222,16924000,0.02409,0.22962,16,1.23475
2201,0.001,0.001,0,False,0.0017913293489199237,0,0,False,0.00178734985525106,16932000,0.0246,0.23151,16,1.21502
2202,0.001,0.001,0,False,0.0017881714021873842,0,0,False,0.0017597498815945288,16940000,0.02164,0.23063,16,1.29949
2203,0.001,0.001,0,False,0.001787108957036935,0,0,False,0.0017775469506828938,16948000,0.02314,0.22902,16,1.20869
2204,0.001,0.001,0,False,0.0018061284251571729,0,0,False,0.0019773036382393127,16956000,0.02748,0.22805,16,1.31878
2205,0.001,0.001,0,False,0.0018078832091464724,0,0,False,0.0018236762650501676,16964000,0.02278,0.2268,16,1.23379
2206,0.001,0.001,0,False,0.0018017393305563786,0,0,False,0.0017464444232455339,16972000,0.02264,0.22989,16,1.22717
2207,0.001,0.001,0,False,0.0017909377903395046,0,0,False,0.0016937239283876394,16980000,0.02292,0.22945,16,1.21936
2208,0.001,0.001,0,False,0.0017916150046297864,0,0,False,0.001797709933242323,16988000,0.02345,0.22867,16,1.30347
2209,0.001,0.001,0,False,0.001801403028514404,0,0,False,0.0018894952434759602,16996000,0.02632,0.2275,16,1.2099
2210,0.001,0.001,0,False,0.001812218210060547,0,0,False,0.0019095548439758364,17000000,0.02752,0.2288,16,0.68078
2211,0.001,0.001,0,False,0.001807423135002175,0,0,False,0.001764267459476827,17008000,0.02174,0.22838,16,1.22388
2212,0.001,0.001,0,False,0.0018048228379490005,0,0,False,0.0017814201644704311,17016000,0.02317,0.23129,16,1.21351
2213,0.001,0.001,0,False,0.0017858282666421924,0,0,False,0.0016148771248809192,17024000,0.02065,0.22597,16,1.3129
2214,0.001,0.001,0,False,0.001802518500897937,0,0,False,0.0019527306091996375,17032000,0.02653,0.22786,16,1.22861
2215,0.001,0.001,0,False,0.0018075961074615352,0,0,False,0.0018532945665339195,17040000,0.02485,0.22529,16,1.2165
2216,0.001,0.001,0,False,0.0017888926864308445,0,0,False,0.0016205618971546283,17048000,0.02028,0.22868,16,1.2184
2217,0.001,0.001,0,False,0.001783031956807337,0,0,False,0.0017302853901957692,17056000,0.02341,0.22677,16,1.31305
2218,0.001,0.001,0,False,0.0017832633660463673,0,0,False,0.0017853460491976392,17064000,0.02344,0.23005,16,1.21519
2219,0.001,0.001,0,False,0.0017827266202743888,0,0,False,0.0017778959083265828,17072000,0.02332,0.22936,16,1.23704
2220,0.001,0.001,0,False,0.0017774616464109629,0,0,False,0.0017300768816401301,17080000,0.01927,0.22922,16,1.30755
2221,0.001,0.001,0,False,0.0017905505136276152,0,0,False,0.0019083503185774852,17088000,0.02632,0.2277,16,1.29816
2222,0.001,0.001,0,False,0.0017784036566055404,0,0,False,0.001669081943406868,17096000,0.02112,0.22998,16,1.21332
2223,0.001,0.001,0,False,0.001799502221439848,0,0,False,0.0019893893049486165,17100000,0.02878,0.22868,16,0.63009
2224,0.001,0.001,0,False,0.0017883089862566434,0,0,False,0.0016875698696078017,17108000,0.02245,0.22933,16,1.22078
2225,0.001,0.001,0,False,0.0017801510017169155,0,0,False,0.001706729140859365,17116000,0.02262,0.23075,16,1.30673
2226,0.001,0.001,0,False,0.0017790169249750749,0,0,False,0.001768810234298511,17124000,0.02389,0.23002,16,1.20765
2227,0.001,0.001,0,False,0.0018024606682173392,0,0,False,0.002013454357397719,17132000,0.02827,0.2294,16,1.2159
2228,0.001,0.001,0,False,0.0017733575026884498,0,0,False,0.0015114290129284458,17140000,0.01945,0.22987,16,1.22817
2229,0.001,0.001,0,False,0.0017693999328988238,0,0,False,0.0017337818047921903,17148000,0.02293,0.22785,16,1.22002
2230,0.001,0.001,0,False,0.0017553594901877126,0,0,False,0.0016289955057877115,17156000,0.02137,0.22874,16,1.30111
2231,0.001,0.001,0,False,0.0017653056852726871,0,0,False,0.0018548214410374583,17164000,0.02461,0.22639,16,1.23673
2232,0.001,0.001,0,False,0.0017738605527523824,0,0,False,0.0018508543600696398,17172000,0.02495,0.22896,16,1.22367
2233,0.001,0.001,0,False,0.0017674167796008823,0,0,False,0.0017094228212373823,17180000,0.02089,0.23148,16,1.3068
2234,0.001,0.001,0,False,0.0017590372476745438,0,0,False,0.001683621460337498,17188000,0.0222,0.22984,16,1.21508
2235,0.001,0.001,0,False,0.0017787541328034202,0,0,False,0.001956206098963309,17196000,0.02251,0.22723,16,1.22879
2236,0.001,0.001,0,False,0.0017634726686302088,0,0,False,0.0016259394910713059,17200000,0.02267,0.22844,16,0.66959
2237,0.001,0.001,0,False,0.0017621496055515865,0,0,False,0.0017502420378439857,17208000,0.01916,0.23096,16,1.3126
2238,0.001,0.001,0,False,0.0017575817532483819,0,0,False,0.001716471082519542,17216000,0.02101,0.22766,16,1.23028
2239,0.001,0.001,0,False,0.001765114221205081,0,0,False,0.0018329064328153743,17224000,0.02306,0.22912,16,1.26479
2240,0.001,0.001,0,False,0.0017606029787727087,0,0,False,0.0017200017968813579,17232000,0.02186,0.22948,16,1.27259
2241,0.001,0.001,0,False,0.001763936815056382,0,0,False,0.0017939413416094422,17240000,0.02356,0.23042,16,1.31122
2242,0.001,0.001,0,False,0.0017675518614219971,0,0,False,0.0018000872787125334,17248000,0.02351,0.22769,16,1.32609
2243,0.001,0.001,0,False,0.0017847340605657404,0,0,False,0.0019393738528594312,17256000,0.02646,0.22826,16,1.21664
2244,0.001,0.001,0,False,0.0017887585040285273,0,0,False,0.0018249784951936104,17264000,0.02131,0.22536,16,1.21755
2245,0.001,0.001,0,False,0.0018066935748306137,0,0,False,0.0019681092120493924,17272000,0.02699,0.22672,16,1.22396
2246,0.001,0.001,0,False,0.0017907549694968752,0,0,False,0.0016473075214932292,17280000,0.02199,0.22788,16,1.20959
2247,0.001,0.001,0,False,0.0018169996882130182,0,0,False,0.0020532021566583044,17288000,0.02843,0.22894,16,1.21532
2248,0.001,0.001,0,False,0.0018226091200716221,0,0,False,0.0018730940067990577,17296000,0.02504,0.22689,16,1.20992
2249,0.001,0.001,0,False,0.0018362972828886474,0,0,False,0.001959490748241874,17300000,0.02375,0.23374,16,0.61377
2250,0.001,0.001,0,False,0.0018239033201320478,0,0,False,0.0017123576553226532,17308000,0.02099,0.22774,16,1.28621
2251,0.001,0.001,0,False,0.0018045529862754164,0,0,False,0.0016303999815657343,17316000,0.02165,0.23182,16,1.23919
2252,0.001,0.001,0,False,0.00179066980979224,0,0,False,0.0016657212214436518,17324000,0.01966,0.22594,16,1.22529
2253,0.001,0.001,0,False,0.0017927389264260924,0,0,False,0.0018113609761307647,17332000,0.02182,0.22732,16,1.29516
2254,0.001,0.001,0,False,0.0017992138121350483,0,0,False,0.0018574877835156503,17340000,0.02332,0.22644,16,1.30856
2255,0.001,0.001,0,False,0.0018078627934495152,0,0,False,0.0018857036252797178,17348000,0.02572,0.22749,16,1.28485
2256,0.001,0.001,0,False,0.0018001824634205545,0,0,False,0.0017310594931599088,17356000,0.02368,0.22845,16,1.29593
2257,0.001,0.001,0,False,0.0017895540838169229,0,0,False,0.001693898667384238,17364000,0.02289,0.23037,16,1.23123
2258,0.001,0.001,0,False,0.001787171401037914,0,0,False,0.0017657272560268349,17372000,0.02386,0.22623,16,1.22405
2259,0.001,0.001,0,False,0.0017920934512963723,0,0,False,0.0018363919036224969,17380000,0.02163,0.22793,16,1.29631
2260,0.001,0.001,0,False,0.0017737385261548332,0,0,False,0.0016085441998809806,17388000,0.02107,0.22864,16,1.30749
2261,0.001,0.001,0,False,0.0017542534093039114,0,0,False,0.0015788873576456136,17396000,0.02147,0.23039,16,1.21318
2262,0.001,0.001,0,False,0.0017678468208824467,0,0,False,0.001890187525089263,17400000,0.02651,0.22693,16,0.68627
2263,0.001,0.001,0,False,0.0017619364803440093,0,0,False,0.0017087434154980723,17408000,0.0204,0.22887,16,1.28023
2264,0.001,0.001,0,False,0.0017581585821487026,0,0,False,0.0017241574983909436,17416000,0.02004,0.23025,16,1.21392
2265,0.001,0.001,0,False,0.0017634072755806796,0,0,False,0.0018106455164684735,17424000,0.02513,0.22829,16,1.32564
2266,0.001,0.001,0,False,0.0017728888563154415,0,0,False,0.0018582230829282977,17432000,0.02538,0.22881,16,1.22315
2267,0.001,0.001,0,False,0.0017738435106638163,0,0,False,0.0017824353997991894,17440000,0.02302,0.22884,16,1.3174
2268,0.001,0.001,0,False,0.0017885111636144065,0,0,False,0.0019205200401697174,17448000,0.0263,0.22927,16,1.29858
2269,0.001,0.001,0,False,0.0017725146359697324,0,0,False,0.0016285458871676667,17456000,0.02132,0.22374,16,1.21388
2270,0.001,0.001,0,False,0.0017755523046995225,0,0,False,0.0018028913232676315,17464000,0.02143,0.22489,16,1.38497
2271,0.001,0.001,0,False,0.0017855871867022035,0,0,False,0.001875901124726334,17472000,0.02539,0.23048,16,1.21011
2272,0.001,0.001,0,False,0.0017784539593462452,0,0,False,0.0017142549131426183,17480000,0.02355,0.22704,16,1.33269
2273,0.001,0.001,0,False,0.0017888971298484285,0,0,False,0.001882885664368079,17488000,0.02572,0.23015,16,1.31795
2274,0.001,0.001,0,False,0.0017966545375060043,0,0,False,0.0018664712064241863,17496000,0.02382,0.22709,16,1.32542
2275,0.001,0.001,0,False,0.0018295673009579056,0,0,False,0.002125782172025016,17500000,0.02874,0.22924,16,0.65023
2276,0.001,0.001,0,False,0.0018134894691734147,0,0,False,0.0016687889831129967,17508000,0.02245,0.22645,16,1.30344
2277,0.001,0.001,0,False,0.0018260432266648766,0,0,False,0.0019390270440880345,17516000,0.02508,0.22693,16,1.28847
2278,0.001,0.001,0,False,0.0018024848570478925,0,0,False,0.0015904595304950346,17524000,0.02123,0.22976,16,1.21015
2279,0.001,0.001,0,False,0.0018123490218879804,0,0,False,0.0019011265054487696,17532000,0.02615,0.2304,16,1.22915
2280,0.001,0.001,0,False,0.0018053798936962413,0,0,False,0.00174265773997059,17540000,0.02363,0.22716,16,1.20942
2281,0.001,0.001,0,False,0.0017895903618615283,0,0,False,0.001647484575349112,17548000,0.02111,0.22553,16,1.23038
2282,0.001,0.001,0,False,0.0017905495322504924,0,0,False,0.0017991820657511683,17556000,0.02392,0.22829,16,1.21426
2283,0.001,0.001,0,False,0.0017900840897891077,0,0,False,0.0017858951076366448,17564000,0.02267,0.22962,16,1.31093
2284,0.001,0.001,0,False,0.0017973306049120662,0,0,False,0.0018625492410186922,17572000,0.02608,0.22828,16,1.22881
2285,0.001,0.001,0,False,0.001768224542050399,0,0,False,0.0015062699762953945,17580000,0.01916,0.22685,16,1.29897
2286,0.001,0.001,0,False,0.001779748860288751,0,0,False,0.0018834677244339193,17588000,0.02539,0.23127,16,1.22117
2287,0.001,0.001,0,False,0.0017637436868117784,0,0,False,0.0016196971255190231,17596000,0.02191,0.22684,16,1.29211
2288,0.001,0.001,0,False,0.0017653312965087266,0,0,False,0.0017796197837812602,17600000,0.02496,0.2265,16,0.67059
2289,0.001,0.001,0,False,0.001761028123400128,0,0,False,0.0017222995654227404,17608000,0.02317,0.22603,16,1.23583
2290,0.001,0.001,0,False,0.0017650646807833492,0,0,False,0.0018013936972323412,17616000,0.02404,0.22726,16,1.29285
2291,0.001,0.001,0,False,0.001775192245704373,0,0,False,0.0018663403299935871,17624000,0.02398,0.22725,16,1.23356
2292,0.001,0.001,0,False,0.001783378097832127,0,0,False,0.0018570507669819127,17632000,0.02167,0.22894,16,1.36974
2293,0.001,0.001,0,False,0.0017948801769249335,0,0,False,0.0018983988887601928,17640000,0.0268,0.22885,16,1.23512
2294,0.001,0.001,0,False,0.001807503393858295,0,0,False,0.0019211123462585485,17648000,0.02659,0.22988,16,1.24361
2295,0.001,0.001,0,False,0.0018176178103260993,0,0,False,0.001908647558536339,17656000,0.02613,0.23098,16,1.29863
2296,0.001,0.001,0,False,0.0018164793695582006,0,0,False,0.0018062334026471127,17664000,0.02335,0.22941,16,1.23376
2297,0.001,0.001,0,False,0.0017947004556803604,0,0,False,0.0015986902307797983,17672000,0.01887,0.22908,16,1.22349
2298,0.001,0.001,0,False,0.0018201902985174312,0,0,False,0.002049598884051069,17680000,0.0288,0.22847,16,1.32091
2299,0.001,0.001,0,False,0.0018128965077699245,0,0,False,0.0017472523910423636,17688000,0.02324,0.22954,16,1.23151
2300,0.001,0.001,0,False,0.0018022290778807709,0,0,False,0.0017062222088783888,17696000,0.0208,0.2291,16,1.22419
2301,0.001,0.001,0,False,0.0018284695014617995,0,0,False,0.0020646333136910564,17700000,0.0296,0.22698,16,0.67369
2302,0.001,0.001,0,False,0.0018242685964828963,0,0,False,0.0017864604516727681,17708000,0.022,0.2274,16,1.21536
2303,0.001,0.001,0,False,0.0018132467113183448,0,0,False,0.0017140497448373832,17716000,0.02194,0.23072,16,1.21721
2304,0.001,0.001,0,False,0.0018040132033277164,0,0,False,0.0017209116314120608,17724000,0.02324,0.22308,16,1.21258
2305,0.001,0.001,0,False,0.00180582825605281,0,0,False,0.001822163730578652,17732000,0.02589,0.22578,16,1.33385
2306,0.001,0.001,0,False,0.0017980943015526792,0,0,False,0.0017284887110515037,17740000,0.02023,0.22567,16,1.218
2307,0.001,0.001,0,False,0.0018008381537146898,0,0,False,0.0018255328231727864,17748000,0.02407,0.22914,16,1.24064
2308,0.001,0.001,0,False,0.0018110493220399842,0,0,False,0.0019029498369676334,17756000,0.02245,0.22376,16,1.32569
2309,0.001,0.001,0,False,0.0017932442181755504,0,0,False,0.0016329982833956458,17764000,0.02189,0.22844,16,1.22245
2310,0.001,0.001,0,False,0.001797361478892513,0,0,False,0.001834416825345177,17772000,0.02383,0.22758,16,1.23289
2311,0.001,0.001,0,False,0.0017858124555741382,0,0,False,0.0016818712457087642,17780000,0.02253,0.22478,16,1.21225
2312,0.001,0.001,0,False,0.0018007392359706716,0,0,False,0.0019350802595394716,17788000,0.02595,0.22667,16,1.23582
2313,0.001,0.001,0,False,0.001809058698838113,0,0,False,0.0018839338646450844,17796000,0.02655,0.22707,16,1.33019
2314,0.001,0.001,0,False,0.001833760435224277,0,0,False,0.0020560760626997547,17800000,0.02657,0.22684,16,0.63428
2315,0.001,0.001,0,False,0.001810491485175614,0,0,False,0.0016010709347376488,17808000,0.0226,0.22696,16,1.2261
2316,0.001,0.001,0,False,0.0018220525342508367,0,0,False,0.0019261019759278402,17816000,0.02474,0.2283,16,1.2912
2317,0.001,0.001,0,False,0.0018379074095555641,0,0,False,0.00198060128729811,17824000,0.0277,0.23015,16,1.21447
2318,0.001,0.001,0,False,0.0018239356650890295,0,0,False,0.0016981899648902171,17832000,0.02329,0.22523,16,1.30085
2319,0.001,0.001,0,False,0.0018147076253103615,0,0,False,0.001731655267302348,17840000,0.02111,0.22787,16,1.34466
2320,0.001,0.001,0,False,0.0018110387698752025,0,0,False,0.0017780190709587725,17848000,0.02453,0.22657,16,1.30579
2321,0.001,0.001,0,False,0.0018113010204642475,0,0,False,0.0018136612757656543,17856000,0.02352,0.22388,16,1.29007
2322,0.001,0.001,0,False,0.0018270151405483397,0,0,False,0.001968442221305169,17864000,0.02729,0.23175,16,1.23492
2323,0.001,0.001,0,False,0.0018142651901412957,0,0,False,0.0016995156364779016,17872000,0.02219,0.2258,16,1.31786
2324,0.001,0.001,0,False,0.001813276496567291,0,0,False,0.0018043782544012485,17880000,0.02306,0.22809,16,1.31889
2325,0.001,0.001,0,False,0.0018276048429248268,0,0,False,0.001956559960142648,17888000,0.02788,0.22723,16,1.30357
2326,0.001,0.001,0,False,0.0018056068520057018,0,0,False,0.0016076249337335776,17896000,0.0212,0.22736,16,1.32081
2327,0.001,0.001,0,False,0.0018570605040564845,0,0,False,0.002320143372513527,17900000,0.03378,0.22717,16,0.6307
2328,0.001,0.001,0,False,0.0018699048404892944,0,0,False,0.0019855038683845856,17908000,0.02575,0.22508,16,1.23282
2329,0.001,0.001,0,False,0.001854768174360408,0,0,False,0.00171853817920043,17916000,0.02294,0.22652,16,1.28174
2330,0.001,0.001,0,False,0.0018668630065252479,0,0,False,0.0019757164960088054,17924000,0.02374,0.22633,16,1.21141
2331,0.001,0.001,0,False,0.001870392048808897,0,0,False,0.001902153429361739,17932000,0.02231,0.23052,16,1.21414
2332,0.001,0.001,0,False,0.0018716468223142625,0,0,False,0.0018829397838625516,17940000,0.02087,0.22865,16,1.23444
2333,0.001,0.001,0,False,0.0018670893695823514,0,0,False,0.0018260722949951524,17948000,0.02513,0.22699,16,1.21151
2334,0.001,0.001,0,False,0.0018525994489946296,0,0,False,0.0017221901637051325,17956000,0.02177,0.22832,16,1.24014
2335,0.001,0.001,0,False,0.0018424082793268397,0,0,False,0.0017506877523167296,17964000,0.02305,0.2293,16,1.2358
2336,0.001,0.001,0,False,0.001834148921904388,0,0,False,0.0017598147051023241,17972000,0.02329,0.22838,16,1.22217
2337,0.001,0.001,0,False,0.0018027644286205751,0,0,False,0.0015203039890662594,17980000,0.01913,0.22969,16,1.2204
2338,0.001,0.001,0,False,0.0017847985848452198,0,0,False,0.0016231059908670214,17988000,0.02092,0.22744,16,1.22252
2339,0.001,0.001,0,False,0.0017815355297854715,0,0,False,0.0017521680342477385,17996000,0.02095,0.22871,16,1.2356
2340,0.001,0.001,0,False,0.0018416782063860283,0,0,False,0.0023829622957910407,18000000,0.03109,0.22895,16,0.66108
2341,0.001,0.001,0,False,0.0018263057862899844,0,0,False,0.0016879540054255877,18008000,0.02085,0.2285,16,1.35626
2342,0.001,0.001,0,False,0.001838865379770332,0,0,False,0.0019519017210934619,18016000,0.02388,0.22681,16,1.22073
2343,0.001,0.001,0,False,0.0018356372186044856,0,0,False,0.0018065837681118693,18024000,0.02431,0.22861,16,1.23951
2344,0.001,0.001,0,False,0.0018315169064080006,0,0,False,0.0017944340966396352,18032000,0.02376,0.22859,16,1.32587
2345,0.001,0.001,0,False,0.0018367862104514123,0,0,False,0.001884209946842118,18040000,0.02577,0.22656,16,1.21544
2346,0.001,0.001,0,False,0.0018286239232772786,0,0,False,0.0017551633387100733,18048000,0.02389,0.22786,16,1.21514
2347,0.001,0.001,0,False,0.0018079259035040458,0,0,False,0.0016216437255449508,18056000,0.01799,0.2247,16,1.21122
2348,0.001,0.001,0,False,0.0018224816967477944,0,0,False,0.001953483835941532,18064000,0.02719,0.2282,16,1.23261
2349,0.001,0.001,0,False,0.0018216668703174804,0,0,False,0.001814333432444654,18072000,0.02515,0.22654,16,1.33216
2350,0.001,0.001,0,False,0.0018121450770012385,0,0,False,0.001726448937155062,18080000,0.02315,0.23072,16,1.22186
2351,0.001,0.001,0,False,0.0018139752164570537,0,0,False,0.0018304464715593893,18088000,0.02399,0.22872,16,1.22965
2352,0.001,0.001,0,False,0.0017975913061367293,0,0,False,0.0016501361132538104,18096000,0.02201,0.22699,16,1.231
2353,0.001,0.001,0,False,0.0018202138518700639,0,0,False,0.0020238167634700744,18100000,0.02799,0.22874,16,0.63346
2354,0.001,0.001,0,False,0.0018140854180964117,0,0,False,0.0017589295141335426,18108000,0.02406,0.22896,16,1.29623
2355,0.001,0.001,0,False,0.0018031369929240833,0,0,False,0.0017046011663731286,18116000,0.02291,0.22993,16,1.31463
2356,0.001,0.001,0,False,0.0017982049867518394,0,0,False,0.001753816931201645,18124000,0.02325,0.22608,16,1.23857
2357,0.001,0.001,0,False,0.0017879854636108116,0,0,False,0.0016960097553415613,18132000,0.02219,0.22745,16,1.21509
2358,0.001,0.001,0,False,0.0017690136966026693,0,0,False,0.001598267793529389,18140000,0.02138,0.2265,16,1.22756
2359,0.001,0.001,0,False,0.001768963871436073,0,0,False,0.0017685154449367066,18148000,0.02192,0.22835,16,1.31077
2360,0.001,0.001,0,False,0.0017737253160398808,0,0,False,0.0018165783174741506,18156000,0.02192,0.2299,16,1.31887
2361,0.001,0.001,0,False,0.0017669635812078898,0,0,False,0.0017061079677199724,18164000,0.02252,0.22568,16,1.21938
2362,0.001,0.001,0,False,0.00177522081358394,0,0,False,0.0018495359049683897,18172000,0.02554,0.22687,16,1.32631
2363,0.001,0.001,0,False,0.0017660061392155604,0,0,False,0.001683074069900145,18180000,0.02274,0.22759,16,1.2246
2364,0.001,0.001,0,False,0.0017542809422713345,0,0,False,0.0016487541697733016,18188000,0.02065,0.22755,16,1.31236
2365,0.001,0.001,0,False,0.0017470645542663236,0,0,False,0.001682117062221227,18196000,0.02274,0.22727,16,1.21997
2366,0.001,0.001,0,False,0.0017593310776193465,0,0,False,0.001869729787796554,18200000,0.02311,0.22766,16,0.61252
2367,0.001,0.001,0,False,0.0017675031855908304,0,0,False,0.0018410521573341844,18208000,0.02429,0.22883,16,1.22509
2368,0.001,0.001,0,False,0.001774657776535781,0,0,False,0.001839049095040337,18216000,0.02082,0.22616,16,1.26183
2369,0.001,0.001,0,False,0.00178250843566879,0,0,False,0.0018531643678658732,18224000,0.02134,0.22679,16,1.30996
2370,0.001,0.001,0,False,0.0018075584196410367,0,0,False,0.002033008275391256,18232000,0.02614,0.22984,16,1.24586
2371,0.001,0.001,0,False,0.0018221138085979182,0,0,False,0.0019531123092098525,18240000,0.02538,0.22777,16,1.30135
2372,0.001,0.001,0,False,0.0018113157701814238,0,0,False,0.0017141334244329756,18248000,0.02317,0.22885,16,1.23565
2373,0.001,0.001,0,False,0.0017956055967255247,0,0,False,0.0016542140356224327,18256000,0.0214,0.22613,16,1.30842
2374,0.001,0.001,0,False,0.0018277838137870299,0,0,False,0.002117387767340576,18264000,0.02878,0.22564,16,1.21268
2375,0.001,0.001,0,False,0.0018305942111966071,0,0,False,0.0018558877878828023,18272000,0.02188,0.22526,16,1.21462
2376,0.001,0.001,0,False,0.0018461177378309493,0,0,False,0.001985829477540029,18280000,0.0273,0.22226,16,1.23487
2377,0.001,0.001,0,False,0.0018414305646151199,0,0,False,0.0017992460056726561,18288000,0.02202,0.22808,16,1.33689
2378,0.001,0.001,0,False,0.0018324842098979455,0,0,False,0.0017519670174433776,18296000,0.02379,0.22846,16,1.23136
2379,0.001,0.001,0,False,0.0018326052159691223,0,0,False,0.001833694270609714,18300000,0.02356,0.22727,16,0.61426
2380,0.001,0.001,0,False,0.0018137961170681686,0,0,False,0.0016445142269595856,18308000,0.02149,0.23108,16,1.2354
2381,0.001,0.001,0,False,0.0018129826499802663,0,0,False,0.0018056614461891467,18316000,0.02399,0.22808,16,1.23007
2382,0.001,0.001,0,False,0.0018104773417173359,0,0,False,0.0017879295673509624,18324000,0.0244,0.22667,16,1.30844
2383,0.001,0.001,0,False,0.0017999251353013534,0,0,False,0.0017049552775575114,18332000,0.02251,0.2285,16,1.35904
2384,0.001,0.001,0,False,0.0018051790204765676,0,0,False,0.0018524639870534931,18340000,0.02507,0.22475,16,1.22562
2385,0.001,0.001,0,False,0.0017869759532978336,0,0,False,0.0016231483486892268,18348000,0.02115,0.2289,16,1.20854
2386,0.001,0.001,0,False,0.0017959803136361069,0,0,False,0.0018770195566805662,18356000,0.02556,0.22702,16,1.20936
2387,0.001,0.001,0,False,0.0017971826871113247,0,0,False,0.001808004048388285,18364000,0.02351,0.22362,16,1.32477
2388,0.001,0.001,0,False,0.0017847602459310872,0,0,False,0.0016729582753089503,18372000,0.02211,0.22459,16,1.326
2389,0.001,0.001,0,False,0.0017902584766713147,0,0,False,0.0018397425533333625,18380000,0.02554,0.22848,16,1.2196
2390,0.001,0.001,0,False,0.0017850497441010164,0,0,False,0.00173817115096833,18388000,0.02226,0.22487,16,1.21538
2391,0.001,0.001,0,False,0.001761954480580428,0,0,False,0.0015540971088951316,18396000,0.01939,0.22898,16,1.22993
2392,0.001,0.001,0,False,0.0017952949461824482,0,0,False,0.0020953591366006303,18400000,0.03063,0.22652,16,0.62579
2393,0.001,0.001,0,False,0.0017936573874537637,0,0,False,0.0017789193588956028,18408000,0.02275,0.22708,16,1.23585
2394,0.001,0.001,0,False,0.00178821013413212,0,0,False,0.001739184854237328,18416000,0.02242,0.22666,16,1.20737
2395,0.001,0.001,0,False,0.00179322577340985,0,0,False,0.001838366526909418,18424000,0.02297,0.22532,16,1.31183
2396,0.001,0.001,0,False,0.001785101323551969,0,0,False,0.001711981274831041,18432000,0.02272,0.2264,16,1.29025
2397,0.001,0.001,0,False,0.0017847910985314692,0,0,False,0.0017819990733469724,18440000,0.02411,0.22806,16,1.27854
2398,0.001,0.001,0,False,0.0017983341007451312,0,0,False,0.0019202211206680872,18448000,0.02283,0.22883,16,1.21237
2399,0.001,0.001,0,False,0.0018043935649636458,0,0,False,0.0018589287429302778,18456000,0.02533,0.22991,16,1.32771
2400,0.001,0.001,0,False,0.0018077995423896574,0,0,False,0.0018384533392237618,18464000,0.02373,0.22612,16,1.29732
2401,0.001,0.001,0,False,0.0017824662891202801,0,0,False,0.0015544670096958857,18472000,0.02059,0.2271,16,1.21445
2402,0.001,0.001,0,False,0.0017753189917280466,0,0,False,0.0017109933151979431,18480000,0.02229,0.23183,16,1.30618
2403,0.001,0.001,0,False,0.0017720128404696911,0,0,False,0.0017422574791444928,18488000,0.02341,0.22852,16,1.22134
2404,0.001,0.001,0,False,0.0017658353179640783,0,0,False,0.001710237615413562,18496000,0.02145,0.22674,16,1.31147
2405,0.001,0.001,0,False,0.0017725367376691117,0,0,False,0.0018328495150144114,18500000,0.02329,0.22548,16,0.66735
2406,0.001,0.001,0,False,0.001761639338638772,0,0,False,0.0016635627473657153,18508000,0.02022,0.22523,16,1.23102
2407,0.001,0.001,0,False,0.0017712469430727622,0,0,False,0.0018577153829786737,18516000,0.02486,0.22673,16,1.29877
2408,0.001,0.001,0,False,0.0017616250240808865,0,0,False,0.0016750277531540055,18524000,0.02218,0.22756,16,1.21606
2409,0.001,0.001,0,False,0.001796382633677143,0,0,False,0.0021092011200434515,18532000,0.02954,0.22553,16,1.23558
2410,0.001,0.001,0,False,0.0017958639207362884,0,0,False,0.0017911955042685956,18540000,0.02236,0.22568,16,1.22017
2411,0.001,0.001,0,False,0.0017600112713584775,0,0,False,0.0014373374269581781,18548000,0.01852,0.22476,16,1.22639
2412,0.001,0.001,0,False,0.0017446698020831173,0,0,False,0.0016065965786048757,18556000,0.02153,0.22587,16,1.308
2413,0.001,0.001,0,False,0.001747060849925199,0,0,False,0.001768580280503935,18564000,0.02266,0.228,16,1.308
2414,0.001,0.001,0,False,0.0017382106410403523,0,0,False,0.0016585587610767343,18572000,0.02208,0.22458,16,1.30771
2415,0.001,0.001,0,False,0.0017484833017698447,0,0,False,0.0018409372483352768,18580000,0.02429,0.22789,16,1.24336
2416,0.001,0.001,0,False,0.001754944224935471,0,0,False,0.0018130925334261072,18588000,0.02445,0.22637,16,1.32634
2417,0.001,0.001,0,False,0.0017725164980750417,0,0,False,0.001930666956331179,18596000,0.02356,0.22911,16,1.33247
2418,0.001,0.001,0,False,0.0017677373186932072,0,0,False,0.0017247247042566952,18600000,0.02445,0.22316,16,0.61771
2419,0.001,0.001,0,False,0.0017486428989187976,0,0,False,0.0015767931209491118,18608000,0.02054,0.22554,16,1.21819
2420,0.001,0.001,0,False,0.0017623857935665252,0,0,False,0.0018860718453960724,18616000,0.02593,0.2252,16,1.21113
2421,0.001,0.001,0,False,0.0017463850988702753,0,0,False,0.0016023788466040271,18624000,0.02115,0.22713,16,1.22962
2422,0.001,0.001,0,False,0.0017585025452957785,0,0,False,0.001867559563125308,18632000,0.02609,0.2259,16,1.31585
2423,0.001,0.001,0,False,0.0017514824009689134,0,0,False,0.0016883011020271265,18640000,0.0216,0.22599,16,1.29441
2424,0.001,0.001,0,False,0.0017313816961988858,0,0,False,0.0015504753532686372,18648000,0.02114,0.22435,16,1.20882
2425,0.001,0.001,0,False,0.0017325102557892954,0,0,False,0.0017426672921029825,18656000,0.02305,0.22487,16,1.21425
2426,0.001,0.001,0,False,0.0017324000825283852,0,0,False,0.0017314085231801934,18664000,0.02262,0.22421,16,1.23468
2427,0.001,0.001,0,False,0.001744822877141125,0,0,False,0.0018566280286557834,18672000,0.02548,0.22634,16,1.23533
2428,0.001,0.001,0,False,0.0017474888645450835,0,0,False,0.001771482751180709,18680000,0.02366,0.22444,16,1.2982
2429,0.001,0.001,0,False,0.001753825504710745,0,0,False,0.0018108552662017003,18688000,0.02391,0.22669,16,1.32077
2430,0.001,0.001,0,False,0.0017441413368516608,0,0,False,0.0016569838261199028,18696000,0.02205,0.22604,16,1.23464
2431,0.001,0.001,0,False,0.0017678488207718464,0,0,False,0.0019812161760535177,18700000,0.02801,0.22383,16,0.61822
2432,0.001,0.001,0,False,0.0017594258256159604,0,0,False,0.0016836188692129865,18708000,0.02205,0.22734,16,1.31492
2433,0.001,0.001,0,False,0.0017480463592874785,0,0,False,0.0016456311623311418,18716000,0.02055,0.228,16,1.23148
2434,0.001,0.001,0,False,0.001749359508521906,0,0,False,0.0017611778516317532,18724000,0.02272,0.22512,16,1.22048
2435,0.001,0.001,0,False,0.0017394279133547026,0,0,False,0.001650043556849872,18732000,0.02299,0.22769,16,1.21895
2436,0.001,0.001,0,False,0.0017150777888705127,0,0,False,0.0014959266685128044,18740000,0.01939,0.22627,16,1.21117
2437,0.001,0.001,0,False,0.0017141461961642753,0,0,False,0.0017057618618081382,18748000,0.02319,0.22679,16,1.2363
2438,0.001,0.001,0,False,0.0017112408760028995,0,0,False,0.0016850929945505186,18756000,0.02236,0.22627,16,1.3435
2439,0.001,0.001,0,False,0.0017076209044311445,0,0,False,0.0016750411602853503,18764000,0.02239,0.22771,16,1.30382
2440,0.001,0.001,0,False,0.0016984303563772711,0,0,False,0.0016157154238924105,18772000,0.02148,0.22642,16,1.21441
2441,0.001,0.001,0,False,0.001694574772576926,0,0,False,0.0016598745183738215,18780000,0.02271,0.22572,16,1.2968
2442,0.001,0.001,0,False,0.0017071129919797123,0,0,False,0.0018199569666047907,18788000,0.02523,0.22695,16,1.32846
2443,0.001,0.001,0,False,0.0017228139395808256,0,0,False,0.0018641224679908446,18796000,0.02505,0.22682,16,1.30781
2444,0.001,0.001,0,False,0.0017574116977764236,0,0,False,0.0020687915215368063,18800000,0.02717,0.22993,16,0.6276
2445,0.001,0.001,0,False,0.001768430640609482,0,0,False,0.0018676011261070083,18808000,0.02311,0.22726,16,1.30287
2446,0.001,0.001,0,False,0.0017645505861326426,0,0,False,0.0017296300958410892,18816000,0.02326,0.22384,16,1.33048
2447,0.001,0.001,0,False,0.001752912568740774,0,0,False,0.0016481704122139574,18824000,0.02178,0.22328,16,1.21144
2448,0.001,0.001,0,False,0.0017468158607129851,0,0,False,0.0016919454884628848,18832000,0.02201,0.22392,16,1.21088
2449,0.001,0.001,0,False,0.0017358041173997285,0,0,False,0.00163669842758042,18840000,0.02071,0.22343,16,1.21776
2450,0.001,0.001,0,False,0.001722535412225597,0,0,False,0.0016031170656584145,18848000,0.02072,0.2253,16,1.21481
2451,0.001,0.001,0,False,0.0017281544716262229,0,0,False,0.0017787260062318549,18856000,0.0244,0.2264,16,1.22435
2452,0.001,0.001,0,False,0.0017359157238231906,0,0,False,0.0018057669935959007,18864000,0.02394,0.22687,16,1.32232
2453,0.001,0.001,0,False,0.001744663399709485,0,0,False,0.0018233924826861355,18872000,0.02193,0.22389,16,1.30795
2454,0.001,0.001,0,False,0.0017510238888982942,0,0,False,0.0018082682915975755,18880000,0.02161,0.22598,16,1.2142
2455,0.001,0.001,0,False,0.001772621071518208,0,0,False,0.0019669957150974327,18888000,0.02749,0.22447,16,1.21903
2456,0.001,0.001,0,False,0.0017823672830223022,0,0,False,0.0018700831865591486,18896000,0.02546,0.22787,16,1.21343
2457,0.001,0.001,0,False,0.0018146751770599806,0,0,False,0.0021054462233990857,18900000,0.02768,0.22506,16,0.66905
2458,0.001,0.001,0,False,0.0017978856783662906,0,0,False,0.0016467801901230822,18908000,0.02269,0.22509,16,1.21243
2459,0.001,0.001,0,False,0.0018184557814576031,0,0,False,0.002003586709279416,18916000,0.02781,0.22708,16,1.21175
2460,0.001,0.001,0,False,0.0017999980617130322,0,0,False,0.0016338785840118938,18924000,0.02021,0.22634,16,1.30881
2461,0.001,0.001,0,False,0.0018018345831006474,0,0,False,0.0018183632755891857,18932000,0.02466,0.22997,16,1.24198
2462,0.001,0.001,0,False,0.0018014421829505034,0,0,False,0.0017979105815992076,18940000,0.02405,0.22678,16,1.30682
2463,0.001,0.001,0,False,0.0018049148754778694,0,0,False,0.0018361691082241643,18948000,0.02279,0.22875,16,1.30201
2464,0.001,0.001,0,False,0.001805731081483628,0,0,False,0.0018130769355354575,18956000,0.01975,0.22673,16,1.22137
2465,0.001,0.001,0,False,0.001796128237456601,0,0,False,0.001709702641213356,18964000,0.02126,0.22309,16,1.23807
2466,0.001,0.001,0,False,0.0017925745441513896,0,0,False,0.001760591304404487,18972000,0.0238,0.22692,16,1.31313
2467,0.001,0.001,0,False,0.0018257289786491409,0,0,False,0.0021241188891289024,18980000,0.02684,0.2275,16,1.22316
2468,0.001,0.001,0,False,0.0018215998437008656,0,0,False,0.0017844376291663887,18988000,0.0238,0.22375,16,1.30325
2469,0.001,0.001,0,False,0.0018024905806847103,0,0,False,0.0016305072135393134,18996000,0.0209,0.22701,16,1.21636
2470,0.001,0.001,0,False,0.0018058099603577278,0,0,False,0.001835684377414885,19000000,0.02347,0.22918,16,0.67126
2471,0.001,0.001,0,False,0.0018398840057383577,0,0,False,0.0021465504141640274,19008000,0.02414,0.22743,16,1.29178
2472,0.001,0.001,0,False,0.001839167042346668,0,0,False,0.0018327143718214595,19016000,0.02403,0.22742,16,1.29208
2473,0.001,0.001,0,False,0.0018372810536080176,0,0,False,0.0018203071549601658,19024000,0.02502,0.22592,16,1.32482
2474,0.001,0.001,0,False,0.0018179808512235602,0,0,False,0.0016442790297634422,19032000,0.02234,0.22842,16,1.21319
2475,0.001,0.001,0,False,0.001810759840009643,0,0,False,0.0017457707390843855,19040000,0.02374,0.22725,16,1.3212
2476,0.001,0.001,0,False,0.0018102437443251118,0,0,False,0.0018055988831643308,19048000,0.02335,0.22639,16,1.32168
2477,0.001,0.001,0,False,0.0017928688522886043,0,0,False,0.0016364948239600378,19056000,0.0214,0.22719,16,1.21175
2478,0.001,0.001,0,False,0.0017744317119264255,0,0,False,0.0016084974486668172,19064000,0.02036,0.22411,16,1.21607
2479,0.001,0.001,0,False,0.0017642897813721936,0,0,False,0.0016730124063841073,19072000,0.02219,0.2265,16,1.22048
2480,0.001,0.001,0,False,0.001766630417103614,0,0,False,0.0017876961386863992,19080000,0.02229,0.22353,16,1.22273
2481,0.001,0.001,0,False,0.0017735484687794437,0,0,False,0.0018358109338619105,19088000,0.02385,0.22671,16,1.22963
2482,0.001,0.001,0,False,0.0017621543872587807,0,0,False,0.0016596076535728144,19096000,0.02135,0.22756,16,1.29876
2483,0.001,0.001,0,False,0.0017586091147651223,0,0,False,0.0017267016623221953,19100000,0.02232,0.22589,16,0.60876
2484,0.001,0.001,0,False,0.0017569492877703382,0,0,False,0.001742010844817282,19108000,0.02362,0.22824,16,1.22953
2485,0.001,0.001,0,False,0.001751459215621466,0,0,False,0.0017020485662816137,19116000,0.02327,0.22588,16,1.3001
2486,0.001,0.001,0,False,0.0017780100544478599,0,0,False,0.002016967603885405,19124000,0.02871,0.22475,16,1.29425
2487,0.001,0.001,0,False,0.001778425929166944,0,0,False,0.001782168801638701,19132000,0.02416,0.22609,16,1.22773
2488,0.001,0.001,0,False,0.0017677706219028308,0,0,False,0.0016718728565258121,19140000,0.0222,0.22626,16,1.31163
2489,0.001,0.001,0,False,0.0017690742432661022,0,0,False,0.0017808068355355455,19148000,0.02528,0.22428,16,1.31274
2490,0.001,0.001,0,False,0.001781696017752428,0,0,False,0.0018952919881293588,19156000,0.02526,0.22542,16,1.23428
2491,0.001,0.001,0,False,0.0017714000237424928,0,0,False,0.0016787360776530785,19164000,0.02092,0.22566,16,1.30543
2492,0.001,0.001,0,False,0.001775811366565575,0,0,False,0.0018155134519733155,19172000,0.02588,0.2253,16,1.23942
2493,0.001,0.001,0,False,0.001780420094158056,0,0,False,0.0018218986424903849,19180000,0.02146,0.22497,16,1.24329
2494,0.001,0.001,0,False,0.0017610314058367727,0,0,False,0.001586533210945225,19188000,0.021,0.22661,16,1.21854
2495,0.001,0.001,0,False,0.001767851959358658,0,0,False,0.0018292369410556264,19196000,0.02532,0.22584,16,1.21408
2496,0.001,0.001,0,False,0.0017946399170570449,0,0,False,0.002035731536342525,19200000,0.02615,0.22571,16,0.6711
2497,0.001,0.001,0,False,0.0017859223761688746,0,0,False,0.0017074645081753424,19208000,0.02169,0.22348,16,1.22788
2498,0.001,0.001,0,False,0.001789465217024708,0,0,False,0.0018213507847272094,19216000,0.02061,0.22297,16,1.31274
2499,0.001,0.001,0,False,0.0017799000222952933,0,0,False,0.0016938132697305612,19224000,0.02179,0.22658,16,1.21846
2500,0.001,0.001,0,False,0.0017639231765479635,0,0,False,0.0016201315648219966,19232000,0.022,0.22678,16,1.30096
2501,0.001,0.001,0,False,0.0017621701424713272,0,0,False,0.0017463928357816028,19240000,0.02176,0.22532,16,1.22258
2502,0.001,0.001,0,False,0.0017634108468730012,0,0,False,0.0017745771864880683,19248000,0.02398,0.22579,16,1.21524
2503,0.001,0.001,0,False,0.0017492483920909328,0,0,False,0.001621786299052318,19256000,0.0193,0.22515,16,1.2058
2504,0.001,0.001,0,False,0.0017556415330745206,0,0,False,0.0018131798019268106,19264000,0.02495,0.22447,16,1.31085
2505,0.001,0.001,0,False,0.0017525869774499172,0,0,False,0.0017250959768284873,19272000,0.02379,0.22662,16,1.21348
2506,0.001,0.001,0,False,0.0017635425442016532,0,0,False,0.0018621426449672775,19280000,0.02586,0.22504,16,1.21014
2507,0.001,0.001,0,False,0.0017642651107049358,0,0,False,0.0017707682092344796,19288000,0.02366,0.22472,16,1.21224
2508,0.001,0.001,0,False,0.0017544091849482897,0,0,False,0.0016657058531384754,19296000,0.02173,0.22715,16,1.31116
2509,0.001,0.001,0,False,0.0017833730175147993,0,0,False,0.0020440475106133856,19300000,0.02967,0.21868,16,0.66536
2510,0.001,0.001,0,False,0.001770160539156082,0,0,False,0.0016512482339276254,19308000,0.02032,0.22591,16,1.22905
2511,0.001,0.001,0,False,0.001778647835067862,0,0,False,0.0018550334982738836,19316000,0.02564,0.22364,16,1.22669
2512,0.001,0.001,0,False,0.0017694761852238045,0,0,False,0.001686931336627287,19324000,0.02244,0.22369,16,1.2862
2513,0.001,0.001,0,False,0.0017609090441631124,0,0,False,0.0016838047746168833,19332000,0.01671,0.22586,16,1.20751
2514,0.001,0.001,0,False,0.001781308296255948,0,0,False,0.001964901565091469,19340000,0.02199,0.22711,16,1.31271
2515,0.001,0.001,0,False,0.0017866463386883656,0,0,False,0.0018346887205801243,19348000,0.02319,0.22704,16,1.23076
2516,0.001,0.001,0,False,0.001778631355760375,0,0,False,0.0017064965094084603,19356000,0.0234,0.22448,16,1.20698
2517,0.001,0.001,0,False,0.0017658718379840723,0,0,False,0.0016510361779973474,19364000,0.02162,0.22289,16,1.29749
2518,0.001,0.001,0,False,0.0017515914549777983,0,0,False,0.001623068007921332,19372000,0.01993,0.22419,16,1.29698
2519,0.001,0.001,0,False,0.0017725539095818736,0,0,False,0.0019612160010185524,19380000,0.02717,0.2255,16,1.32082
2520,0.001,0.001,0,False,0.0017740619427160855,0,0,False,0.0017876342409239925,19388000,0.02214,0.22412,16,1.21481
2521,0.001,0.001,0,False,0.0017825752341432233,0,0,False,0.0018591948569874632,19396000,0.02534,0.22191,16,1.22448
2522,0.001,0.001,0,False,0.0017877466102529107,0,0,False,0.0018342889952400988,19400000,0.02457,0.22494,16,0.61588
2523,0.001,0.001,0,False,0.0017975153065545326,0,0,False,0.001885433573269129,19408000,0.02447,0.22262,16,1.22074
2524,0.001,0.001,0,False,0.0017842869487906504,0,0,False,0.0016652317289157109,19416000,0.02169,0.22581,16,1.31291
2525,0.001,0.001,0,False,0.001801092574405841,0,0,False,0.0019523432049425578,19424000,0.02763,0.22519,16,1.31845
2526,0.001,0.001,0,False,0.0017810973462830655,0,0,False,0.0016011402931780862,19432000,0.02223,0.22433,16,1.29778
2527,0.001,0.001,0,False,0.0017906022931061633,0,0,False,0.0018761468145140454,19440000,0.02347,0.22225,16,1.22176
2528,0.001,0.001,0,False,0.0017868831706201668,0,0,False,0.001753411068246198,19448000,0.02338,0.2257,16,1.20957
2529,0.001,0.001,0,False,0.0017822441426942899,0,0,False,0.0017404928913613965,19456000,0.02307,0.22402,16,1.30374
2530,0.001,0.001,0,False,0.0017898769850108705,0,0,False,0.001858572565860096,19464000,0.02513,0.22578,16,1.2275
2531,0.001,0.001,0,False,0.0017764965037980773,0,0,False,0.0016560721728829393,19472000,0.02082,0.22566,16,1.32301
2532,0.001,0.001,0,False,0.0017797186355206624,0,0,False,0.001808717821023928,19480000,0.02425,0.22562,16,1.22008
2533,0.001,0.001,0,False,0.0017726233440832362,0,0,False,0.0017087657211464018,19488000,0.02278,0.22696,16,1.21357
2534,0.001,0.001,0,False,0.001781425853051909,0,0,False,0.0018606484337699645,19496000,0.0219,0.22414,16,1.31797
2535,0.001,0.001,0,False,0.0017857315381676804,0,0,False,0.0018244827042096237,19500000,0.02512,0.22027,16,0.61672
2536,0.001,0.001,0,False,0.0017629902985809146,0,0,False,0.001558319142300023,19508000,0.01716,0.22565,16,1.21552
2537,0.001,0.001,0,False,0.0017465252538093289,0,0,False,0.0015983398508650584,19516000,0.01994,0.22439,16,1.22949
2538,0.001,0.001,0,False,0.0017547898677939258,0,0,False,0.0018291713936552992,19524000,0.02464,0.22516,16,1.20917
2539,0.001,0.001,0,False,0.0017600480715266329,0,0,False,0.001807371905120997,19532000,0.02449,0.22671,16,1.21859
2540,0.001,0.001,0,False,0.001757172243562255,0,0,False,0.0017312897918828544,19540000,0.0226,0.22615,16,1.21223
2541,0.001,0.001,0,False,0.0017569207297122235,0,0,False,0.0017546571050619398,19548000,0.0229,0.22868,16,1.33025
2542,0.001,0.001,0,False,0.001783059917358105,0,0,False,0.002018312606171038,19556000,0.02768,0.22408,16,1.23092
2543,0.001,0.001,0,False,0.0018159531023170914,0,0,False,0.0021119917669479692,19564000,0.02966,0.22637,16,1.32955
2544,0.001,0.001,0,False,0.0018171028824426087,0,0,False,0.0018274509035722645,19572000,0.02511,0.225,16,1.20939
2545,0.001,0.001,0,False,0.001812122616880112,0,0,False,0.0017673002268176418,19580000,0.02432,0.22286,16,1.31734
2546,0.001,0.001,0,False,0.0017991597747675102,0,0,False,0.0016824941957540931,19588000,0.02263,0.22124,16,1.21095
2547,0.001,0.001,0,False,0.0018051862127516098,0,0,False,0.0018594241546085063,19596000,0.02493,0.22313,16,1.31071
2548,0.001,0.001,0,False,0.0018066092891224944,0,0,False,0.0018194169764604565,19600000,0.02608,0.22628,16,0.63067
2549,0.001,0.001,0,False,0.0018260800846289114,0,0,False,0.002001317244186664,19608000,0.028,0.22597,16,1.29528
2550,0.001,0.001,0,False,0.0018421791655708869,0,0,False,0.001987070894048666,19616000,0.02518,0.22464,16,1.30744
2551,0.001,0.001,0,False,0.0018442083173520398,0,0,False,0.001862470683382416,19624000,0.02451,0.22575,16,1.22768
2552,0.001,0.001,0,False,0.0018340730729102003,0,0,False,0.0017428558729336461,19632000,0.02355,0.22502,16,1.33545
2553,0.001,0.001,0,False,0.001840893881391564,0,0,False,0.0019022811577238368,19640000,0.02611,0.2253,16,1.2169
2554,0.001,0.001,0,False,0.0018362942013511604,0,0,False,0.0017948970809875283,19648000,0.02361,0.22371,16,1.20965
2555,0.001,0.001,0,False,0.0018279743913082141,0,0,False,0.0017530961009216985,19656000,0.02378,0.22708,16,1.21063
2556,0.001,0.001,0,False,0.0018245884889786027,0,0,False,0.0017941153680120986,19664000,0.02165,0.22236,16,1.23102
2557,0.001,0.001,0,False,0.0018110937891340528,0,0,False,0.0016896414905331035,19672000,0.02222,0.22408,16,1.30754
2558,0.001,0.001,0,False,0.0017987121067835083,0,0,False,0.0016872769656286082,19680000,0.02258,0.2265,16,1.31774
2559,0.001,0.001,0,False,0.0017929822965483905,0,0,False,0.0017414140044323297,19688000,0.0207,0.22487,16,1.21998
2560,0.001,0.001,0,False,0.0018066319988992898,0,0,False,0.001929479320057385,19696000,0.02677,0.22761,16,1.23361
2561,0.001,0.001,0,False,0.0018180110618872276,0,0,False,0.0019204226287786684,19700000,0.02439,0.22701,16,0.67103
2562,0.001,0.001,0,False,0.0018094548510828796,0,0,False,0.0017324489538437459,19708000,0.01978,0.22547,16,1.28627
2563,0.001,0.001,0,False,0.0017952789279080652,0,0,False,0.0016676956193347379,19716000,0.02121,0.22576,16,1.29948
2564,0.001,0.001,0,False,0.001792986656510201,0,0,False,0.0017723562139294216,19724000,0.02258,0.22665,16,1.22958
2565,0.001,0.001,0,False,0.0017852497193453051,0,0,False,0.0017156172848612431,19732000,0.02225,0.22505,16,1.30333
2566,0.001,0.001,0,False,0.0017733639982184892,0,0,False,0.001666392508077147,19740000,0.02274,0.22696,16,1.30713
2567,0.001,0.001,0,False,0.001764581030972924,0,0,False,0.0016855343257628384,19748000,0.02197,0.2216,16,1.30074
2568,0.001,0.001,0,False,0.0017537436222439973,0,0,False,0.001656206943683659,19756000,0.02195,0.22641,16,1.33274
2569,0.001,0.001,0,False,0.0017536938950747137,0,0,False,0.00175324635055116,19764000,0.02235,0.22326,16,1.23327
2570,0.001,0.001,0,False,0.0017670714717067494,0,0,False,0.0018874696613950703,19772000,0.0231,0.22367,16,1.24001
2571,0.001,0.001,0,False,0.0017514734815187278,0,0,False,0.0016110915698265328,19780000,0.02141,0.22316,16,1.23489
2572,0.001,0.001,0,False,0.0017643700274294345,0,0,False,0.0018804389406257953,19788000,0.02256,0.22484,16,1.22742
2573,0.001,0.001,0,False,0.0017660872357879356,0,0,False,0.001781542111014446,19796000,0.02343,0.22508,16,1.3327
2574,0.001,0.001,0,False,0.0018118674434580667,0,0,False,0.002223889312489246,19800000,0.02937,0.22748,16,0.61309
2575,0.001,0.001,0,False,0.0018154328269736064,0,0,False,0.001847521278613463,19808000,0.02292,0.22316,16,1.3109
2576,0.001,0.001,0,False,0.001809228793375527,0,0,False,0.001753392490992812,19816000,0.02372,0.22945,16,1.21804
2577,0.001,0.001,0,False,0.001811677217641631,0,0,False,0.0018337130360365694,19824000,0.02202,0.22664,16,1.21014
2578,0.001,0.001,0,False,0.0018162458088231191,0,0,False,0.0018573631294565116,19832000,0.0252,0.22669,16,1.31407
2579,0.001,0.001,0,False,0.0018170614244204864,0,0,False,0.0018244019647967917,19840000,0.02595,0.22645,16,1.21297
2580,0.001,0.001,0,False,0.0018076624721689233,0,0,False,0.0017230719019048553,19848000,0.02378,0.22446,16,1.2086
2581,0.001,0.001,0,False,0.0018124907315231799,0,0,False,0.0018559450657114882,19856000,0.0246,0.22742,16,1.3128
2582,0.001,0.001,0,False,0.0017899864375433307,0,0,False,0.0015874477917246896,19864000,0.0197,0.22429,16,1.21253
2583,0.001,0.001,0,False,0.0017821773888745578,0,0,False,0.0017118959508556034,19872000,0.02331,0.22686,16,1.30977
2584,0.001,0.001,0,False,0.0018121800546418948,0,0,False,0.0020822040465479277,19880000,0.02756,0.22803,16,1.23371
2585,0.001,0.001,0,False,0.0018134806253148387,0,0,False,0.0018251857613713317,19888000,0.02502,0.22539,16,1.3028
2586,0.001,0.001,0,False,0.001812279659181898,0,0,False,0.0018014709639854335,19896000,0.0205,0.22691,16,1.21218
2587,0.001,0.001,0,False,0.0018117118409049068,0,0,False,0.001806601476411985,19900000,0.02423,0.22477,16,0.61654
2588,0.001,0.001,0,False,0.0018029821801520151,0,0,False,0.00172441523337599,19908000,0.02346,0.22691,16,1.22175
2589,0.001,0.001,0,False,0.0018246453206931564,0,0,False,0.0020196135855634293,19916000,0.02799,0.22358,16,1.22074
2590,0.001,0.001,0,False,0.0018318583400719624,0,0,False,0.0018967755144812172,19924000,0.02595,0.22568,16,1.21268
2591,0.001,0.001,0,False,0.0018380474647859755,0,0,False,0.0018937495872120935,19932000,0.02436,0.22626,16,1.23438
2592,0.001,0.001,0,False,0.001825936871343588,0,0,False,0.0017169415303621013,19940000,0.02127,0.22157,16,1.31789
2593,0.001,0.001,0,False,0.0018076444460864614,0,0,False,0.0016430126187723223,19948000,0.02192,0.227,16,1.31909
2594,0.001,0.001,0,False,0.001817155140315278,0,0,False,0.001902751388374628,19956000,0.02202,0.22613,16,1.21007
2595,0.001,0.001,0,False,0.0018064953627849154,0,0,False,0.0017105573650116497,19964000,0.02279,0.22333,16,1.23069
2596,0.001,0.001,0,False,0.0018103958879647475,0,0,False,0.0018455006145832364,19972000,0.02578,0.22178,16,1.22136
2597,0.001,0.001,0,False,0.0018134984887807548,0,0,False,0.0018414218961248193,19980000,0.02339,0.22316,16,1.23151
2598,0.001,0.001,0,False,0.0017988219599316456,0,0,False,0.001666733200289663,19988000,0.02088,0.22576,16,1.3171
2599,0.001,0.001,0,False,0.001786675500326359,0,0,False,0.0016773573638787806,19996000,0.022,0.22515,16,1.21411
2600,0.001,0.001,0,False,0.0018311656351342163,0,0,False,0.0022315768484049317,20000000,0.02738,0.22423,16,0.68723
2601,0.001,0.001,0,False,0.0018275501249607395,0,0,False,0.0017950105333994486,20008000,0.02474,0.22455,16,1.34368
2602,0.001,0.001,0,False,0.001813314302778789,0,0,False,0.001685191903141235,20016000,0.02293,0.22228,16,1.2865
2603,0.001,0.001,0,False,0.0018168276552521917,0,0,False,0.0018484478275128172,20024000,0.02346,0.22444,16,1.23882
2604,0.001,0.001,0,False,0.0018191528285199279,0,0,False,0.0018400793879295545,20032000,0.02119,0.22538,16,1.21199
2605,0.001,0.001,0,False,0.0018140522819363267,0,0,False,0.0017681473626839177,20040000,0.02441,0.22495,16,1.23614
2606,0.001,0.001,0,False,0.0018168350069407318,0,0,False,0.001841879531980376,20048000,0.0219,0.22781,16,1.22403
2607,0.001,0.001,0,False,0.0018372203721601103,0,0,False,0.002020688659134517,20056000,0.02501,0.22447,16,1.21531
2608,0.001,0.001,0,False,0.0018317595636055146,0,0,False,0.0017826122866141532,20064000,0.02367,0.22674,16,1.29622
2609,0.001,0.001,0,False,0.0018197730117704184,0,0,False,0.0017118940452545519,20072000,0.02384,0.21999,16,1.23419
2610,0.001,0.001,0,False,0.0018049303528373407,0,0,False,0.0016713464224396423,20080000,0.02187,0.22414,16,1.23561
2611,0.001,0.001,0,False,0.0018133905606237813,0,0,False,0.0018895324307017468,20088000,0.02608,0.22586,16,1.21289
2612,0.001,0.001,0,False,0.0018216624765886864,0,0,False,0.0018961097202728318,20096000,0.02586,0.2239,16,1.31021
2613,0.001,0.001,0,False,0.001845891429677515,0,0,False,0.0020639520074769713,20100000,0.02818,0.22526,16,0.67518
2614,0.001,0.001,0,False,0.0018399831129590413,0,0,False,0.0017868082624927799,20108000,0.02397,0.2253,16,1.29558
2615,0.001,0.001,0,False,0.001826543709971817,0,0,False,0.0017055890830867968,20116000,0.02113,0.22402,16,1.29218
2616,0.001,0.001,0,False,0.0018068074255484484,0,0,False,0.0016291808657381331,20124000,0.02124,0.22715,16,1.24012
2617,0.001,0.001,0,False,0.001797604898620234,0,0,False,0.0017147821562663048,20132000,0.02365,0.22647,16,1.2974
2618,0.001,0.001,0,False,0.0017957516322871755,0,0,False,0.0017790722352896485,20140000,0.02374,0.2262,16,1.23747
2619,0.001,0.001,0,False,0.0017873392809342084,0,0,False,0.0017116281187575066,20148000,0.02209,0.22368,16,1.30001
2620,0.001,0.001,0,False,0.0017766147794290184,0,0,False,0.0016800942658823084,20156000,0.02107,0.22668,16,1.22064
2621,0.001,0.001,0,False,0.0017730814690322433,0,0,False,0.0017412816754612665,20164000,0.02324,0.22903,16,1.22062
2622,0.001,0.001,0,False,0.0017848684116201076,0,0,False,0.0018909508949108854,20172000,0.02583,0.22392,16,1.23831
2623,0.001,0.001,0,False,0.0017733238148293653,0,0,False,0.0016694224437126858,20180000,0.02256,0.22264,16,1.21964
2624,0.001,0.001,0,False,0.0017811848852041358,0,0,False,0.0018519345185770712,20188000,0.02544,0.22294,16,1.22848
2625,0.001,0.001,0,False,0.0017628626144579331,0,0,False,0.0015979621777421082,20196000,0.02067,0.22568,16,1.30899
2626,0.001,0.001,0,False,0.0017845121464004083,0,0,False,0.001979357933882685,20200000,0.02793,0.22331,16,0.61326
2627,0.001,0.001,0,False,0.0017717718844969834,0,0,False,0.001657109527366158,20208000,0.02187,0.22738,16,1.23545
2628,0.001,0.001,0,False,0.0017742533076651067,0,0,False,0.0017965861161782168,20216000,0.02113,0.22471,16,1.23577
2629,0.001,0.001,0,False,0.001765097484738073,0,0,False,0.001682695078394771,20224000,0.02242,0.22439,16,1.29425
2630,0.001,0.001,0,False,0.0017361689356972083,0,0,False,0.0014758119943294266,20232000,0.01849,0.22496,16,1.23547
2631,0.001,0.001,0,False,0.001728208881336451,0,0,False,0.0016565683920896363,20240000,0.02148,0.22437,16,1.30116
2632,0.001,0.001,0,False,0.0017386150609006476,0,0,False,0.001832270676978417,20248000,0.02548,0.22471,16,1.22271
2633,0.001,0.001,0,False,0.0017305369626973185,0,0,False,0.0016578340788673577,20256000,0.01935,0.22481,16,1.3174
2634,0.001,0.001,0,False,0.0017381099120304258,0,0,False,0.0018062664560283919,20264000,0.02383,0.22645,16,1.20755
2635,0.001,0.001,0,False,0.001748669142639472,0,0,False,0.0018437022181208873,20272000,0.02291,0.223,16,1.21158
2636,0.001,0.001,0,False,0.0017475090877126231,0,0,False,0.001737068593370984,20280000,0.0224,0.2232,16,1.2288
2637,0.001,0.001,0,False,0.001757124561809314,0,0,False,0.0018436638286795325,20288000,0.02133,0.22297,16,1.31263
2638,0.001,0.001,0,False,0.0017545995870460443,0,0,False,0.0017318748141766163,20296000,0.02282,0.22602,16,1.33076
2639,0.001,0.001,0,False,0.0017427934443503793,0,0,False,0.0016365381600893945,20300000,0.02326,0.21964,16,0.6179
2640,0.001,0.001,0,False,0.001742575357849688,0,0,False,0.0017406125793434644,20308000,0.02286,0.22388,16,1.23846
2641,0.001,0.001,0,False,0.001737246852663764,0,0,False,0.0016892903059904502,20316000,0.02098,0.22374,16,1.31349
2642,0.001,0.001,0,False,0.0017507449420411296,0,0,False,0.001872227746437419,20324000,0.02627,0.22472,16,1.30341
2643,0.001,0.001,0,False,0.0017541028759425542,0,0,False,0.0017843242810553746,20332000,0.0242,0.22494,16,1.21115
2644,0.001,0.001,0,False,0.001759842162624498,0,0,False,0.0018114957427619938,20340000,0.02453,0.22666,16,1.21448
2645,0.001,0.001,0,False,0.0017687266388668487,0,0,False,0.001848686925048004,20348000,0.02181,0.22758,16,1.23449
2646,0.001,0.001,0,False,0.0017659371800408069,0,0,False,0.0017408320506064293,20356000,0.02266,0.22495,16,1.32456
2647,0.001,0.001,0,False,0.0017663939813921416,0,0,False,0.0017705051935541557,20364000,0.02211,0.2263,16,1.33209
2648,0.001,0.001,0,False,0.001757435962009487,0,0,False,0.0016768137875655962,20372000,0.02264,0.22516,16,1.2173
2649,0.001,0.001,0,False,0.0017528697051832354,0,0,False,0.0017117733937469719,20380000,0.02075,0.22631,16,1.23263
2650,0.001,0.001,0,False,0.0017436124360948773,0,0,False,0.0016602970142996535,20388000,0.02222,0.22164,16,1.23121
2651,0.001,0.001,0,False,0.0017382263222045673,0,0,False,0.0016897512971917777,20396000,0.02156,0.22582,16,1.23791
2652,0.001,0.001,0,False,0.0017822405554353258,0,0,False,0.002178368654512151,20400000,0.03256,0.22928,16,0.6376
2653,0.001,0.001,0,False,0.0018111987217867193,0,0,False,0.002071822218949261,20408000,0.02392,0.22615,16,1.2961
2654,0.001,0.001,0,False,0.001808181326973355,0,0,False,0.0017810247736530745,20416000,0.0243,0.22407,16,1.29218
2655,0.001,0.001,0,False,0.0017949308158855789,0,0,False,0.0016756762160955935,20424000,0.0195,0.22594,16,1.22583
2656,0.001,0.001,0,False,0.0017845995194618722,0,0,False,0.001691617851648512,20432000,0.02104,0.22608,16,1.29885
2657,0.001,0.001,0,False,0.0017955893749265225,0,0,False,0.0018944980741083764,20440000,0.02489,0.22855,16,1.21144
2658,0.001,0.001,0,False,0.0017981180325223488,0,0,False,0.0018208759508847852,20448000,0.02322,0.22603,16,1.21666
2659,0.001,0.001,0,False,0.0018032861795147844,0,0,False,0.0018497995024467054,20456000,0.02306,0.22539,16,1.20752
2660,0.001,0.001,0,False,0.0018173754322187254,0,0,False,0.0019441787065541947,20464000,0.02434,0.22972,16,1.35395
2661,0.001,0.001,0,False,0.00181366887027352,0,0,False,0.0017803098127666722,20472000,0.02333,0.22631,16,1.30965
2662,0.001,0.001,0,False,0.001798403812296129,0,0,False,0.0016610182904996124,20480000,0.02184,0.22598,16,1.21434
2663,0.001,0.001,0,False,0.0017908934126677678,0,0,False,0.0017232998160125162,20488000,0.02357,0.22925,16,1.311
2664,0.001,0.001,0,False,0.0017957813947447744,0,0,False,0.0018397732334378342,20496000,0.0262,0.2287,16,1.31012
2665,0.001,0.001,0,False,0.0018161416273449905,0,0,False,0.0019993837207469356,20500000,0.02681,0.22659,16,0.6645
2666,0.001,0.001,0,False,0.001793704368264311,0,0,False,0.0015917690365381961,20508000,0.02149,0.22933,16,1.29637
2667,0.001,0.001,0,False,0.001784096841950291,0,0,False,0.0016976291051241097,20516000,0.02204,0.22763,16,1.21241
2668,0.001,0.001,0,False,0.0017834820283610766,0,0,False,0.0017779487060581476,20524000,0.02415,0.22282,16,1.21135
2669,0.001,0.001,0,False,0.0017896797429113398,0,0,False,0.0018454591738637093,20532000,0.02469,0.22391,16,1.22297
2670,0.001,0.001,0,False,0.0017923795523262993,0,0,False,0.001816677837060934,20540000,0.0252,0.22773,16,1.22141
2671,0.001,0.001,0,False,0.001813007912265122,0,0,False,0.001998663151714526,20548000,0.02797,0.22286,16,1.21981
2672,0.001,0.001,0,False,0.001807834086464439,0,0,False,0.0017612696542582944,20556000,0.02235,0.22626,16,1.22963
2673,0.001,0.001,0,False,0.0017801121311949867,0,0,False,0.0015306145337699157,20564000,0.01959,0.2253,16,1.30572
2674,0.001,0.001,0,False,0.0017446663084386424,0,0,False,0.0014256539036315442,20572000,0.01842,0.22538,16,1.30642
2675,0.001,0.001,0,False,0.0017467269135824019,0,0,False,0.0017652723598762378,20580000,0.02355,0.2267,16,1.31268
2676,0.001,0.001,0,False,0.001758806725172942,0,0,False,0.0018675250294878033,20588000,0.02342,0.22314,16,1.31899
2677,0.001,0.001,0,False,0.001742411926189389,0,0,False,0.001594858735337412,20596000,0.02057,0.22414,16,1.29917
2678,0.001,0.001,0,False,0.0017485411245385086,0,0,False,0.001803703909680585,20600000,0.02301,0.22492,16,0.619
2679,0.001,0.001,0,False,0.0017471815316596048,0,0,False,0.0017349451957494714,20608000,0.02275,0.22589,16,1.21738
2680,0.001,0.001,0,False,0.0017415954108998856,0,0,False,0.0016913203240624137,20616000,0.02269,0.22491,16,1.28748
2681,0.001,0.001,0,False,0.0017227805217796082,0,0,False,0.0015534465196971102,20624000,0.01918,0.22488,16,1.31926
2682,0.001,0.001,0,False,0.0017464402866805995,0,0,False,0.001959378170789522,20632000,0.0261,0.22848,16,1.23926
2683,0.001,0.001,0,False,0.0017506482862966492,0,0,False,0.0017885202828410972,20640000,0.02386,0.22614,16,1.29866
2684,0.001,0.001,0,False,0.001772934989792656,0,0,False,0.001973515321256717,20648000,0.02494,0.22752,16,1.22814
2685,0.001,0.001,0,False,0.0017832222999906908,0,0,False,0.0018758080917730038,20656000,0.02194,0.22348,16,1.22538
2686,0.001,0.001,0,False,0.0017650346121085997,0,0,False,0.00160134542116978,20664000,0.01904,0.22726,16,1.21679
2687,0.001,0.001,0,False,0.001764128085272268,0,0,False,0.0017559693437452838,20672000,0.02414,0.22293,16,1.2159
2688,0.001,0.001,0,False,0.0017574255548724847,0,0,False,0.0016971027812744354,20680000,0.02226,0.22675,16,1.21638
2689,0.001,0.001,0,False,0.0017717607634594647,0,0,False,0.001900777640742284,20688000,0.02645,0.2289,16,1.3142
2690,0.001,0.001,0,False,0.0017906940234567494,0,0,False,0.0019610933634323117,20696000,0.02701,0.22758,16,1.30778
2691,0.001,0.001,0,False,0.0017990537315401736,0,0,False,0.0018742911042909911,20700000,0.02497,0.22596,16,0.66338
2692,0.001,0.001,0,False,0.0017899537150625104,0,0,False,0.0017080535667635434,20708000,0.0225,0.22463,16,1.22948
2693,0.001,0.001,0,False,0.0017858181702514497,0,0,False,0.0017485982669519032,20716000,0.0236,0.22535,16,1.31466
2694,0.001,0.001,0,False,0.0017924651547978157,0,0,False,0.00185228801571511,20724000,0.02501,0.22479,16,1.31572
2695,0.001,0.001,0,False,0.0017792592787011288,0,0,False,0.0016604063938309487,20732000,0.02234,0.22441,16,1.31666
2696,0.001,0.001,0,False,0.0017984238692876613,0,0,False,0.0019709051845664526,20740000,0.02737,0.22872,16,1.21453
2697,0.001,0.001,0,False,0.001781693713642694,0,0,False,0.0016311223128379886,20748000,0.02267,0.22415,16,1.23189
2698,0.001,0.001,0,False,0.0018018265200466582,0,0,False,0.0019830217776823354,20756000,0.02713,0.2247,16,1.21815
2699,0.001,0.001,0,False,0.0018006945364567306,0,0,False,0.001790506684147384,20764000,0.02461,0.2253,16,1.21737
2700,0.001,0.001,0,False,0.0017987188296719055,0,0,False,0.001780937468608479,20772000,0.02423,0.22567,16,1.21253
2701,0.001,0.001,0,False,0.001774332232599657,0,0,False,0.001554852858949419,20780000,0.02018,0.22409,16,1.23155
2702,0.001,0.001,0,False,0.001777810887002303,0,0,False,0.0018091187766261182,20788000,0.02463,0.22206,16,1.21432
2703,0.001,0.001,0,False,0.0017841261174685852,0,0,False,0.001840963191665125,20796000,0.02292,0.22584,16,1.21352
2704,0.001,0.001,0,False,0.0017938868871229478,0,0,False,0.00188173381401221,20800000,0.02466,0.22494,16,0.61757
2705,0.001,0.001,0,False,0.001785112991300404,0,0,False,0.0017061479288975096,20808000,0.02297,0.22506,16,1.21467
2706,0.001,0.001,0,False,0.0017698164793216158,0,0,False,0.0016321478715125223,20816000,0.02129,0.22411,16,1.23371
2707,0.001,0.001,0,False,0.0017563535021114173,0,0,False,0.0016351867072196304,20824000,0.02166,0.22324,16,1.21157
2708,0.001,0.001,0,False,0.0017606719881787074,0,0,False,0.0017995383627843185,20832000,0.0251,0.22595,16,1.30536
2709,0.001,0.001,0,False,0.0017621978487856467,0,0,False,0.0017759305942480993,20840000,0.02408,0.22583,16,1.21567
2710,0.001,0.001,0,False,0.0017534492539102223,0,0,False,0.0016747119000314042,20848000,0.02174,0.22653,16,1.32283
2711,0.001,0.001,0,False,0.0017465869037193381,0,0,False,0.0016848257520013811,20856000,0.02305,0.22547,16,1.3318
2712,0.001,0.001,0,False,0.001773893695002044,0,0,False,0.0020196548165463983,20864000,0.02522,0.22684,16,1.23463
2713,0.001,0.001,0,False,0.001799101037400776,0,0,False,0.002025967118989363,20872000,0.02727,0.22342,16,1.32444
2714,0.001,0.001,0,False,0.0017869305902093902,0,0,False,0.0016773965654869186,20880000,0.02184,0.22504,16,1.21169
2715,0.001,0.001,0,False,0.001798737104223531,0,0,False,0.0019049957303507964,20888000,0.02533,0.226,16,1.23619
2716,0.001,0.001,0,False,0.0018081086592037316,0,0,False,0.001892452654025537,20896000,0.02115,0.22635,16,1.34322
2717,0.001,0.001,0,False,0.001839697957529,0,0,False,0.002124001642456416,20900000,0.0254,0.22685,16,0.61659
2718,0.001,0.001,0,False,0.0018346154876091685,0,0,False,0.001788873258330684,20908000,0.02384,0.2256,16,1.3171
2719,0.001,0.001,0,False,0.0018225520566903996,0,0,False,0.0017139811784214819,20916000,0.02099,0.22309,16,1.31716
2720,0.001,0.001,0,False,0.0018347958393880076,0,0,False,0.0019449898836664781,20924000,0.02644,0.22288,16,1.23361
2721,0.001,0.001,0,False,0.0018317290442301448,0,0,False,0.0018041278878093798,20932000,0.02275,0.22731,16,1.22813
2722,0.001,0.001,0,False,0.0018349732158009378,0,0,False,0.001864170759938075,20940000,0.0256,0.22352,16,1.22221
2723,0.001,0.001,0,False,0.001820514113516168,0,0,False,0.001690382192953239,20948000,0.02097,0.22089,16,1.32633
2724,0.001,0.001,0,False,0.0018265611263990132,0,0,False,0.0018809842423446199,20956000,0.02516,0.22284,16,1.21497
2725,0.001,0.001,0,False,0.0018465823066296438,0,0,False,0.00202677292870532,20964000,0.02615,0.22492,16,1.236
2726,0.001,0.001,0,False,0.0018168017168302942,0,0,False,0.0015487764086361472,20972000,0.01978,0.22336,16,1.31881
2727,0.001,0.001,0,False,0.0017991628622768692,0,0,False,0.001640413171296046,20980000,0.02118,0.22381,16,1.32429
2728,0.001,0.001,0,False,0.0017929825675841937,0,0,False,0.0017373599153501134,20988000,0.02094,0.22414,16,1.23378
2729,0.001,0.001,0,False,0.0017969038695855423,0,0,False,0.0018321955875976793,20996000,0.02478,0.22224,16,1.39047
2730,0.001,0.001,0,False,0.0018223412125906548,0,0,False,0.0020512772996366655,21000000,0.02892,0.22526,16,0.68598
2731,0.001,0.001,0,False,0.0018111431477819842,0,0,False,0.0017103605645039479,21008000,0.02343,0.22383,16,1.21694
2732,0.001,0.001,0,False,0.0018250794967393387,0,0,False,0.0019505066373555282,21016000,0.02269,0.22491,16,1.2398
2733,0.001,0.001,0,False,0.0018204934463528066,0,0,False,0.0017792189928740162,21024000,0.02354,0.22523,16,1.23604
2734,0.001,0.001,0,False,0.0018190041204923161,0,0,False,0.0018056001877479028,21032000,0.02511,0.22323,16,1.30518
2735,0.001,0.001,0,False,0.001791714245244392,0,0,False,0.0015461053680130763,21040000,0.0203,0.22508,16,1.23555
2736,0.001,0.001,0,False,0.0017681475103597934,0,0,False,0.0015560468963984042,21048000,0.02019,0.22266,16,1.21531
2737,0.001,0.001,0,False,0.0017498020244093321,0,0,False,0.0015846926508551816,21056000,0.02099,0.22541,16,1.314
2738,0.001,0.001,0,False,0.001751469071472771,0,0,False,0.0017664724950437192,21064000,0.0224,0.22311,16,1.21577
2739,0.001,0.001,0,False,0.001742873812577937,0,0,False,0.0016655164825244344,21072000,0.02153,0.22554,16,1.34338
2740,0.001,0.001,0,False,0.0017469746430287764,0,0,False,0.001783882117086332,21080000,0.02341,0.22387,16,1.33508
2741,0.001,0.001,0,False,0.0017430864373256406,0,0,False,0.0017080925859974186,21088000,0.01897,0.22419,16,1.30558
2742,0.001,0.001,0,False,0.0017414775155743507,0,0,False,0.0017269972198127414,21096000,0.02258,0.22476,16,1.22267
2743,0.001,0.001,0,False,0.0017435751709320678,0,0,False,0.0017624540691515234,21100000,0.02283,0.22564,16,0.61493
2744,0.001,0.001,0,False,0.0017589197659564062,0,0,False,0.0018970211211754536,21108000,0.02616,0.22318,16,1.22908
2745,0.001,0.001,0,False,0.0017528222403622624,0,0,False,0.0016979445100149678,21116000,0.02165,0.22338,16,1.29704
2746,0.001,0.001,0,False,0.0017471584738687988,0,0,False,0.0016961845754276245,21124000,0.02072,0.22531,16,1.32441
2747,0.001,0.001,0,False,0.0017461733113743783,0,0,False,0.0017373068489245935,21132000,0.02052,0.22343,16,1.30793
2748,0.001,0.001,0,False,0.0017372437165397553,0,0,False,0.0016568773630281476,21140000,0.02235,0.22182,16,1.21219
2749,0.001,0.001,0,False,0.0017287825997944544,0,0,False,0.0016526325490867457,21148000,0.02122,0.2235,16,1.36496
2750,0.001,0.001,0,False,0.0017341608433819953,0,0,False,0.0017825650356698619,21156000,0.02189,0.22202,16,1.3281
2751,0.001,0.001,0,False,0.0017365766201722782,0,0,False,0.001758318611284823,21164000,0.02136,0.22495,16,1.21392
2752,0.001,0.001,0,False,0.001731534720521019,0,0,False,0.0016861576236596864,21172000,0.02126,0.22162,16,1.21902
2753,0.001,0.001,0,False,0.0017521021936017134,0,0,False,0.0019372094513279631,21180000,0.02546,0.22324,16,1.23698
2754,0.001,0.001,0,False,0.0017371391002516262,0,0,False,0.0016024712601008413,21188000,0.0206,0.22374,16,1.21244
2755,0.001,0.001,0,False,0.0017392815261221763,0,0,False,0.0017585633589571276,21196000,0.02405,0.22474,16,1.32045
2756,0.001,0.001,0,False,0.0017514346123733895,0,0,False,0.0018608123886343093,21200000,0.02695,0.2192,16,0.66591
2757,0.001,0.001,0,False,0.0017654852828941545,0,0,False,0.00189194131758104,21208000,0.02519,0.22118,16,1.21489
2758,0.001,0.001,0,False,0.0017524793150484697,0,0,False,0.001635425604437306,21216000,0.02083,0.22192,16,1.30377
2759,0.001,0.001,0,False,0.001766174998224336,0,0,False,0.0018894361468071335,21224000,0.02628,0.22233,16,1.30266
2760,0.001,0.001,0,False,0.001784224287840631,0,0,False,0.0019466678943872858,21232000,0.02416,0.22399,16,1.31545
2761,0.001,0.001,0,False,0.0017840911927770784,0,0,False,0.001782893337205106,21240000,0.02537,0.22152,16,1.22979
2762,0.001,0.001,0,False,0.0017833694216875407,0,0,False,0.0017768734818817008,21248000,0.02464,0.22152,16,1.33287
2763,0.001,0.001,0,False,0.0017707366929141039,0,0,False,0.0016570421339531733,21256000,0.02282,0.22096,16,1.30221
2764,0.001,0.001,0,False,0.0017753030290089849,0,0,False,0.0018164000538629143,21264000,0.02473,0.22005,16,1.23784
2765,0.001,0.001,0,False,0.0017740786260680035,0,0,False,0.0017630589995991728,21272000,0.02403,0.22067,16,1.32533
2766,0.001,0.001,0,False,0.0017692510895462082,0,0,False,0.0017258032608500507,21280000,0.02344,0.22156,16,1.22926
2767,0.001,0.001,0,False,0.0017537746206710218,0,0,False,0.0016144864007943448,21288000,0.02181,0.22056,16,1.3182
2768,0.001,0.001,0,False,0.0017578962140160116,0,0,False,0.0017949905541209219,21296000,0.02406,0.22032,16,1.23414
2769,0.001,0.001,0,False,0.001811365276893579,0,0,False,0.0022925868427916846,21300000,0.03283,0.22312,16,0.62906
2770,0.001,0.001,0,False,0.00180812167448081,0,0,False,0.0017789292527658881,21308000,0.02427,0.22139,16,1.21535
2771,0.001,0.001,0,False,0.0018124431777290948,0,0,False,0.0018513367069636591,21316000,0.0204,0.22228,16,1.29522
2772,0.001,0.001,0,False,0.0018141670095904476,0,0,False,0.0018296814963426227,21324000,0.02435,0.22125,16,1.21549
2773,0.001,0.001,0,False,0.0018109339226140822,0,0,False,0.0017818361398267942,21332000,0.02378,0.22424,16,1.23016
2774,0.001,0.001,0,False,0.0018132862177111667,0,0,False,0.0018344568735849285,21340000,0.02447,0.22348,16,1.32037
2775,0.001,0.001,0,False,0.001806159704097213,0,0,False,0.0017420210815716293,21348000,0.02332,0.22264,16,1.29955
2776,0.001,0.001,0,False,0.0018202656125216655,0,0,False,0.001947218788341737,21356000,0.02691,0.22251,16,1.32256
2777,0.001,0.001,0,False,0.0017893703438678923,0,0,False,0.0015113129259839344,21364000,0.01786,0.22314,16,1.32228
2778,0.001,0.001,0,False,0.0017838202413385262,0,0,False,0.0017338693185742298,21372000,0.0229,0.22331,16,1.30098
2779,0.001,0.001,0,False,0.001760406154380133,0,0,False,0.001549679371754594,21380000,0.01928,0.22239,16,1.2277
2780,0.001,0.001,0,False,0.001763878897570221,0,0,False,0.0017951335862810124,21388000,0.02395,0.22176,16,1.22851
2781,0.001,0.001,0,False,0.0017851432478098869,0,0,False,0.0019765223999668783,21396000,0.02244,0.22426,16,1.23409
2782,0.001,0.001,0,False,0.0017856222309443177,0,0,False,0.0017899330791541943,21400000,0.02587,0.21901,16,0.626
2783,0.001,0.001,0,False,0.0017935922227890998,0,0,False,0.0018653221493921382,21408000,0.02306,0.22075,16,1.21259
2784,0.001,0.001,0,False,0.0017863014145609068,0,0,False,0.001720684140507169,21416000,0.02203,0.22163,16,1.21788
2785,0.001,0.001,0,False,0.001757647424604748,0,0,False,0.0014997615149993208,21424000,0.01938,0.22221,16,1.29698
2786,0.001,0.001,0,False,0.0017829398889211711,0,0,False,0.0020105720677689783,21432000,0.02785,0.22025,16,1.22412
2787,0.001,0.001,0,False,0.0017560292634613446,0,0,False,0.0015138336343229059,21440000,0.01889,0.22179,16,1.21863
2788,0.001,0.001,0,False,0.0017614679649811437,0,0,False,0.0018104162786593365,21448000,0.02508,0.22055,16,1.22682
2789,0.001,0.001,0,False,0.0017540799229287596,0,0,False,0.0016875875444573032,21456000,0.02311,0.22018,16,1.29713
2790,0.001,0.001,0,False,0.001757870987004188,0,0,False,0.0017919905636830428,21464000,0.02408,0.21891,16,1.29981
2791,0.001,0.001,0,False,0.0017736949076898583,0,0,False,0.0019161101938608917,21472000,0.02705,0.22135,16,1.32108
2792,0.001,0.001,0,False,0.0017687772175839225,0,0,False,0.0017245180066304995,21480000,0.02366,0.2242,16,1.20509
2793,0.001,0.001,0,False,0.001776383931482099,0,0,False,0.0018448443565656878,21488000,0.02278,0.22048,16,1.32903
2794,0.001,0.001,0,False,0.0017907936536474855,0,0,False,0.0019204811531359633,21496000,0.02628,0.22182,16,1.21081
2795,0.001,0.001,0,False,0.0017921597865750833,0,0,False,0.001804454982923464,21500000,0.02583,0.22135,16,0.64128
2796,0.001,0.001,0,False,0.0018011989727016902,0,0,False,0.0018825516478411515,21508000,0.02643,0.22549,16,1.2201
2797,0.001,0.001,0,False,0.0018036926511003494,0,0,False,0.0018261357566882826,21516000,0.02481,0.22066,16,1.30703
2798,0.001,0.001,0,False,0.0017993294876426993,0,0,False,0.0017600610165238503,21524000,0.02307,0.22166,16,1.29122
2799,0.001,0.001,0,False,0.0017881981849779773,0,0,False,0.0016880164609954782,21532000,0.01893,0.22091,16,1.22425
2800,0.001,0.001,0,False,0.0017757083437434827,0,0,False,0.0016632997726330316,21540000,0.02221,0.22174,16,1.22322
2801,0.001,0.001,0,False,0.0017652210662853357,0,0,False,0.0016708355691620119,21548000,0.0216,0.21843,16,1.23026
2802,0.001,0.001,0,False,0.0017731679949259504,0,0,False,0.0018446903526914838,21556000,0.02525,0.2217,16,1.30441
2803,0.001,0.001,0,False,0.0017573022045606979,0,0,False,0.0016145100912734252,21564000,0.02134,0.21979,16,1.30728
2804,0.001,0.001,0,False,0.001750183614257179,0,0,False,0.0016861163015255082,21572000,0.02335,0.22149,16,1.32187
2805,0.001,0.001,0,False,0.001747124229656204,0,0,False,0.00171958976824743,21580000,0.02177,0.22242,16,1.33236
2806,0.001,0.001,0,False,0.0017381004637392963,0,0,False,0.0016568865704871287,21588000,0.02251,0.21883,16,1.30495
2807,0.001,0.001,0,False,0.0017447698237924086,0,0,False,0.0018047940642704184,21596000,0.02489,0.22151,16,1.23505
2808,0.001,0.001,0,False,0.0017703131907685849,0,0,False,0.0020002034935541722,21600000,0.0294,0.22244,16,0.6378
2809,0.001,0.001,0,False,0.001763394260638264,0,0,False,0.001701123889465377,21608000,0.02279,0.2239,16,1.29235
2810,0.001,0.001,0,False,0.0017587947992032706,0,0,False,0.0017173996462883292,21616000,0.02241,0.2233,16,1.30879
2811,0.001,0.001,0,False,0.0017621689752434912,0,0,False,0.0017925365596054776,21624000,0.02477,0.22221,16,1.32104
2812,0.001,0.001,0,False,0.0017936672598682516,0,0,False,0.002077151821491094,21632000,0.02851,0.22233,16,1.22197
2813,0.001,0.001,0,False,0.001776388460827857,0,0,False,0.0016208792694643057,21640000,0.02082,0.22123,16,1.2363
2814,0.001,0.001,0,False,0.001754597552225517,0,0,False,0.0015584793748044548,21648000,0.02032,0.2204,16,1.31931
2815,0.001,0.001,0,False,0.0017519768581711725,0,0,False,0.001728390611682071,21656000,0.02319,0.22332,16,1.21799
2816,0.001,0.001,0,False,0.001740108575080995,0,0,False,0.0016332940272693972,21664000,0.02133,0.21963,16,1.23808
2817,0.001,0.001,0,False,0.0017495101013499418,0,0,False,0.0018341238377704641,21672000,0.02503,0.22255,16,1.23412
2818,0.001,0.001,0,False,0.0017504702047579758,0,0,False,0.0017591111354302818,21680000,0.02282,0.22263,16,1.21429
2819,0.001,0.001,0,False,0.0017386133810761235,0,0,False,0.001631901967939452,21688000,0.02228,0.2206,16,1.22025
2820,0.001,0.001,0,False,0.0017284191797893663,0,0,False,0.001636671368208553,21696000,0.02121,0.22276,16,1.23561
2821,0.001,0.001,0,False,0.001740885361116838,0,0,False,0.0018530809930640824,21700000,0.02531,0.21676,16,0.63221
2822,0.001,0.001,0,False,0.001752967088417883,0,0,False,0.0018617026341272876,21708000,0.02465,0.22225,16,1.21223
2823,0.001,0.001,0,False,0.001771207465430776,0,0,False,0.0019353708585468133,21716000,0.0261,0.22151,16,1.21533
2824,0.001,0.001,0,False,0.0017789437258152344,0,0,False,0.001848570069275359,21724000,0.02435,0.22315,16,1.31314
2825,0.001,0.001,0,False,0.0017570916725234446,0,0,False,0.001560423192897337,21732000,0.01965,0.22317,16,1.3043
2826,0.001,0.001,0,False,0.0017744282944351882,0,0,False,0.0019304578916408811,21740000,0.02415,0.22276,16,1.23509
2827,0.001,0.001,0,False,0.0017694672975079864,0,0,False,0.00172481832516317,21748000,0.02353,0.222,16,1.30171
2828,0.001,0.001,0,False,0.001785675459119267,0,0,False,0.00193154891362079,21756000,0.02403,0.21996,16,1.22539
2829,0.001,0.001,0,False,0.0017925024838233493,0,0,False,0.0018539457061600918,21764000,0.02228,0.21923,16,1.31754
2830,0.001,0.001,0,False,0.0017940337188977631,0,0,False,0.0018078148345674876,21772000,0.02363,0.21914,16,1.29274
2831,0.001,0.001,0,False,0.001785864215911068,0,0,False,0.0017123386890308095,21780000,0.02372,0.21827,16,1.29881
2832,0.001,0.001,0,False,0.0017820482504949484,0,0,False,0.0017477045617498733,21788000,0.02076,0.21729,16,1.23646
2833,0.001,0.001,0,False,0.0017923685945655746,0,0,False,0.0018852516912012116,21796000,0.02551,0.22171,16,1.30452
2834,0.001,0.001,0,False,0.001796035949293869,0,0,False,0.0018290421418485198,21800000,0.02448,0.22025,16,0.61198
2835,0.001,0.001,0,False,0.0017598164058826985,0,0,False,0.0014338405151821656,21808000,0.0185,0.22049,16,1.28921
2836,0.001,0.001,0,False,0.0017703014652176842,0,0,False,0.0018646669992325553,21816000,0.02492,0.21833,16,1.31947
2837,0.001,0.001,0,False,0.001752218593397164,0,0,False,0.0015894727470124805,21824000,0.02042,0.21701,16,1.21114
2838,0.001,0.001,0,False,0.0017438778352679776,0,0,False,0.0016688110121053012,21832000,0.02312,0.21943,16,1.22745
2839,0.001,0.001,0,False,0.001740080757386873,0,0,False,0.0017059070564569322,21840000,0.02416,0.22207,16,1.30134
2840,0.001,0.001,0,False,0.0017481114358703356,0,0,False,0.0018203875422214985,21848000,0.02463,0.21613,16,1.29273
2841,0.001,0.001,0,False,0.0017600813280167441,0,0,False,0.0018678103573344209,21856000,0.02553,0.21895,16,1.20719
2842,0.001,0.001,0,False,0.0017595934165771441,0,0,False,0.0017552022136207459,21864000,0.02295,0.21892,16,1.23543
2843,0.001,0.001,0,False,0.0017692487698877906,0,0,False,0.0018561469496836082,21872000,0.02645,0.22522,16,1.38885
2844,0.001,0.001,0,False,0.0017662725181345166,0,0,False,0.0017394862523550504,21880000,0.02418,0.21968,16,1.30513
2845,0.001,0.001,0,False,0.001762455977342071,0,0,False,0.0017281071102100596,21888000,0.02376,0.22131,16,1.31569
2846,0.001,0.001,0,False,0.0017736067935503232,0,0,False,0.0018739641394245926,21896000,0.0229,0.22385,16,1.30781
2847,0.001,0.001,0,False,0.001784285403693472,0,0,False,0.0018803928949818107,21900000,0.02555,0.2198,16,0.61472
2848,0.001,0.001,0,False,0.0017734270285038633,0,0,False,0.0016757016517973853,21908000,0.01972,0.22248,16,1.23827
2849,0.001,0.001,0,False,0.0017577136031787348,0,0,False,0.0016162927752525773,21916000,0.02088,0.22213,16,1.23968
2850,0.001,0.001,0,False,0.001759168119862673,0,0,False,0.0017722587700181164,21924000,0.02433,0.2185,16,1.31491
2851,0.001,0.001,0,False,0.0017537700426847815,0,0,False,0.0017051873480837575,21932000,0.02297,0.21987,16,1.23327
2852,0.001,0.001,0,False,0.0017556422324117647,0,0,False,0.0017724919399546137,21940000,0.02252,0.21952,16,1.31672
2853,0.001,0.001,0,False,0.001754045563892743,0,0,False,0.0017396755472215471,21948000,0.02089,0.22065,16,1.23995
2854,0.001,0.001,0,False,0.0017799065094815775,0,0,False,0.002012655019781088,21956000,0.02479,0.22097,16,1.22915
2855,0.001,0.001,0,False,0.001766175770289096,0,0,False,0.0016425991175567606,21964000,0.02165,0.22076,16,1.22565
2856,0.001,0.001,0,False,0.001788358541118921,0,0,False,0.0019880034785873454,21972000,0.02653,0.22149,16,1.29999
2857,0.001,0.001,0,False,0.0017883886985186653,0,0,False,0.0017886601151163647,21980000,0.02324,0.22201,16,1.30123
2858,0.001,0.001,0,False,0.001785326856434511,0,0,False,0.0017577702776771218,21988000,0.02244,0.22097,16,1.2338
2859,0.001,0.001,0,False,0.0017880005340220263,0,0,False,0.0018120636323096639,21996000,0.02468,0.22109,16,1.23623
2860,0.001,0.001,0,False,0.001779827964394365,0,0,False,0.0017062748377454126,22000000,0.02252,0.22428,16,0.62576
2861,0.001,0.001,0,False,0.0017661968666186144,0,0,False,0.0016435169866368584,22008000,0.0222,0.21952,16,1.23639
2862,0.001,0.001,0,False,0.0017780161853088964,0,0,False,0.0018843900535214344,22016000,0.02438,0.22078,16,1.31645
2863,0.001,0.001,0,False,0.0017703975676709516,0,0,False,0.0017018300089294493,22024000,0.02229,0.2221,16,1.21937
2864,0.001,0.001,0,False,0.0017576306797977507,0,0,False,0.001642728688938943,22032000,0.02101,0.22269,16,1.23461
2865,0.001,0.001,0,False,0.0017504083497673255,0,0,False,0.0016854073794934999,22040000,0.01951,0.21795,16,1.32368
2866,0.001,0.001,0,False,0.0017426142821420302,0,0,False,0.0016724676735143731,22048000,0.02316,0.21972,16,1.22538
2867,0.001,0.001,0,False,0.0017618380563606516,0,0,False,0.001934852024328244,22056000,0.02668,0.21778,16,1.21329
2868,0.001,0.001,0,False,0.0017702200114215983,0,0,False,0.00184565760697012,22064000,0.02273,0.21995,16,1.22387
2869,0.001,0.001,0,False,0.00177084439382918,0,0,False,0.0017764638354974124,22072000,0.02463,0.21977,16,1.20874
2870,0.001,0.001,0,False,0.0017585937331542935,0,0,False,0.0016483377870803154,22080000,0.0213,0.21929,16,1.21684
2871,0.001,0.001,0,False,0.0017338365628951436,0,0,False,0.0015110220305627944,22088000,0.01989,0.21898,16,1.34083
2872,0.001,0.001,0,False,0.0017573369819378932,0,0,False,0.0019688407533226394,22096000,0.0272,0.22043,16,1.22207
2873,0.001,0.001,0,False,0.001784333821840282,0,0,False,0.00202730538096178,22100000,0.02626,0.22148,16,0.62372
2874,0.001,0.001,0,False,0.0017898152956788253,0,0,False,0.0018391485602257164,22108000,0.02507,0.22153,16,1.29183
2875,0.001,0.001,0,False,0.0017690879649622897,0,0,False,0.0015825419885134682,22116000,0.01857,0.21854,16,1.23309
2876,0.001,0.001,0,False,0.0017635673301063986,0,0,False,0.0017138816164033786,22124000,0.02336,0.21912,16,1.30942
2877,0.001,0.001,0,False,0.0017581780289676796,0,0,False,0.0017096743187192084,22132000,0.02281,0.2197,16,1.29717
2878,0.001,0.001,0,False,0.0017669405925765998,0,0,False,0.0018458036650568816,22140000,0.02354,0.21853,16,1.29722
2879,0.001,0.001,0,False,0.0017775707416029984,0,0,False,0.0018732420828405868,22148000,0.02508,0.21817,16,1.22934
2880,0.001,0.001,0,False,0.001759626830405804,0,0,False,0.0015981316296310552,22156000,0.02125,0.21998,16,1.29594
2881,0.001,0.001,0,False,0.0017564399605955838,0,0,False,0.0017277581323036032,22164000,0.02364,0.21686,16,1.21416
2882,0.001,0.001,0,False,0.0017598934524311008,0,0,False,0.0017909748789507538,22172000,0.02411,0.22086,16,1.21866
2883,0.001,0.001,0,False,0.0017577391433762166,0,0,False,0.0017383503618822584,22180000,0.02422,0.21878,16,1.21247
2884,0.001,0.001,0,False,0.0017659494254879252,0,0,False,0.001839841964493303,22188000,0.02331,0.21916,16,1.22593
2885,0.001,0.001,0,False,0.0017586444471474694,0,0,False,0.0016928996420833664,22196000,0.02333,0.21995,16,1.2397
2886,0.001,0.001,0,False,0.0017614509108587236,0,0,False,0.0017867090842600135,22200000,0.02618,0.22123,16,0.61845
2887,0.001,0.001,0,False,0.0017585458833794193,0,0,False,0.001732400636065681,22208000,0.023,0.22041,16,1.30017
2888,0.001,0.001,0,False,0.0017543310129457244,0,0,False,0.0017163971790424713,22216000,0.02362,0.21698,16,1.29679
2889,0.001,0.001,0,False,0.0017495112391007275,0,0,False,0.0017061332744957556,22224000,0.02184,0.21883,16,1.30984
2890,0.001,0.001,0,False,0.0017527053757472031,0,0,False,0.001781452605565483,22232000,0.02449,0.21832,16,1.21392
2891,0.001,0.001,0,False,0.0017329774345823089,0,0,False,0.0015554259640982607,22240000,0.01881,0.22157,16,1.23574
2892,0.001,0.001,0,False,0.00173319459581287,0,0,False,0.0017351490468879205,22248000,0.02261,0.2213,16,1.21515
2893,0.001,0.001,0,False,0.0017304766244365412,0,0,False,0.0017060148820495832,22256000,0.02271,0.21906,16,1.21281
2894,0.001,0.001,0,False,0.0017575314666503517,0,0,False,0.0020010250465746474,22264000,0.02663,0.2229,16,1.3159
2895,0.001,0.001,0,False,0.0017669700788008997,0,0,False,0.001851917588155833,22272000,0.02325,0.21815,16,1.31066
2896,0.001,0.001,0,False,0.0017637580510630364,0,0,False,0.0017348498014222668,22280000,0.02426,0.21986,16,1.32681
2897,0.001,0.001,0,False,0.0017496960776821158,0,0,False,0.0016231383172538283,22288000,0.02187,0.21845,16,1.23904
2898,0.001,0.001,0,False,0.0017602278303911287,0,0,False,0.001855013604772246,22296000,0.02667,0.22019,16,1.24291
2899,0.001,0.001,0,False,0.0017407477326184422,0,0,False,0.0015654268526642623,22300000,0.02123,0.21595,16,0.61598
2900,0.001,0.001,0,False,0.0017258303279137066,0,0,False,0.0015915736855710882,22308000,0.02161,0.21832,16,1.28442
2901,0.001,0.001,0,False,0.0017300630308034607,0,0,False,0.0017681573568112472,22316000,0.02509,0.21686,16,1.2115
2902,0.001,0.001,0,False,0.0017311420760324188,0,0,False,0.0017408534830930425,22324000,0.02358,0.21947,16,1.30076
2903,0.001,0.001,0,False,0.0017280801901489338,0,0,False,0.00170052321719757,22332000,0.0231,0.21738,16,1.33525
