execucao,arquitetura,lr,partidas,iteracoes,horas,vitoria_pct,ic95_baixo_pct,ic95_alto_pct
bucket_heuristic,anterior,0.001,0,0,0.008,62.631,62.331,62.93
bucket_heuristic,anterior,0.001,100000,50,0.036,63.984,63.686,64.281
bucket_heuristic,anterior,0.001,200000,100,0.064,64.005,63.707,64.302
bucket_heuristic,anterior,0.001,300000,150,0.09,64.341,64.044,64.637
bucket_heuristic,anterior,0.001,400000,200,0.115,64.352,64.055,64.648
bucket_heuristic,anterior,0.001,500000,250,0.141,64.483,64.186,64.779
bucket_heuristic,anterior,0.001,600000,300,0.167,64.56,64.263,64.856
bucket_heuristic,anterior,0.001,700000,350,0.193,64.565,64.268,64.861
bucket_heuristic,anterior,0.001,800000,400,0.219,64.698,64.401,64.994
bucket_heuristic,anterior,0.001,900000,450,0.244,64.76,64.463,65.056
bucket_heuristic,anterior,0.001,1000000,500,0.27,64.975,64.679,65.27
bucket_heuristic,anterior,0.001,1100000,550,0.295,64.636,64.339,64.932
bucket_heuristic,anterior,0.001,1200000,600,0.321,64.712,64.415,65.008
bucket_heuristic,anterior,0.001,1300000,650,0.347,64.781,64.484,65.076
bucket_heuristic,anterior,0.001,1400000,700,0.372,64.874,64.578,65.169
bucket_heuristic,anterior,0.001,1500000,750,0.397,64.735,64.438,65.031
bucket_heuristic,anterior,0.001,1600000,800,0.423,64.654,64.357,64.95
bucket_heuristic,anterior,0.001,1700000,850,0.448,64.981,64.685,65.276
bucket_heuristic,anterior,0.001,1800000,900,0.473,64.842,64.545,65.137
bucket_heuristic,anterior,0.001,1900000,950,0.498,64.92,64.624,65.215
bucket_heuristic,anterior,0.001,2000000,1000,0.523,65.073,64.777,65.368
bucket_heuristic,anterior,0.001,2100000,1050,0.548,64.996,64.7,65.291
bucket_heuristic,anterior,0.001,2200000,1100,0.573,64.952,64.656,65.247
bucket_heuristic,anterior,0.001,2300000,1150,0.598,65.135,64.839,65.43
bucket_heuristic,anterior,0.001,2400000,1200,0.622,65.009,64.713,65.304
bucket_heuristic,anterior,0.001,2500000,1250,0.647,64.882,64.586,65.177
bucket_heuristic,anterior,0.001,2600000,1300,0.672,64.788,64.491,65.083
bucket_heuristic,anterior,0.001,2700000,1350,0.697,64.974,64.678,65.269
bucket_heuristic,anterior,0.001,2800000,1400,0.722,65.125,64.829,65.42
bucket_heuristic,anterior,0.001,2900000,1450,0.747,65.134,64.838,65.429
bucket_heuristic,anterior,0.001,3000000,1500,0.772,65.149,64.853,65.444
bucket_heuristic,anterior,0.001,3100000,1550,0.797,65.149,64.853,65.444
bucket_heuristic,anterior,0.001,3200000,1600,0.822,65.262,64.966,65.557
bucket_heuristic,anterior,0.001,3300000,1650,0.847,65.107,64.811,65.402
bucket_heuristic,anterior,0.001,3400000,1700,0.872,65.164,64.868,65.459
bucket_heuristic,anterior,0.001,3500000,1750,0.897,65.229,64.933,65.524
bucket_heuristic,anterior,0.001,3600000,1800,0.923,65.235,64.939,65.53
bucket_heuristic,anterior,0.001,3700000,1850,0.948,65.285,64.989,65.579
bucket_heuristic,anterior,0.001,3800000,1900,0.973,65.196,64.9,65.491
bucket_heuristic,anterior,0.001,3900000,1950,0.998,65.388,65.093,65.682
bucket_heuristic,anterior,0.001,4000000,2000,1.023,65.199,64.903,65.494
bucket_heuristic,anterior,0.001,4100000,2050,1.048,65.226,64.93,65.521
bucket_heuristic,anterior,0.001,4200000,2100,1.073,65.158,64.862,65.453
bucket_heuristic,anterior,0.001,4300000,2150,1.099,65.262,64.966,65.557
bucket_heuristic,anterior,0.001,4400000,2200,1.124,65.348,65.052,65.642
bucket_heuristic,anterior,0.001,4500000,2250,1.149,65.349,65.053,65.643
bucket_heuristic,anterior,0.001,4600000,2300,1.174,65.353,65.057,65.647
bucket_heuristic,anterior,0.001,4700000,2350,1.199,65.318,65.022,65.612
bucket_heuristic,anterior,0.001,4800000,2400,1.225,65.264,64.968,65.559
bucket_heuristic,anterior,0.001,4900000,2450,1.25,65.412,65.117,65.706
bucket_heuristic,anterior,0.001,5000000,2500,1.275,65.569,65.274,65.863
bucket_heuristic,anterior,0.001,5100000,2550,1.3,65.664,65.369,65.958
bucket_heuristic,anterior,0.001,5200000,2600,1.326,65.422,65.127,65.716
bucket_heuristic,anterior,0.001,5300000,2650,1.351,65.616,65.321,65.91
bucket_heuristic,anterior,0.001,5400000,2700,1.376,65.44,65.145,65.734
bucket_heuristic,anterior,0.001,5500000,2750,1.401,65.581,65.286,65.875
bucket_heuristic,anterior,0.001,5600000,2800,1.426,65.397,65.102,65.691
bucket_heuristic,anterior,0.001,5700000,2850,1.451,65.47,65.175,65.764
bucket_heuristic,anterior,0.001,5800000,2900,1.476,65.267,64.971,65.562
bucket_heuristic,anterior,0.001,5900000,2950,1.501,65.328,65.032,65.622
bucket_heuristic,anterior,0.001,6000000,3000,1.526,65.449,65.154,65.743
bucket_heuristic,anterior,0.001,6100000,3050,1.551,65.555,65.26,65.849
bucket_heuristic,anterior,0.001,6200000,3100,1.576,65.418,65.123,65.712
bucket_heuristic,anterior,0.001,6300000,3150,1.601,65.438,65.143,65.732
bucket_heuristic,anterior,0.001,6400000,3200,1.626,65.394,65.099,65.688
bucket_heuristic,anterior,0.001,6500000,3250,1.652,65.454,65.159,65.748
bucket_heuristic,anterior,0.001,6600000,3300,1.677,65.588,65.293,65.882
bucket_heuristic,anterior,0.001,6700000,3350,1.702,65.586,65.291,65.88
bucket_heuristic,anterior,0.001,6800000,3400,1.727,65.425,65.13,65.719
bucket_heuristic,anterior,0.001,6900000,3450,1.752,65.341,65.045,65.635
bucket_heuristic,anterior,0.001,7000000,3500,1.778,65.506,65.211,65.8
bucket_heuristic,anterior,0.001,7100000,3550,1.803,65.607,65.312,65.901
bucket_heuristic,anterior,0.001,7200000,3600,1.828,65.518,65.223,65.812
bucket_heuristic,anterior,0.001,7300000,3650,1.853,65.486,65.191,65.78
bucket_heuristic,anterior,0.001,7400000,3700,1.878,65.649,65.354,65.943
bucket_heuristic,anterior,0.001,7500000,3750,1.903,65.825,65.53,66.118
bucket_heuristic,anterior,0.001,7600000,3800,1.928,65.857,65.562,66.15
bucket_heuristic,anterior,0.001,7700000,3850,1.953,65.763,65.468,66.056
bucket_heuristic,anterior,0.001,7800000,3900,1.978,65.676,65.381,65.97
bucket_heuristic,anterior,0.001,7900000,3950,2.003,65.707,65.412,66.001
bucket_heuristic,anterior,0.001,8000000,4000,2.029,65.525,65.23,65.819
bucket_heuristic,anterior,0.001,8100000,4050,2.054,65.767,65.472,66.06
bucket_heuristic,anterior,0.001,8200000,4100,2.079,65.565,65.27,65.859
bucket_heuristic,anterior,0.001,8300000,4150,2.104,65.573,65.278,65.867
bucket_heuristic,anterior,0.001,8400000,4200,2.13,65.653,65.358,65.947
bucket_heuristic,anterior,0.001,8500000,4250,2.155,65.6,65.305,65.894
bucket_heuristic,anterior,0.001,8600000,4300,2.18,65.693,65.398,65.987
bucket_heuristic,anterior,0.001,8700000,4350,2.205,65.777,65.482,66.07
bucket_heuristic,anterior,0.001,8800000,4400,2.23,65.597,65.302,65.891
bucket_heuristic,anterior,0.001,8900000,4450,2.255,65.7,65.405,65.994
bucket_heuristic,anterior,0.001,9000000,4500,2.28,65.751,65.456,66.045
bucket_heuristic,anterior,0.001,9100000,4550,2.306,65.719,65.424,66.013
bucket_heuristic,anterior,0.001,9200000,4600,2.331,65.879,65.585,66.172
bucket_heuristic,anterior,0.001,9300000,4650,2.356,65.724,65.429,66.018
bucket_heuristic,anterior,0.001,9400000,4700,2.381,65.742,65.447,66.036
bucket_heuristic,anterior,0.001,9500000,4750,2.406,65.679,65.384,65.973
bucket_heuristic,anterior,0.001,9600000,4800,2.432,65.82,65.525,66.113
bucket_heuristic,anterior,0.001,9700000,4850,2.457,65.767,65.472,66.06
bucket_heuristic,anterior,0.001,9800000,4900,2.482,65.94,65.646,66.233
bucket_heuristic,anterior,0.001,9900000,4950,2.507,65.803,65.508,66.096
bucket_heuristic,anterior,0.001,10000000,5000,2.532,65.678,65.383,65.972
bucket_heuristic,anterior,0.001,10100000,5050,2.557,65.903,65.609,66.196
bucket_heuristic,anterior,0.001,10200000,5100,2.583,65.459,65.164,65.753
bucket_heuristic,anterior,0.001,10300000,5150,2.608,65.706,65.411,66.0
bucket_heuristic,anterior,0.001,10400000,5200,2.633,65.606,65.311,65.9
bucket_heuristic,anterior,0.001,10500000,5250,2.658,65.782,65.487,66.075
bucket_heuristic,anterior,0.001,10600000,5300,2.683,65.692,65.397,65.986
bucket_heuristic,anterior,0.001,10700000,5350,2.708,65.831,65.536,66.124
bucket_heuristic,anterior,0.001,10800000,5400,2.733,65.8,65.505,66.093
bucket_heuristic,anterior,0.001,10900000,5450,2.758,65.744,65.449,66.038
bucket_heuristic,anterior,0.001,11000000,5500,2.783,65.804,65.509,66.097
bucket_heuristic,anterior,0.001,11100000,5550,2.808,65.812,65.517,66.105
bucket_heuristic,anterior,0.001,11200000,5600,2.833,65.811,65.516,66.104
bucket_heuristic,anterior,0.001,11300000,5650,2.859,65.734,65.439,66.028
bucket_heuristic,anterior,0.001,11400000,5700,2.884,65.788,65.493,66.081
bucket_heuristic,anterior,0.001,11500000,5750,2.909,65.826,65.531,66.119
bucket_heuristic,anterior,0.001,11600000,5800,2.934,65.849,65.554,66.142
bucket_heuristic,anterior,0.001,11700000,5850,2.959,65.799,65.504,66.092
bucket_heuristic,anterior,0.001,11800000,5900,2.984,65.681,65.386,65.975
bucket_heuristic,anterior,0.001,11900000,5950,3.01,65.785,65.49,66.078
bucket_heuristic,anterior,0.001,12000000,6000,3.035,65.825,65.53,66.118
bucket_heuristic,anterior,0.001,12100000,6050,3.06,65.892,65.598,66.185
bucket_heuristic,anterior,0.001,12200000,6100,3.085,65.993,65.699,66.286
bucket_heuristic,anterior,0.001,12300000,6150,3.11,65.981,65.687,66.274
bucket_heuristic,anterior,0.001,12400000,6200,3.136,65.919,65.625,66.212
bucket_heuristic,anterior,0.001,12500000,6250,3.161,65.824,65.529,66.117
bucket_heuristic,anterior,0.001,12600000,6300,3.186,66.101,65.807,66.394
bucket_heuristic,anterior,0.001,12700000,6350,3.211,65.973,65.679,66.266
bucket_heuristic,anterior,0.001,12800000,6400,3.236,65.931,65.637,66.224
bucket_heuristic,anterior,0.001,12900000,6450,3.261,66.039,65.745,66.332
bucket_heuristic,anterior,0.001,13000000,6500,3.287,66.034,65.74,66.327
bucket_heuristic,anterior,0.001,13100000,6550,3.312,65.959,65.665,66.252
bucket_heuristic,anterior,0.001,13200000,6600,3.337,65.857,65.562,66.15
bucket_heuristic,anterior,0.001,13300000,6650,3.362,65.837,65.542,66.13
bucket_heuristic,anterior,0.001,13400000,6700,3.387,65.821,65.526,66.114
bucket_heuristic,anterior,0.001,13500000,6750,3.412,65.927,65.633,66.22
bucket_heuristic,anterior,0.001,13600000,6800,3.437,66.034,65.74,66.327
bucket_heuristic,anterior,0.001,13700000,6850,3.462,65.985,65.691,66.278
bucket_heuristic,anterior,0.001,13800000,6900,3.487,65.928,65.634,66.221
bucket_heuristic,anterior,0.001,13900000,6950,3.512,65.884,65.59,66.177
bucket_heuristic,anterior,0.001,14000000,7000,3.537,66.03,65.736,66.323
bucket_heuristic,anterior,0.001,14100000,7050,3.562,66.025,65.731,66.318
bucket_heuristic,anterior,0.001,14200000,7100,3.587,66.053,65.759,66.346
bucket_heuristic,anterior,0.001,14300000,7150,3.612,66.012,65.718,66.305
bucket_heuristic,anterior,0.001,14400000,7200,3.637,66.001,65.707,66.294
bucket_heuristic,anterior,0.001,14500000,7250,3.663,66.017,65.723,66.31
bucket_heuristic,anterior,0.001,14600000,7300,3.688,66.072,65.778,66.365
bucket_heuristic,anterior,0.001,14700000,7350,3.713,65.917,65.623,66.21
bucket_heuristic,anterior,0.001,14800000,7400,3.738,65.997,65.703,66.29
bucket_heuristic,anterior,0.001,14900000,7450,3.763,65.948,65.654,66.241
bucket_heuristic,anterior,0.001,15000000,7500,3.788,65.918,65.624,66.211
bucket_heuristic,anterior,0.001,15100000,7550,3.813,65.853,65.558,66.146
bucket_heuristic,anterior,0.001,15200000,7600,3.838,65.877,65.583,66.17
bucket_heuristic,anterior,0.001,15300000,7650,3.863,65.961,65.667,66.254
bucket_heuristic,anterior,0.001,15400000,7700,3.888,65.873,65.579,66.166
bucket_heuristic,anterior,0.001,15500000,7750,3.913,65.961,65.667,66.254
bucket_heuristic,anterior,0.001,15600000,7800,3.938,66.026,65.732,66.319
bucket_heuristic,anterior,0.001,15700000,7850,3.963,65.915,65.621,66.208
bucket_heuristic,anterior,0.001,15800000,7900,3.988,66.108,65.814,66.401
bucket_heuristic,anterior,0.001,15900000,7950,4.013,65.98,65.686,66.273
bucket_heuristic,anterior,0.001,16000000,8000,4.038,66.058,65.764,66.351
bucket_heuristic,anterior,0.001,16100000,8050,4.063,66.09,65.796,66.383
bucket_heuristic,anterior,0.001,16200000,8100,4.088,65.852,65.557,66.145
bucket_heuristic,anterior,0.001,16300000,8150,4.113,65.947,65.653,66.24
bucket_heuristic,anterior,0.001,16400000,8200,4.138,66.123,65.829,66.416
bucket_heuristic,anterior,0.001,16500000,8250,4.163,66.019,65.725,66.312
bucket_heuristic,anterior,0.001,16600000,8300,4.188,66.05,65.756,66.343
bucket_heuristic,anterior,0.001,16700000,8350,4.213,65.956,65.662,66.249
bucket_heuristic,anterior,0.001,16800000,8400,4.238,66.083,65.789,66.376
bucket_heuristic,anterior,0.001,16900000,8450,4.263,66.043,65.749,66.336
bucket_heuristic,anterior,0.001,17000000,8500,4.288,66.075,65.781,66.368
bucket_heuristic,anterior,0.001,17100000,8550,4.313,65.938,65.644,66.231
bucket_heuristic,anterior,0.001,17200000,8600,4.338,65.969,65.675,66.262
bucket_heuristic,anterior,0.001,17300000,8650,4.363,65.932,65.638,66.225
bucket_heuristic,anterior,0.001,17400000,8700,4.388,65.804,65.509,66.097
bucket_heuristic,anterior,0.001,17500000,8750,4.413,65.943,65.649,66.236
bucket_heuristic,anterior,0.001,17600000,8800,4.438,65.89,65.596,66.183
bucket_heuristic,anterior,0.001,17700000,8850,4.463,65.981,65.687,66.274
bucket_heuristic,anterior,0.001,17800000,8900,4.488,65.902,65.608,66.195
bucket_heuristic,anterior,0.001,17900000,8950,4.513,66.099,65.805,66.392
bucket_heuristic,anterior,0.001,18000000,9000,4.538,65.851,65.556,66.144
bucket_heuristic,anterior,0.001,18100000,9050,4.563,66.063,65.769,66.356
bucket_heuristic,anterior,0.001,18200000,9100,4.588,65.985,65.691,66.278
bucket_heuristic,anterior,0.001,18300000,9150,4.613,66.065,65.771,66.358
bucket_heuristic,anterior,0.001,18400000,9200,4.638,66.044,65.75,66.337
bucket_heuristic,anterior,0.001,18500000,9250,4.663,66.228,65.934,66.52
bucket_heuristic,anterior,0.001,18600000,9300,4.688,66.015,65.721,66.308
bucket_heuristic,anterior,0.001,18700000,9350,4.713,66.057,65.763,66.35
bucket_heuristic,anterior,0.001,18800000,9400,4.738,66.078,65.784,66.371
bucket_heuristic,anterior,0.001,18900000,9450,4.763,65.94,65.646,66.233
bucket_heuristic,anterior,0.001,19000000,9500,4.788,66.114,65.82,66.407
bucket_heuristic,anterior,0.001,19100000,9550,4.813,65.891,65.597,66.184
bucket_heuristic,anterior,0.001,19200000,9600,4.838,65.791,65.496,66.084
bucket_heuristic,anterior,0.001,19300000,9650,4.863,65.801,65.506,66.094
bucket_heuristic,anterior,0.001,19400000,9700,4.888,65.956,65.662,66.249
bucket_heuristic,anterior,0.001,19500000,9750,4.913,65.973,65.679,66.266
bucket_heuristic,anterior,0.001,19600000,9800,4.938,65.781,65.486,66.074
bucket_heuristic,anterior,0.001,19700000,9850,4.963,65.864,65.57,66.157
bucket_heuristic,anterior,0.001,19800000,9900,4.988,66.072,65.778,66.365
bucket_heuristic,anterior,0.001,19900000,9950,5.013,66.073,65.779,66.366
bucket_heuristic,anterior,0.001,20000000,10000,5.037,66.041,65.747,66.334
bucket_heuristic,anterior,0.001,20100000,10050,5.062,66.092,65.798,66.385
bucket_heuristic,anterior,0.001,20200000,10100,5.087,65.94,65.646,66.233
bucket_heuristic,anterior,0.001,20300000,10150,5.112,65.83,65.535,66.123
bucket_heuristic,anterior,0.001,20400000,10200,5.137,65.895,65.601,66.188
bucket_heuristic,anterior,0.001,20500000,10250,5.162,65.917,65.623,66.21
bucket_heuristic,anterior,0.001,20600000,10300,5.187,66.028,65.734,66.321
bucket_heuristic,anterior,0.001,20700000,10350,5.212,66.018,65.724,66.311
bucket_heuristic,anterior,0.001,20800000,10400,5.237,65.757,65.462,66.051
bucket_heuristic,anterior,0.001,20900000,10450,5.262,66.024,65.73,66.317
bucket_heuristic,anterior,0.001,21000000,10500,5.287,66.117,65.823,66.41
bucket_heuristic,anterior,0.001,21100000,10550,5.312,66.066,65.772,66.359
bucket_heuristic,anterior,0.001,21200000,10600,5.337,65.958,65.664,66.251
bucket_heuristic,anterior,0.001,21300000,10650,5.362,66.014,65.72,66.307
bucket_heuristic,anterior,0.001,21400000,10700,5.387,66.04,65.746,66.333
bucket_heuristic,anterior,0.001,21500000,10750,5.412,66.2,65.906,66.493
bucket_heuristic,anterior,0.001,21600000,10800,5.437,66.375,66.082,66.667
bucket_heuristic,anterior,0.001,21700000,10850,5.462,66.359,66.066,66.651
bucket_heuristic,anterior,0.001,21800000,10900,5.487,66.145,65.851,66.438
bucket_heuristic,anterior,0.001,21900000,10950,5.512,66.001,65.707,66.294
bucket_heuristic,anterior,0.001,22000000,11000,5.537,66.073,65.779,66.366
bucket_heuristic,anterior,0.001,22100000,11050,5.562,66.155,65.861,66.448
bucket_heuristic,anterior,0.001,22200000,11100,5.587,65.964,65.67,66.257
bucket_heuristic,anterior,0.001,22300000,11150,5.613,66.113,65.819,66.406
bucket_heuristic,anterior,0.001,22400000,11200,5.638,66.158,65.864,66.451
bucket_heuristic,anterior,0.001,22500000,11250,5.663,66.158,65.864,66.451
bucket_heuristic,anterior,0.001,22600000,11300,5.688,66.016,65.722,66.309
bucket_heuristic,anterior,0.001,22700000,11350,5.713,66.034,65.74,66.327
bucket_heuristic,anterior,0.001,22800000,11400,5.738,66.336,66.042,66.628
bucket_heuristic,anterior,0.001,22900000,11450,5.763,66.199,65.905,66.492
bucket_heuristic,anterior,0.001,23000000,11500,5.788,66.213,65.919,66.506
bucket_heuristic,anterior,0.001,23100000,11550,5.813,65.967,65.673,66.26
bucket_heuristic,anterior,0.001,23200000,11600,5.838,66.142,65.848,66.435
bucket_heuristic,anterior,0.001,23300000,11650,5.863,66.188,65.894,66.481
bucket_heuristic,anterior,0.001,23400000,11700,5.888,66.071,65.777,66.364
bucket_heuristic,anterior,0.001,23500000,11750,5.913,65.926,65.632,66.219
bucket_heuristic,anterior,0.001,23600000,11800,5.938,66.055,65.761,66.348
bucket_heuristic,anterior,0.001,23700000,11850,5.962,66.042,65.748,66.335
bucket_heuristic,anterior,0.001,23800000,11900,5.987,65.995,65.701,66.288
bucket_heuristic,anterior,0.001,23900000,11950,6.013,66.053,65.759,66.346
bucket_heuristic,anterior,0.001,24000000,12000,6.037,66.053,65.759,66.346
bucket_heuristic,anterior,0.001,24100000,12050,6.062,66.086,65.792,66.379
bucket_heuristic,anterior,0.001,24200000,12100,6.087,66.241,65.947,66.533
bucket_heuristic,anterior,0.001,24300000,12150,6.113,66.149,65.855,66.442
bucket_heuristic,anterior,0.001,24400000,12200,6.137,66.094,65.8,66.387
bucket_heuristic,anterior,0.001,24500000,12250,6.162,66.152,65.858,66.445
bucket_heuristic,anterior,0.001,24600000,12300,6.187,66.109,65.815,66.402
bucket_heuristic,anterior,0.001,24700000,12350,6.212,66.126,65.832,66.419
bucket_heuristic,anterior,0.001,24800000,12400,6.237,66.168,65.874,66.461
bucket_heuristic,anterior,0.001,24900000,12450,6.262,65.963,65.669,66.256
bucket_heuristic,anterior,0.001,25000000,12500,6.287,66.152,65.858,66.445
bucket_heuristic,anterior,0.001,25100000,12550,6.312,66.004,65.71,66.297
bucket_heuristic,anterior,0.001,25200000,12600,6.337,66.112,65.818,66.405
bucket_heuristic,anterior,0.001,25300000,12650,6.362,66.086,65.792,66.379
bucket_heuristic_recent,anterior,0.001,0,0,0.008,62.631,62.331,62.93
bucket_heuristic_recent,anterior,0.001,100000,50,0.036,63.957,63.659,64.254
bucket_heuristic_recent,anterior,0.001,200000,100,0.064,64.026,63.728,64.323
bucket_heuristic_recent,anterior,0.001,300000,150,0.092,64.354,64.057,64.65
bucket_heuristic_recent,anterior,0.001,400000,200,0.119,64.334,64.037,64.63
bucket_heuristic_recent,anterior,0.001,500000,250,0.147,64.544,64.247,64.84
bucket_heuristic_recent,anterior,0.001,600000,300,0.175,64.415,64.118,64.711
bucket_heuristic_recent,anterior,0.001,700000,350,0.202,64.656,64.359,64.952
bucket_heuristic_recent,anterior,0.001,800000,400,0.23,64.701,64.404,64.997
bucket_heuristic_recent,anterior,0.001,900000,450,0.258,64.682,64.385,64.978
bucket_heuristic_recent,anterior,0.001,1000000,500,0.286,64.602,64.305,64.898
bucket_heuristic_recent,anterior,0.001,1100000,550,0.314,64.743,64.446,65.039
bucket_heuristic_recent,anterior,0.001,1200000,600,0.342,64.86,64.564,65.155
bucket_heuristic_recent,anterior,0.001,1300000,650,0.37,64.728,64.431,65.024
bucket_heuristic_recent,anterior,0.001,1400000,700,0.398,64.842,64.545,65.137
bucket_heuristic_recent,anterior,0.001,1500000,750,0.426,64.613,64.316,64.909
bucket_heuristic_recent,anterior,0.001,1600000,800,0.454,64.718,64.421,65.014
bucket_heuristic_recent,anterior,0.001,1700000,850,0.482,64.73,64.433,65.026
bucket_heuristic_recent,anterior,0.001,1800000,900,0.51,64.761,64.464,65.057
bucket_heuristic_recent,anterior,0.001,1900000,950,0.538,64.825,64.528,65.12
bucket_heuristic_recent,anterior,0.001,2000000,1000,0.566,64.945,64.649,65.24
bucket_heuristic_recent,anterior,0.001,2100000,1050,0.593,64.708,64.411,65.004
bucket_heuristic_recent,anterior,0.001,2200000,1100,0.621,64.779,64.482,65.074
bucket_heuristic_recent,anterior,0.001,2300000,1150,0.649,64.999,64.703,65.294
bucket_heuristic_recent,anterior,0.001,2400000,1200,0.677,64.918,64.622,65.213
bucket_heuristic_recent,anterior,0.001,2500000,1250,0.704,64.976,64.68,65.271
bucket_heuristic_recent,anterior,0.001,2600000,1300,0.732,64.966,64.67,65.261
bucket_heuristic_recent,anterior,0.001,2700000,1350,0.76,64.846,64.55,65.141
bucket_heuristic_recent,anterior,0.001,2800000,1400,0.787,64.799,64.502,65.094
bucket_heuristic_recent,anterior,0.001,2900000,1450,0.815,64.908,64.612,65.203
bucket_heuristic_recent,anterior,0.001,3000000,1500,0.843,65.237,64.941,65.532
bucket_heuristic_recent,anterior,0.001,3100000,1550,0.871,65.124,64.828,65.419
bucket_heuristic_recent,anterior,0.001,3200000,1600,0.899,65.259,64.963,65.554
bucket_heuristic_recent,anterior,0.001,3300000,1650,0.926,65.244,64.948,65.539
bucket_heuristic_recent,anterior,0.001,3400000,1700,0.954,65.265,64.969,65.56
bucket_heuristic_recent,anterior,0.001,3500000,1750,0.982,65.062,64.766,65.357
bucket_heuristic_recent,anterior,0.001,3600000,1800,1.009,65.159,64.863,65.454
bucket_heuristic_recent,anterior,0.001,3700000,1850,1.037,65.183,64.887,65.478
bucket_heuristic_recent,anterior,0.001,3800000,1900,1.065,65.328,65.032,65.622
bucket_heuristic_recent,anterior,0.001,3900000,1950,1.093,65.377,65.082,65.671
bucket_heuristic_recent,anterior,0.001,4000000,2000,1.12,65.233,64.937,65.528
bucket_heuristic_recent,anterior,0.001,4100000,2050,1.148,65.129,64.833,65.424
bucket_heuristic_recent,anterior,0.001,4200000,2100,1.176,65.364,65.069,65.658
bucket_heuristic_recent,anterior,0.001,4300000,2150,1.203,65.338,65.042,65.632
bucket_heuristic_recent,anterior,0.001,4400000,2200,1.231,65.437,65.142,65.731
bucket_heuristic_recent,anterior,0.001,4500000,2250,1.259,65.47,65.175,65.764
bucket_heuristic_recent,anterior,0.001,4600000,2300,1.287,65.444,65.149,65.738
bucket_heuristic_recent,anterior,0.001,4700000,2350,1.314,65.347,65.051,65.641
bucket_heuristic_recent,anterior,0.001,4800000,2400,1.342,65.234,64.938,65.529
bucket_heuristic_recent,anterior,0.001,4900000,2450,1.37,65.435,65.14,65.729
bucket_heuristic_recent,anterior,0.001,5000000,2500,1.398,65.789,65.494,66.082
bucket_heuristic_recent,anterior,0.001,5100000,2550,1.425,65.704,65.409,65.998
bucket_heuristic_recent,anterior,0.001,5200000,2600,1.453,65.546,65.251,65.84
bucket_heuristic_recent,anterior,0.001,5300000,2650,1.481,65.528,65.233,65.822
bucket_heuristic_recent,anterior,0.001,5400000,2700,1.509,65.493,65.198,65.787
bucket_heuristic_recent,anterior,0.001,5500000,2750,1.537,65.586,65.291,65.88
bucket_heuristic_recent,anterior,0.001,5600000,2800,1.564,65.384,65.089,65.678
bucket_heuristic_recent,anterior,0.001,5700000,2850,1.592,65.539,65.244,65.833
bucket_heuristic_recent,anterior,0.001,5800000,2900,1.62,65.409,65.114,65.703
bucket_heuristic_recent,anterior,0.001,5900000,2950,1.648,65.47,65.175,65.764
bucket_heuristic_recent,anterior,0.001,6000000,3000,1.675,65.451,65.156,65.745
bucket_heuristic_recent,anterior,0.001,6100000,3050,1.703,65.51,65.215,65.804
bucket_heuristic_recent,anterior,0.001,6200000,3100,1.731,65.399,65.104,65.693
bucket_heuristic_recent,anterior,0.001,6300000,3150,1.759,64.919,64.623,65.214
bucket_heuristic_recent,anterior,0.001,6400000,3200,1.787,65.433,65.138,65.727
bucket_heuristic_recent,anterior,0.001,6500000,3250,1.814,65.442,65.147,65.736
bucket_heuristic_recent,anterior,0.001,6600000,3300,1.842,65.486,65.191,65.78
bucket_heuristic_recent,anterior,0.001,6700000,3350,1.87,65.63,65.335,65.924
bucket_heuristic_recent,anterior,0.001,6800000,3400,1.898,65.593,65.298,65.887
bucket_heuristic_recent,anterior,0.001,6900000,3450,1.925,65.59,65.295,65.884
bucket_heuristic_recent,anterior,0.001,7000000,3500,1.953,65.68,65.385,65.974
bucket_heuristic_recent,anterior,0.001,7100000,3550,1.981,65.583,65.288,65.877
bucket_heuristic_recent,anterior,0.001,7200000,3600,2.009,65.663,65.368,65.957
bucket_heuristic_recent,anterior,0.001,7300000,3650,2.037,65.581,65.286,65.875
bucket_heuristic_recent,anterior,0.001,7400000,3700,2.064,65.674,65.379,65.968
bucket_heuristic_recent,anterior,0.001,7500000,3750,2.092,65.644,65.349,65.938
bucket_heuristic_recent,anterior,0.001,7600000,3800,2.12,65.772,65.477,66.065
bucket_heuristic_recent,anterior,0.001,7700000,3850,2.148,65.428,65.133,65.722
bucket_heuristic_recent,anterior,0.001,7800000,3900,2.176,65.386,65.091,65.68
bucket_heuristic_recent,anterior,0.001,7900000,3950,2.204,65.494,65.199,65.788
bucket_heuristic_recent,anterior,0.001,8000000,4000,2.232,65.497,65.202,65.791
bucket_heuristic_recent,anterior,0.001,8100000,4050,2.259,65.318,65.022,65.612
bucket_heuristic_recent,anterior,0.001,8200000,4100,2.287,65.485,65.19,65.779
bucket_heuristic_recent,anterior,0.001,8300000,4150,2.315,65.503,65.208,65.797
bucket_heuristic_recent,anterior,0.001,8400000,4200,2.343,65.383,65.088,65.677
bucket_heuristic_recent,anterior,0.001,8500000,4250,2.37,65.315,65.019,65.609
bucket_heuristic_recent,anterior,0.001,8600000,4300,2.398,65.727,65.432,66.021
bucket_heuristic_recent,anterior,0.001,8700000,4350,2.426,65.301,65.005,65.595
bucket_heuristic_recent,anterior,0.001,8800000,4400,2.454,65.457,65.162,65.751
bucket_heuristic_recent,anterior,0.001,8900000,4450,2.482,65.588,65.293,65.882
bucket_heuristic_recent,anterior,0.001,9000000,4500,2.509,65.492,65.197,65.786
bucket_heuristic_recent,anterior,0.001,9100000,4550,2.537,65.419,65.124,65.713
bucket_heuristic_recent,anterior,0.001,9200000,4600,2.565,65.517,65.222,65.811
bucket_heuristic_recent,anterior,0.001,9300000,4650,2.593,65.479,65.184,65.773
bucket_heuristic_recent,anterior,0.001,9400000,4700,2.621,65.712,65.417,66.006
bucket_heuristic_recent,anterior,0.001,9500000,4750,2.649,65.615,65.32,65.909
bucket_heuristic_recent,anterior,0.001,9600000,4800,2.677,65.66,65.365,65.954
bucket_heuristic_recent,anterior,0.001,9700000,4850,2.704,65.638,65.343,65.932
bucket_heuristic_recent,anterior,0.001,9800000,4900,2.732,65.72,65.425,66.014
bucket_heuristic_recent,anterior,0.001,9900000,4950,2.76,65.678,65.383,65.972
bucket_heuristic_recent,anterior,0.001,10000000,5000,2.787,65.66,65.365,65.954
bucket_heuristic_recent,anterior,0.001,10100000,5050,2.815,65.647,65.352,65.941
bucket_heuristic_recent,anterior,0.001,10200000,5100,2.843,65.551,65.256,65.845
bucket_heuristic_recent,anterior,0.001,10300000,5150,2.871,65.265,64.969,65.56
bucket_heuristic_recent,anterior,0.001,10400000,5200,2.899,65.553,65.258,65.847
bucket_heuristic_recent,anterior,0.001,10500000,5250,2.926,65.493,65.198,65.787
bucket_heuristic_recent,anterior,0.001,10600000,5300,2.954,65.637,65.342,65.931
bucket_heuristic_recent,anterior,0.001,10700000,5350,2.982,65.779,65.484,66.072
bucket_heuristic_recent,anterior,0.001,10800000,5400,3.01,65.945,65.651,66.238
bucket_heuristic_recent,anterior,0.001,10900000,5450,3.038,65.82,65.525,66.113
bucket_heuristic_recent,anterior,0.001,11000000,5500,3.066,65.746,65.451,66.04
bucket_heuristic_recent,anterior,0.001,11100000,5550,3.094,65.775,65.48,66.068
bucket_heuristic_recent,anterior,0.001,11200000,5600,3.121,65.698,65.403,65.992
bucket_heuristic_recent,anterior,0.001,11300000,5650,3.149,65.813,65.518,66.106
bucket_heuristic_recent,anterior,0.001,11400000,5700,3.177,65.786,65.491,66.079
bucket_heuristic_recent,anterior,0.001,11500000,5750,3.205,65.53,65.235,65.824
bucket_heuristic_recent,anterior,0.001,11600000,5800,3.233,65.758,65.463,66.051
bucket_heuristic_recent,anterior,0.001,11700000,5850,3.261,65.761,65.466,66.054
bucket_heuristic_recent,anterior,0.001,11800000,5900,3.288,65.728,65.433,66.022
bucket_heuristic_recent,anterior,0.001,11900000,5950,3.316,65.662,65.367,65.956
bucket_heuristic_recent,anterior,0.001,12000000,6000,3.344,65.511,65.216,65.805
bucket_heuristic_recent,anterior,0.001,12100000,6050,3.372,65.556,65.261,65.85
bucket_heuristic_recent,anterior,0.001,12200000,6100,3.399,65.647,65.352,65.941
bucket_heuristic_recent,anterior,0.001,12300000,6150,3.427,65.805,65.51,66.098
bucket_heuristic_recent,anterior,0.001,12400000,6200,3.455,65.742,65.447,66.036
bucket_heuristic_recent,anterior,0.001,12500000,6250,3.483,65.642,65.347,65.936
bucket_heuristic_recent,anterior,0.001,12600000,6300,3.511,65.936,65.642,66.229
bucket_heuristic_recent,anterior,0.001,12700000,6350,3.539,65.939,65.645,66.232
bucket_heuristic_recent,anterior,0.001,12800000,6400,3.567,65.894,65.6,66.187
bucket_heuristic_recent,anterior,0.001,12900000,6450,3.594,65.981,65.687,66.274
bucket_heuristic_recent,anterior,0.001,13000000,6500,3.622,65.897,65.603,66.19
bucket_heuristic_recent,anterior,0.001,13100000,6550,3.65,66.067,65.773,66.36
bucket_heuristic_recent,anterior,0.001,13200000,6600,3.678,65.813,65.518,66.106
bucket_heuristic_recent,anterior,0.001,13300000,6650,3.705,65.589,65.294,65.883
bucket_heuristic_recent,anterior,0.001,13400000,6700,3.733,65.803,65.508,66.096
bucket_heuristic_recent,anterior,0.001,13500000,6750,3.761,65.765,65.47,66.058
bucket_heuristic_recent,anterior,0.001,13600000,6800,3.789,66.018,65.724,66.311
bucket_heuristic_recent,anterior,0.001,13700000,6850,3.817,65.938,65.644,66.231
bucket_heuristic_recent,anterior,0.001,13800000,6900,3.844,65.835,65.54,66.128
bucket_heuristic_recent,anterior,0.001,13900000,6950,3.872,65.732,65.437,66.026
bucket_heuristic_recent,anterior,0.001,14000000,7000,3.9,65.583,65.288,65.877
bucket_heuristic_recent,anterior,0.001,14100000,7050,3.928,65.687,65.392,65.981
bucket_heuristic_recent,anterior,0.001,14200000,7100,3.956,65.987,65.693,66.28
bucket_heuristic_recent,anterior,0.001,14300000,7150,3.983,65.784,65.489,66.077
bucket_heuristic_recent,anterior,0.001,14400000,7200,4.011,65.82,65.525,66.113
bucket_heuristic_recent,anterior,0.001,14500000,7250,4.039,65.853,65.558,66.146
bucket_heuristic_recent,anterior,0.001,14600000,7300,4.067,65.844,65.549,66.137
bucket_heuristic_recent,anterior,0.001,14700000,7350,4.095,65.927,65.633,66.22
bucket_heuristic_recent,anterior,0.001,14800000,7400,4.123,65.963,65.669,66.256
bucket_heuristic_recent,anterior,0.001,14900000,7450,4.151,65.781,65.486,66.074
bucket_heuristic_recent,anterior,0.001,15000000,7500,4.178,65.869,65.575,66.162
bucket_heuristic_recent,anterior,0.001,15100000,7550,4.206,65.759,65.464,66.052
bucket_heuristic_recent,anterior,0.001,15200000,7600,4.234,65.687,65.392,65.981
bucket_heuristic_recent,anterior,0.001,15300000,7650,4.262,65.818,65.523,66.111
bucket_heuristic_recent,anterior,0.001,15400000,7700,4.289,65.821,65.526,66.114
bucket_heuristic_recent,anterior,0.001,15500000,7750,4.317,65.671,65.376,65.965
bucket_heuristic_recent,anterior,0.001,15600000,7800,4.345,65.758,65.463,66.051
bucket_heuristic_recent,anterior,0.001,15700000,7850,4.373,65.843,65.548,66.136
bucket_heuristic_recent,anterior,0.001,15800000,7900,4.401,65.832,65.537,66.125
bucket_heuristic_recent,anterior,0.001,15900000,7950,4.429,65.985,65.691,66.278
bucket_heuristic_recent,anterior,0.001,16000000,8000,4.457,65.919,65.625,66.212
bucket_heuristic_recent,anterior,0.001,16100000,8050,4.485,65.83,65.535,66.123
bucket_heuristic_recent,anterior,0.001,16200000,8100,4.513,65.676,65.381,65.97
bucket_heuristic_recent,anterior,0.001,16300000,8150,4.543,65.837,65.542,66.13
bucket_heuristic_recent,anterior,0.001,16400000,8200,4.572,65.949,65.655,66.242
bucket_heuristic_recent,anterior,0.001,16500000,8250,4.601,65.722,65.427,66.016
bucket_heuristic_recent,anterior,0.001,16600000,8300,4.629,66.001,65.707,66.294
bucket_heuristic_recent,anterior,0.001,16700000,8350,4.656,65.808,65.513,66.101
bucket_heuristic_recent,anterior,0.001,16800000,8400,4.685,65.846,65.551,66.139
bucket_heuristic_recent,anterior,0.001,16900000,8450,4.713,65.888,65.594,66.181
bucket_heuristic_recent,anterior,0.001,17000000,8500,4.742,65.883,65.589,66.176
bucket_heuristic_recent,anterior,0.001,17100000,8550,4.773,66.014,65.72,66.307
bucket_heuristic_recent,anterior,0.001,17200000,8600,4.803,65.963,65.669,66.256
bucket_heuristic_recent,anterior,0.001,17300000,8650,4.834,65.867,65.573,66.16
bucket_heuristic_recent,anterior,0.001,17400000,8700,4.864,65.934,65.64,66.227
bucket_heuristic_recent,anterior,0.001,17500000,8750,4.893,65.887,65.593,66.18
bucket_heuristic_recent,anterior,0.001,17600000,8800,4.924,65.694,65.399,65.988
bucket_heuristic_recent,anterior,0.001,17700000,8850,4.951,65.803,65.508,66.096
bucket_heuristic_recent,anterior,0.001,17800000,8900,4.979,65.803,65.508,66.096
bucket_heuristic_recent,anterior,0.001,17900000,8950,5.007,65.897,65.603,66.19
bucket_heuristic_recent,anterior,0.001,18000000,9000,5.037,65.773,65.478,66.066
bucket_heuristic_recent,anterior,0.001,18100000,9050,5.068,65.792,65.497,66.085
bucket_heuristic_recent,anterior,0.001,18200000,9100,5.099,65.771,65.476,66.064
baseline_zero,anterior,0.001,0,0,0.009,62.631,62.331,62.93
baseline_zero,anterior,0.001,100000,50,0.036,63.631,63.332,63.929
baseline_zero,anterior,0.001,200000,100,0.063,64.158,63.86,64.455
baseline_zero,anterior,0.001,300000,150,0.091,64.288,63.99,64.584
baseline_zero,anterior,0.001,400000,200,0.118,64.287,63.989,64.583
baseline_zero,anterior,0.001,500000,250,0.146,64.496,64.199,64.792
baseline_zero,anterior,0.001,600000,300,0.173,64.227,63.929,64.524
baseline_zero,anterior,0.001,700000,350,0.2,64.641,64.344,64.937
baseline_zero,anterior,0.001,800000,400,0.227,64.751,64.454,65.047
baseline_zero,anterior,0.001,900000,450,0.254,64.528,64.231,64.824
baseline_zero,anterior,0.001,1000000,500,0.282,64.461,64.164,64.757
baseline_zero,anterior,0.001,1100000,550,0.31,64.624,64.327,64.92
baseline_zero,anterior,0.001,1200000,600,0.337,64.722,64.425,65.018
baseline_zero,anterior,0.001,1300000,650,0.364,64.565,64.268,64.861
baseline_zero,anterior,0.001,1400000,700,0.392,64.483,64.186,64.779
baseline_zero,anterior,0.001,1500000,750,0.419,64.608,64.311,64.904
baseline_zero,anterior,0.001,1600000,800,0.446,64.624,64.327,64.92
baseline_zero,anterior,0.001,1700000,850,0.474,64.764,64.467,65.06
baseline_zero,anterior,0.001,1800000,900,0.502,64.65,64.353,64.946
baseline_zero,anterior,0.001,1900000,950,0.529,64.819,64.522,65.114
baseline_zero,anterior,0.001,2000000,1000,0.557,65.055,64.759,65.35
baseline_zero,anterior,0.001,2100000,1050,0.584,64.848,64.552,65.143
baseline_zero,anterior,0.001,2200000,1100,0.611,64.802,64.505,65.097
baseline_zero,anterior,0.001,2300000,1150,0.638,65.187,64.891,65.482
baseline_zero,anterior,0.001,2400000,1200,0.665,65.034,64.738,65.329
baseline_zero,anterior,0.001,2500000,1250,0.693,65.019,64.723,65.314
baseline_zero,anterior,0.001,2600000,1300,0.72,64.952,64.656,65.247
baseline_zero,anterior,0.001,2700000,1350,0.747,65.144,64.848,65.439
baseline_zero,anterior,0.001,2800000,1400,0.774,64.999,64.703,65.294
baseline_zero,anterior,0.001,2900000,1450,0.802,64.968,64.672,65.263
baseline_zero,anterior,0.001,3000000,1500,0.829,65.103,64.807,65.398
baseline_zero,anterior,0.001,3100000,1550,0.856,65.113,64.817,65.408
baseline_zero,anterior,0.001,3200000,1600,0.883,65.094,64.798,65.389
baseline_zero,anterior,0.001,3300000,1650,0.911,65.059,64.763,65.354
baseline_zero,anterior,0.001,3400000,1700,0.938,65.107,64.811,65.402
baseline_zero,anterior,0.001,3500000,1750,0.965,65.085,64.789,65.38
baseline_zero,anterior,0.001,3600000,1800,0.993,65.304,65.008,65.598
baseline_zero,anterior,0.001,3700000,1850,1.02,65.194,64.898,65.489
baseline_zero,anterior,0.001,3800000,1900,1.047,65.244,64.948,65.539
baseline_zero,anterior,0.001,3900000,1950,1.074,65.31,65.014,65.604
baseline_zero,anterior,0.001,4000000,2000,1.101,65.125,64.829,65.42
baseline_zero,anterior,0.001,4100000,2050,1.128,65.164,64.868,65.459
baseline_zero,anterior,0.001,4200000,2100,1.155,65.32,65.024,65.614
baseline_zero,anterior,0.001,4300000,2150,1.182,65.254,64.958,65.549
baseline_zero,anterior,0.001,4400000,2200,1.209,65.531,65.236,65.825
baseline_zero,anterior,0.001,4500000,2250,1.237,65.363,65.068,65.657
baseline_zero,anterior,0.001,4600000,2300,1.265,65.378,65.083,65.672
baseline_zero,anterior,0.001,4700000,2350,1.293,65.22,64.924,65.515
baseline_zero,anterior,0.001,4800000,2400,1.322,65.036,64.74,65.331
baseline_zero,anterior,0.001,4900000,2450,1.35,65.227,64.931,65.522
baseline_zero,anterior,0.001,5000000,2500,1.378,65.216,64.92,65.511
baseline_zero,anterior,0.001,5100000,2550,1.407,65.156,64.86,65.451
baseline_zero,anterior,0.001,5200000,2600,1.435,65.424,65.129,65.718
baseline_zero,anterior,0.001,5300000,2650,1.463,65.29,64.994,65.584
baseline_zero,anterior,0.001,5400000,2700,1.491,65.263,64.967,65.558
baseline_zero,anterior,0.001,5500000,2750,1.519,65.545,65.25,65.839
baseline_zero,anterior,0.001,5600000,2800,1.547,65.251,64.955,65.546
baseline_zero,anterior,0.001,5700000,2850,1.576,65.401,65.106,65.695
baseline_zero,anterior,0.001,5800000,2900,1.604,65.435,65.14,65.729
baseline_zero,anterior,0.001,5900000,2950,1.632,65.493,65.198,65.787
baseline_zero,anterior,0.001,6000000,3000,1.661,65.493,65.198,65.787
baseline_zero,anterior,0.001,6100000,3050,1.689,65.372,65.077,65.666
baseline_zero,anterior,0.001,6200000,3100,1.718,65.377,65.082,65.671
baseline_zero,anterior,0.001,6300000,3150,1.747,65.162,64.866,65.457
baseline_zero,anterior,0.001,6400000,3200,1.774,65.372,65.077,65.666
baseline_zero,anterior,0.001,6500000,3250,1.801,65.52,65.225,65.814
baseline_zero,anterior,0.001,6600000,3300,1.828,65.429,65.134,65.723
baseline_zero,anterior,0.001,6700000,3350,1.855,65.488,65.193,65.782
baseline_zero,anterior,0.001,6800000,3400,1.882,65.519,65.224,65.813
baseline_zero,anterior,0.001,6900000,3450,1.908,65.338,65.042,65.632
baseline_zero,anterior,0.001,7000000,3500,1.935,65.533,65.238,65.827
baseline_zero,anterior,0.001,7100000,3550,1.963,65.642,65.347,65.936
baseline_zero,anterior,0.001,7200000,3600,1.99,65.615,65.32,65.909
baseline_zero,anterior,0.001,7300000,3650,2.017,65.495,65.2,65.789
baseline_zero,anterior,0.001,7400000,3700,2.044,65.668,65.373,65.962
baseline_zero,anterior,0.001,7500000,3750,2.071,65.681,65.386,65.975
baseline_zero,anterior,0.001,7600000,3800,2.098,65.682,65.387,65.976
baseline_zero,anterior,0.001,7700000,3850,2.125,65.41,65.115,65.704
baseline_zero,anterior,0.001,7800000,3900,2.152,65.324,65.028,65.618
baseline_zero,anterior,0.001,7900000,3950,2.179,65.404,65.109,65.698
baseline_zero,anterior,0.001,8000000,4000,2.206,65.409,65.114,65.703
baseline_zero,anterior,0.001,8100000,4050,2.233,65.474,65.179,65.768
baseline_zero,anterior,0.001,8200000,4100,2.26,65.393,65.098,65.687
baseline_zero,anterior,0.001,8300000,4150,2.287,65.411,65.116,65.705
baseline_zero,anterior,0.001,8400000,4200,2.314,65.273,64.977,65.567
baseline_zero,anterior,0.001,8500000,4250,2.341,65.49,65.195,65.784
baseline_zero,anterior,0.001,8600000,4300,2.368,65.437,65.142,65.731
baseline_zero,anterior,0.001,8700000,4350,2.396,65.528,65.233,65.822
baseline_zero,anterior,0.001,8800000,4400,2.423,65.608,65.313,65.902
baseline_zero,anterior,0.001,8900000,4450,2.449,65.571,65.276,65.865
baseline_zero,anterior,0.001,9000000,4500,2.476,65.401,65.106,65.695
baseline_zero,anterior,0.001,9100000,4550,2.504,65.519,65.224,65.813
baseline_zero,anterior,0.001,9200000,4600,2.53,65.762,65.467,66.055
baseline_zero,anterior,0.001,9300000,4650,2.558,65.674,65.379,65.968
baseline_zero,anterior,0.001,9400000,4700,2.585,65.782,65.487,66.075
baseline_zero,anterior,0.001,9500000,4750,2.612,65.53,65.235,65.824
baseline_zero,anterior,0.001,9600000,4800,2.639,65.629,65.334,65.923
baseline_zero,anterior,0.001,9700000,4850,2.666,65.737,65.442,66.031
baseline_zero,anterior,0.001,9800000,4900,2.693,65.798,65.503,66.091
baseline_zero,anterior,0.001,9900000,4950,2.72,65.609,65.314,65.903
baseline_zero,anterior,0.001,10000000,5000,2.746,65.664,65.369,65.958
baseline_zero,anterior,0.001,10100000,5050,2.773,65.815,65.52,66.108
baseline_zero,anterior,0.001,10200000,5100,2.8,65.634,65.339,65.928
baseline_zero,anterior,0.001,10300000,5150,2.827,65.419,65.124,65.713
baseline_zero,anterior,0.001,10400000,5200,2.853,65.52,65.225,65.814
baseline_zero,anterior,0.001,10500000,5250,2.88,65.677,65.382,65.971
baseline_zero,anterior,0.001,10600000,5300,2.907,65.589,65.294,65.883
baseline_zero,anterior,0.001,10700000,5350,2.935,65.777,65.482,66.07
baseline_zero,anterior,0.001,10800000,5400,2.965,65.723,65.428,66.017
baseline_zero,anterior,0.001,10900000,5450,2.994,65.664,65.369,65.958
baseline_zero,anterior,0.001,11000000,5500,3.022,65.674,65.379,65.968
baseline_zero,anterior,0.001,11100000,5550,3.05,65.695,65.4,65.989
baseline_zero,anterior,0.001,11200000,5600,3.078,65.81,65.515,66.103
baseline_zero,anterior,0.001,11300000,5650,3.106,65.816,65.521,66.109
baseline_zero,anterior,0.001,11400000,5700,3.134,65.735,65.44,66.029
baseline_zero,anterior,0.001,11500000,5750,3.164,65.391,65.096,65.685
baseline_zero,anterior,0.001,11600000,5800,3.194,65.748,65.453,66.042
baseline_zero,anterior,0.001,11700000,5850,3.223,65.593,65.298,65.887
baseline_zero,anterior,0.001,11800000,5900,3.253,65.67,65.375,65.964
baseline_zero,anterior,0.001,11900000,5950,3.281,65.772,65.477,66.065
baseline_zero,anterior,0.001,12000000,6000,3.31,65.628,65.333,65.922
baseline_zero,anterior,0.001,12100000,6050,3.339,65.589,65.294,65.883
baseline_zero,anterior,0.001,12200000,6100,3.372,65.676,65.381,65.97
baseline_zero,anterior,0.001,12300000,6150,3.402,65.801,65.506,66.094
baseline_zero,anterior,0.001,12400000,6200,3.431,65.838,65.543,66.131
baseline_zero,anterior,0.001,12500000,6250,3.46,65.601,65.306,65.895
baseline_zero,anterior,0.001,12600000,6300,3.488,65.959,65.665,66.252
baseline_zero,anterior,0.001,12700000,6350,3.517,65.683,65.388,65.977
baseline_zero,anterior,0.001,12800000,6400,3.546,65.846,65.551,66.139
baseline_zero,anterior,0.001,12900000,6450,3.574,65.777,65.482,66.07
baseline_zero,anterior,0.001,13000000,6500,3.605,65.684,65.389,65.978
baseline_zero,anterior,0.001,13100000,6550,3.634,65.809,65.514,66.102
baseline_zero,anterior,0.001,13200000,6600,3.662,65.646,65.351,65.94
baseline_zero,anterior,0.001,13300000,6650,3.691,65.676,65.381,65.97
baseline_zero,anterior,0.001,13400000,6700,3.719,65.717,65.422,66.011
baseline_zero,anterior,0.001,13500000,6750,3.748,65.661,65.366,65.955
baseline_zero,anterior,0.001,13600000,6800,3.776,65.778,65.483,66.071
baseline_zero,anterior,0.001,13700000,6850,3.804,65.944,65.65,66.237
baseline_zero,anterior,0.001,13800000,6900,3.833,65.777,65.482,66.07
baseline_zero,anterior,0.001,13900000,6950,3.861,65.832,65.537,66.125
baseline_zero,anterior,0.001,14000000,7000,3.89,65.737,65.442,66.031
baseline_zero,anterior,0.001,14100000,7050,3.918,65.512,65.217,65.806
baseline_zero,anterior,0.001,14200000,7100,3.946,65.808,65.513,66.101
baseline_zero,anterior,0.001,14300000,7150,3.974,65.635,65.34,65.929
baseline_zero,anterior,0.001,14400000,7200,4.003,65.862,65.568,66.155
baseline_zero,anterior,0.001,14500000,7250,4.031,65.868,65.574,66.161
baseline_zero,anterior,0.001,14600000,7300,4.06,65.861,65.566,66.154
baseline_zero,anterior,0.001,14700000,7350,4.09,65.701,65.406,65.995
baseline_zero,anterior,0.001,14800000,7400,4.12,65.87,65.576,66.163
baseline_zero,anterior,0.001,14900000,7450,4.151,65.873,65.579,66.166
baseline_zero,anterior,0.001,15000000,7500,4.184,65.801,65.506,66.094
baseline_zero,anterior,0.001,15100000,7550,4.215,65.763,65.468,66.056
baseline_zero,anterior,0.001,15200000,7600,4.247,65.925,65.631,66.218
baseline_zero,anterior,0.001,15300000,7650,4.277,65.95,65.656,66.243
baseline_zero,anterior,0.001,15400000,7700,4.305,65.96,65.666,66.253
baseline_zero,anterior,0.001,15500000,7750,4.336,65.624,65.329,65.918
baseline_zero,anterior,0.001,15600000,7800,4.365,65.924,65.63,66.217
baseline_zero,anterior,0.001,15700000,7850,4.395,65.762,65.467,66.055
baseline_zero,anterior,0.001,15800000,7900,4.426,65.828,65.533,66.121
baseline_zero,anterior,0.001,15900000,7950,4.455,65.935,65.641,66.228
baseline_zero,anterior,0.001,16000000,8000,4.484,65.909,65.615,66.202
baseline_zero,anterior,0.001,16100000,8050,4.515,65.713,65.418,66.007
baseline_zero,anterior,0.001,16200000,8100,4.543,65.73,65.435,66.024
baseline_zero,anterior,0.001,16300000,8150,4.575,65.891,65.597,66.184
baseline_zero,anterior,0.001,16400000,8200,4.605,65.773,65.478,66.066
baseline_zero,anterior,0.001,16500000,8250,4.633,65.753,65.458,66.047
baseline_zero,anterior,0.001,16600000,8300,4.66,66.238,65.944,66.53
baseline_zero,anterior,0.001,16700000,8350,4.686,65.935,65.641,66.228
baseline_zero,anterior,0.001,16800000,8400,4.713,65.653,65.358,65.947
baseline_zero,anterior,0.001,16900000,8450,4.74,65.876,65.582,66.169
baseline_zero,anterior,0.001,17000000,8500,4.767,66.031,65.737,66.324
baseline_zero,anterior,0.001,17100000,8550,4.794,65.932,65.638,66.225
baseline_zero,anterior,0.001,17200000,8600,4.821,65.75,65.455,66.044
baseline_zero,anterior,0.001,17300000,8650,4.848,65.721,65.426,66.015
baseline_zero,anterior,0.001,17400000,8700,4.875,65.843,65.548,66.136
baseline_zero,anterior,0.001,17500000,8750,4.903,65.686,65.391,65.98
baseline_zero,anterior,0.001,17600000,8800,4.93,65.758,65.463,66.051
baseline_zero,anterior,0.001,17700000,8850,4.957,65.813,65.518,66.106
baseline_zero,anterior,0.001,17800000,8900,4.984,65.845,65.55,66.138
baseline_zero,anterior,0.001,17900000,8950,5.012,65.997,65.703,66.29
baseline_zero,anterior,0.001,18000000,9000,5.04,65.855,65.56,66.148
bucket_all,anterior,0.001,0,0,0.008,62.631,62.331,62.93
bucket_all,anterior,0.001,100000,50,0.054,63.957,63.659,64.254
bucket_all,anterior,0.001,200000,100,0.1,63.917,63.619,64.214
bucket_all,anterior,0.001,300000,150,0.147,64.432,64.135,64.728
bucket_all,anterior,0.001,400000,200,0.193,64.479,64.182,64.775
bucket_all,anterior,0.001,500000,250,0.239,64.312,64.015,64.608
bucket_all,anterior,0.001,600000,300,0.286,64.175,63.877,64.472
bucket_all,anterior,0.001,700000,350,0.333,64.436,64.139,64.732
bucket_all,anterior,0.001,800000,400,0.38,64.67,64.373,64.966
bucket_all,anterior,0.001,900000,450,0.428,64.494,64.197,64.79
bucket_all,anterior,0.001,1000000,500,0.475,64.405,64.108,64.701
bucket_all,anterior,0.001,1100000,550,0.522,64.567,64.27,64.863
bucket_all,anterior,0.001,1200000,600,0.57,64.666,64.369,64.962
bucket_all,anterior,0.001,1300000,650,0.618,64.713,64.416,65.009
bucket_all,anterior,0.001,1400000,700,0.665,64.742,64.445,65.038
bucket_all,anterior,0.001,1500000,750,0.712,64.559,64.262,64.855
bucket_all,anterior,0.001,1600000,800,0.76,64.732,64.435,65.028
bucket_all,anterior,0.001,1700000,850,0.808,64.738,64.441,65.034
bucket_all,anterior,0.001,1800000,900,0.855,65.0,64.704,65.295
bucket_all,anterior,0.001,1900000,950,0.902,64.652,64.355,64.948
bucket_all,anterior,0.001,2000000,1000,0.95,64.86,64.564,65.155
bucket_all,anterior,0.001,2100000,1050,0.997,64.676,64.379,64.972
bucket_all,anterior,0.001,2200000,1100,1.044,64.888,64.592,65.183
bucket_all,anterior,0.001,2300000,1150,1.092,65.069,64.773,65.364
bucket_all,anterior,0.001,2400000,1200,1.139,64.469,64.172,64.765
bucket_all,anterior,0.001,2500000,1250,1.186,64.749,64.452,65.045
bucket_all,anterior,0.001,2600000,1300,1.234,64.525,64.228,64.821
bucket_all,anterior,0.001,2700000,1350,1.281,64.943,64.647,65.238
bucket_all,anterior,0.001,2800000,1400,1.328,64.854,64.558,65.149
bucket_all,anterior,0.001,2900000,1450,1.376,65.086,64.79,65.381
bucket_all,anterior,0.001,3000000,1500,1.423,65.301,65.005,65.595
bucket_all,anterior,0.001,3100000,1550,1.471,65.215,64.919,65.51
bucket_all,anterior,0.001,3200000,1600,1.518,65.076,64.78,65.371
bucket_all,anterior,0.001,3300000,1650,1.565,65.128,64.832,65.423
bucket_all,anterior,0.001,3400000,1700,1.613,65.051,64.755,65.346
bucket_all,anterior,0.001,3500000,1750,1.66,65.189,64.893,65.484
bucket_all,anterior,0.001,3600000,1800,1.707,65.229,64.933,65.524
bucket_all,anterior,0.001,3700000,1850,1.754,65.146,64.85,65.441
bucket_all,anterior,0.001,3800000,1900,1.801,65.281,64.985,65.575
bucket_all,anterior,0.001,3900000,1950,1.849,65.162,64.866,65.457
bucket_all,anterior,0.001,4000000,2000,1.896,65.171,64.875,65.466
bucket_all,anterior,0.001,4100000,2050,1.944,64.935,64.639,65.23
bucket_all,anterior,0.001,4200000,2100,1.991,65.323,65.027,65.617
bucket_all,anterior,0.001,4300000,2150,2.038,65.313,65.017,65.607
bucket_all,anterior,0.001,4400000,2200,2.085,65.215,64.919,65.51
bucket_all,anterior,0.001,4500000,2250,2.132,65.126,64.83,65.421
bucket_all,anterior,0.001,4600000,2300,2.18,65.165,64.869,65.46
bucket_all,anterior,0.001,4700000,2350,2.227,65.396,65.101,65.69
bucket_all,anterior,0.001,4800000,2400,2.275,65.229,64.933,65.524
bucket_all,anterior,0.001,4900000,2450,2.322,65.276,64.98,65.57
bucket_all,anterior,0.001,5000000,2500,2.369,65.338,65.042,65.632
bucket_all,anterior,0.001,5100000,2550,2.417,65.387,65.092,65.681
bucket_all,anterior,0.001,5200000,2600,2.464,65.33,65.034,65.624
bucket_all,anterior,0.001,5300000,2650,2.511,65.192,64.896,65.487
bucket_all,anterior,0.001,5400000,2700,2.558,65.206,64.91,65.501
bucket_all,anterior,0.001,5500000,2750,2.606,65.445,65.15,65.739
bucket_all,anterior,0.001,5600000,2800,2.653,65.435,65.14,65.729
bucket_all,anterior,0.001,5700000,2850,2.7,65.499,65.204,65.793
bucket_all,anterior,0.001,5800000,2900,2.748,65.263,64.967,65.558
bucket_all,anterior,0.001,5900000,2950,2.795,65.1,64.804,65.395
bucket_all,anterior,0.001,6000000,3000,2.842,65.463,65.168,65.757
bucket_all,anterior,0.001,6100000,3050,2.889,65.395,65.1,65.689
bucket_all,anterior,0.001,6200000,3100,2.937,65.409,65.114,65.703
bucket_all,anterior,0.001,6300000,3150,2.984,65.29,64.994,65.584
bucket_all,anterior,0.001,6400000,3200,3.031,65.277,64.981,65.571
bucket_all,anterior,0.001,6500000,3250,3.079,65.278,64.982,65.572
bucket_all,anterior,0.001,6600000,3300,3.126,65.356,65.06,65.65
bucket_all,anterior,0.001,6700000,3350,3.173,65.433,65.138,65.727
bucket_all,anterior,0.001,6800000,3400,3.221,65.373,65.078,65.667
bucket_all,anterior,0.001,6900000,3450,3.268,65.316,65.02,65.61
bucket_all,anterior,0.001,7000000,3500,3.315,65.472,65.177,65.766
bucket_all,anterior,0.001,7100000,3550,3.362,65.44,65.145,65.734
bucket_all,anterior,0.001,7200000,3600,3.41,65.246,64.95,65.541
bucket_all,anterior,0.001,7300000,3650,3.457,65.403,65.108,65.697
bucket_all,anterior,0.001,7400000,3700,3.503,65.457,65.162,65.751
bucket_all,anterior,0.001,7500000,3750,3.551,65.415,65.12,65.709
bucket_all,anterior,0.001,7600000,3800,3.598,65.518,65.223,65.812
bucket_all,anterior,0.001,7700000,3850,3.645,65.506,65.211,65.8
bucket_all,anterior,0.001,7800000,3900,3.692,65.311,65.015,65.605
bucket_all,anterior,0.001,7900000,3950,3.739,65.331,65.035,65.625
bucket_all,anterior,0.001,8000000,4000,3.786,65.438,65.143,65.732
bucket_all,anterior,0.001,8100000,4050,3.833,65.37,65.075,65.664
bucket_all,anterior,0.001,8200000,4100,3.881,65.409,65.114,65.703
bucket_all,anterior,0.001,8300000,4150,3.928,65.481,65.186,65.775
bucket_all,anterior,0.001,8400000,4200,3.976,65.382,65.087,65.676
bucket_all,anterior,0.001,8500000,4250,4.023,65.32,65.024,65.614
bucket_all,anterior,0.001,8600000,4300,4.07,65.262,64.966,65.557
bucket_all,anterior,0.001,8700000,4350,4.118,65.532,65.237,65.826
bucket_all,anterior,0.001,8800000,4400,4.165,65.555,65.26,65.849
bucket_all,anterior,0.001,8900000,4450,4.213,65.614,65.319,65.908
bucket_all,anterior,0.001,9000000,4500,4.26,65.426,65.131,65.72
bucket_all,anterior,0.001,9100000,4550,4.308,65.434,65.139,65.728
bucket_all,anterior,0.001,9200000,4600,4.355,65.688,65.393,65.982
bucket_all,anterior,0.001,9300000,4650,4.402,65.861,65.566,66.154
bucket_all,anterior,0.001,9400000,4700,4.45,65.584,65.289,65.878
bucket_all,anterior,0.001,9500000,4750,4.497,65.648,65.353,65.942
bucket_all,anterior,0.001,9600000,4800,4.544,65.684,65.389,65.978
bucket_all,anterior,0.001,9700000,4850,4.592,65.407,65.112,65.701
bucket_all,anterior,0.001,9800000,4900,4.64,65.666,65.371,65.96
bucket_all,anterior,0.001,9900000,4950,4.687,65.396,65.101,65.69
bucket_all,anterior,0.001,10000000,5000,4.734,65.734,65.439,66.028
bucket_all,anterior,0.001,10100000,5050,4.782,65.628,65.333,65.922
bucket_all,anterior,0.001,10200000,5100,4.829,65.704,65.409,65.998
bucket_all,anterior,0.001,10300000,5150,4.877,65.622,65.327,65.916
bucket_all,anterior,0.001,10400000,5200,4.924,65.495,65.2,65.789
bucket_all,anterior,0.001,10500000,5250,4.972,65.664,65.369,65.958
bucket_all,anterior,0.001,10600000,5300,5.02,65.742,65.447,66.036
bucket_all,anterior,0.001,10700000,5350,5.067,65.467,65.172,65.761
bucket_all,anterior,0.001,10800000,5400,5.115,65.822,65.527,66.115
bucket_all,anterior,0.001,10900000,5450,5.162,65.65,65.355,65.944
bucket_all,anterior,0.001,11000000,5500,5.209,65.514,65.219,65.808
bucket_all,anterior,0.001,11100000,5550,5.256,65.454,65.159,65.748
bucket_all,anterior,0.001,11200000,5600,5.304,65.523,65.228,65.817
bucket_all,anterior,0.001,11300000,5650,5.351,65.591,65.296,65.885
bucket_all,anterior,0.001,11400000,5700,5.399,65.47,65.175,65.764
bucket_all,anterior,0.001,11500000,5750,5.446,65.406,65.111,65.7
bucket_all,anterior,0.001,11600000,5800,5.494,65.74,65.445,66.034
bucket_all,anterior,0.001,11700000,5850,5.541,65.75,65.455,66.044
bucket_all,anterior,0.001,11800000,5900,5.589,65.604,65.309,65.898
bucket_all,anterior,0.001,11900000,5950,5.636,65.707,65.412,66.001
bucket_all,anterior,0.001,12000000,6000,5.684,65.592,65.297,65.886
bucket_all,anterior,0.001,12100000,6050,5.731,65.518,65.223,65.812
bucket_all,anterior,0.001,12200000,6100,5.779,65.809,65.514,66.102
bucket_all,anterior,0.001,12300000,6150,5.826,65.712,65.417,66.006
bucket_all,anterior,0.001,12400000,6200,5.874,65.718,65.423,66.012
bucket_all,anterior,0.001,12500000,6250,5.921,65.778,65.483,66.071
bucket_all,anterior,0.001,12600000,6300,5.969,65.772,65.477,66.065
bucket_all,anterior,0.001,12700000,6350,6.017,65.793,65.498,66.086
d6_maxwr_lr032,atual,0.032,0,0,0.009,62.631,62.331,62.93
d6_maxwr_lr032,atual,0.032,100000,50,0.029,63.094,62.794,63.393
d6_maxwr_lr032,atual,0.032,200000,100,0.049,62.556,62.256,62.855
d6_maxwr_lr032,atual,0.032,300000,150,0.07,63.045,62.745,63.344
d6_maxwr_lr032,atual,0.032,400000,200,0.092,62.843,62.543,63.142
d6_maxwr_lr032,atual,0.032,500000,250,0.114,62.615,62.315,62.914
d6_maxwr_lr032,atual,0.032,600000,300,0.137,63.336,63.037,63.634
d6_maxwr_lr032,atual,0.032,700000,350,0.159,63.766,63.468,64.063
d6_maxwr_lr032,atual,0.032,800000,400,0.181,63.329,63.03,63.627
d6_maxwr_lr032,atual,0.032,900000,450,0.204,63.435,63.136,63.733
d6_maxwr_lr032,atual,0.032,1000000,500,0.227,63.205,62.906,63.503
d6_maxwr_lr032,atual,0.032,1100000,550,0.249,63.234,62.935,63.532
d6_maxwr_lr032,atual,0.032,1200000,600,0.273,63.366,63.067,63.664
d6_maxwr_lr032,atual,0.032,1300000,650,0.297,63.792,63.494,64.089
d6_maxwr_lr032,atual,0.032,1400000,700,0.322,63.725,63.426,64.022
d6_maxwr_lr032,atual,0.032,1500000,750,0.345,63.746,63.448,64.043
d6_maxwr_lr032,atual,0.032,1600000,800,0.366,63.358,63.059,63.656
d6_maxwr_lr032,atual,0.032,1700000,850,0.388,63.572,63.273,63.87
d6_maxwr_lr032,atual,0.032,1800000,900,0.41,63.746,63.448,64.043
d6_maxwr_lr032,atual,0.032,1900000,950,0.432,63.837,63.539,64.134
d6_maxwr_lr032,atual,0.032,2000000,1000,0.454,63.573,63.274,63.871
d6_maxwr_lr032,atual,0.032,2100000,1050,0.476,63.782,63.484,64.079
d6_maxwr_lr032,atual,0.032,2200000,1100,0.505,64.211,63.913,64.508
d6_maxwr_lr032,atual,0.032,2300000,1150,0.539,63.576,63.277,63.874
d6_maxwr_lr032,atual,0.032,2400000,1200,0.563,63.881,63.583,64.178
d6_maxwr_lr032,atual,0.032,2500000,1250,0.587,63.917,63.619,64.214
d6_maxwr_lr032,atual,0.032,2600000,1300,0.612,64.101,63.803,64.398
d6_maxwr_lr032,atual,0.032,2700000,1350,0.637,64.067,63.769,64.364
d6_maxwr_lr032,atual,0.032,2800000,1400,0.662,63.824,63.526,64.121
d6_maxwr_lr032,atual,0.032,2900000,1450,0.687,64.193,63.895,64.49
d6_maxwr_lr032,atual,0.032,3000000,1500,0.713,63.976,63.678,64.273
d6_maxwr_lr032,atual,0.032,3100000,1550,0.739,63.892,63.594,64.189
d6_maxwr_lr032,atual,0.032,3200000,1600,0.765,63.979,63.681,64.276
d6_maxwr_lr032,atual,0.032,3300000,1650,0.79,64.245,63.947,64.542
d6_maxwr_lr032,atual,0.032,3400000,1700,0.816,64.056,63.758,64.353
d6_maxwr_lr032,atual,0.032,3500000,1750,0.842,63.76,63.462,64.057
d6_maxwr_lr032,atual,0.032,3600000,1800,0.869,63.848,63.55,64.145
d6_maxwr_lr032,atual,0.032,3700000,1850,0.895,63.955,63.657,64.252
d6_maxwr_lr032,atual,0.032,3800000,1900,0.922,63.95,63.652,64.247
d6_maxwr_lr032,atual,0.032,3900000,1950,0.949,63.808,63.51,64.105
d6_maxwr_lr032,atual,0.032,4000000,2000,0.976,63.855,63.557,64.152
d6_maxwr_lr032,atual,0.032,4100000,2050,1.003,63.929,63.631,64.226
d6_maxwr_lr032,atual,0.032,4200000,2100,1.03,63.833,63.535,64.13
d6_maxwr_lr032,atual,0.032,4300000,2150,1.057,63.937,63.639,64.234
d6_maxwr_lr032,atual,0.032,4400000,2200,1.084,63.975,63.677,64.272
d6_maxwr_lr032,atual,0.032,4500000,2250,1.112,63.692,63.393,63.99
d6_maxwr_lr032,atual,0.032,4600000,2300,1.139,64.227,63.929,64.524
d6_maxwr_lr032,atual,0.032,4700000,2350,1.166,63.841,63.543,64.138
d6_maxwr_lr032,atual,0.032,4800000,2400,1.194,64.138,63.84,64.435
d6_maxwr_lr032,atual,0.032,4900000,2450,1.221,63.9,63.602,64.197
d6_maxwr_lr032,atual,0.032,5000000,2500,1.249,64.031,63.733,64.328
d6_maxwr_lr032,atual,0.032,5100000,2550,1.276,64.055,63.757,64.352
d6_maxwr_lr032,atual,0.032,5200000,2600,1.304,63.889,63.591,64.186
d6_maxwr_lr032,atual,0.032,5300000,2650,1.331,64.098,63.8,64.395
d6_maxwr_lr032,atual,0.032,5400000,2700,1.359,64.087,63.789,64.384
d6_maxwr_lr032,atual,0.032,5500000,2750,1.386,64.3,64.002,64.596
d6_maxwr_lr032,atual,0.032,5600000,2800,1.414,63.852,63.554,64.149
d6_maxwr_lr032,atual,0.032,5700000,2850,1.441,64.038,63.74,64.335
d6_maxwr_lr032,atual,0.032,5800000,2900,1.469,63.995,63.697,64.292
d6_maxwr_lr032,atual,0.032,5900000,2950,1.496,64.041,63.743,64.338
d6_maxwr_lr032,atual,0.032,6000000,3000,1.524,64.212,63.914,64.509
d6_maxwr_lr032,atual,0.032,6100000,3050,1.551,64.203,63.905,64.5
d6_maxwr_lr032,atual,0.032,6200000,3100,1.579,63.839,63.541,64.136
d6_maxwr_lr032,atual,0.032,6300000,3150,1.607,64.207,63.909,64.504
d6_maxwr_lr032,atual,0.032,6400000,3200,1.634,63.86,63.562,64.157
d6_maxwr_lr032,atual,0.032,6500000,3250,1.662,63.922,63.624,64.219
d6_maxwr_lr032,atual,0.032,6600000,3300,1.689,64.104,63.806,64.401
d6_maxwr_lr032,atual,0.032,6700000,3350,1.717,64.111,63.813,64.408
d6_maxwr_lr032,atual,0.032,6800000,3400,1.744,64.334,64.037,64.63
d6_maxwr_lr032,atual,0.032,6900000,3450,1.772,64.123,63.825,64.42
d6_maxwr_lr032,atual,0.032,7000000,3500,1.799,64.293,63.995,64.589
d6_maxwr_lr032,atual,0.032,7100000,3550,1.827,64.188,63.89,64.485
d6_maxwr_lr032,atual,0.032,7200000,3600,1.854,64.482,64.185,64.778
d6_maxwr_lr032,atual,0.032,7300000,3650,1.882,64.305,64.008,64.601
d6_maxwr_lr032,atual,0.032,7400000,3700,1.909,63.987,63.689,64.284
d6_maxwr_lr032,atual,0.032,7500000,3750,1.937,64.443,64.146,64.739
d6_maxwr_lr032,atual,0.032,7600000,3800,1.964,64.227,63.929,64.524
d6_maxwr_lr032,atual,0.032,7700000,3850,1.992,64.189,63.891,64.486
d6_maxwr_lr032,atual,0.032,7800000,3900,2.019,64.27,63.972,64.566
d6_maxwr_lr032,atual,0.032,7900000,3950,2.047,64.198,63.9,64.495
d6_maxwr_lr032,atual,0.032,8000000,4000,2.074,64.282,63.984,64.578
d6_maxwr_lr032,atual,0.032,8100000,4050,2.102,64.298,64.0,64.594
d6_maxwr_lr032,atual,0.032,8200000,4100,2.129,64.05,63.752,64.347
d6_maxwr_lr032,atual,0.032,8300000,4150,2.157,64.109,63.811,64.406
d6_maxwr_lr032,atual,0.032,8400000,4200,2.184,64.303,64.006,64.599
d6_maxwr_lr032,atual,0.032,8500000,4250,2.212,64.506,64.209,64.802
d6_maxwr_lr032,atual,0.032,8600000,4300,2.239,64.651,64.354,64.947
d6_maxwr_lr032,atual,0.032,8700000,4350,2.267,64.501,64.204,64.797
d6_maxwr_lr032,atual,0.032,8800000,4400,2.294,64.328,64.031,64.624
d6_maxwr_lr032,atual,0.032,8900000,4450,2.322,64.525,64.228,64.821
d6_maxwr_lr032,atual,0.032,9000000,4500,2.349,64.111,63.813,64.408
d6_maxwr_lr032,atual,0.032,9100000,4550,2.377,64.482,64.185,64.778
d6_maxwr_lr032,atual,0.032,9200000,4600,2.404,64.274,63.976,64.57
d6_maxwr_lr032,atual,0.032,9300000,4650,2.432,64.602,64.305,64.898
d6_maxwr_lr032,atual,0.032,9400000,4700,2.46,64.418,64.121,64.714
d6_maxwr_lr032,atual,0.032,9500000,4750,2.487,64.596,64.299,64.892
d6_maxwr_lr032,atual,0.032,9600000,4800,2.515,64.473,64.176,64.769
d6_maxwr_lr032,atual,0.032,9700000,4850,2.542,64.393,64.096,64.689
d6_maxwr_lr032,atual,0.032,9800000,4900,2.57,64.568,64.271,64.864
d6_maxwr_lr032,atual,0.032,9900000,4950,2.597,64.255,63.957,64.551
d6_maxwr_lr032,atual,0.032,10000000,5000,2.625,64.433,64.136,64.729
d6_maxwr_lr032,atual,0.032,10100000,5050,2.652,64.398,64.101,64.694
d6_maxwr_lr032,atual,0.032,10200000,5100,2.68,64.475,64.178,64.771
d6_maxwr_lr032,atual,0.032,10300000,5150,2.707,64.126,63.828,64.423
d6_maxwr_lr032,atual,0.032,10400000,5200,2.735,64.358,64.061,64.654
d6_maxwr_lr032,atual,0.032,10500000,5250,2.762,64.223,63.925,64.52
d6_maxwr_lr032,atual,0.032,10600000,5300,2.789,64.377,64.08,64.673
d6_maxwr_lr032,atual,0.032,10700000,5350,2.817,64.498,64.201,64.794
d6_maxwr_lr032,atual,0.032,10800000,5400,2.844,64.337,64.04,64.633
d6_maxwr_lr032,atual,0.032,10900000,5450,2.872,64.485,64.188,64.781
d6_maxwr_lr032,atual,0.032,11000000,5500,2.899,64.396,64.099,64.692
d6_maxwr_lr032,atual,0.032,11100000,5550,2.927,64.66,64.363,64.956
d6_maxwr_lr032,atual,0.032,11200000,5600,2.954,64.466,64.169,64.762
d6_maxwr_lr032,atual,0.032,11300000,5650,2.982,64.585,64.288,64.881
d6_maxwr_lr032,atual,0.032,11400000,5700,3.009,64.463,64.166,64.759
d6_maxwr_lr032,atual,0.032,11500000,5750,3.037,64.384,64.087,64.68
d6_maxwr_lr032,atual,0.032,11600000,5800,3.064,64.538,64.241,64.834
d6_maxwr_lr032,atual,0.032,11700000,5850,3.092,64.527,64.23,64.823
d6_maxwr_lr032,atual,0.032,11800000,5900,3.119,64.491,64.194,64.787
d6_maxwr_lr032,atual,0.032,11900000,5950,3.147,64.506,64.209,64.802
d6_maxwr_lr032,atual,0.032,12000000,6000,3.174,64.443,64.146,64.739
d6_maxwr_lr032,atual,0.032,12100000,6050,3.202,64.195,63.897,64.492
d6_maxwr_lr032,atual,0.032,12200000,6100,3.229,64.408,64.111,64.704
d6_maxwr_lr032,atual,0.032,12300000,6150,3.257,64.372,64.075,64.668
d6_maxwr_lr032,atual,0.032,12400000,6200,3.284,64.539,64.242,64.835
d6_maxwr_lr032,atual,0.032,12500000,6250,3.312,64.606,64.309,64.902
d6_maxwr_lr032,atual,0.032,12600000,6300,3.339,64.427,64.13,64.723
d6_maxwr_lr032,atual,0.032,12700000,6350,3.367,64.443,64.146,64.739
d6_maxwr_lr032,atual,0.032,12800000,6400,3.394,64.528,64.231,64.824
d6_maxwr_lr032,atual,0.032,12900000,6450,3.422,64.209,63.911,64.506
d6_maxwr_lr032,atual,0.032,13000000,6500,3.449,64.282,63.984,64.578
d6_maxwr_lr032,atual,0.032,13100000,6550,3.477,64.557,64.26,64.853
d6_maxwr_lr032,atual,0.032,13200000,6600,3.504,64.714,64.417,65.01
d6_maxwr_lr032,atual,0.032,13300000,6650,3.532,64.636,64.339,64.932
d6_maxwr_lr032,atual,0.032,13400000,6700,3.559,64.581,64.284,64.877
d6_maxwr_lr032,atual,0.032,13500000,6750,3.586,64.37,64.073,64.666
d6_maxwr_lr032,atual,0.032,13600000,6800,3.614,64.533,64.236,64.829
d6_maxwr_lr032,atual,0.032,13700000,6850,3.641,64.499,64.202,64.795
d6_maxwr_lr032,atual,0.032,13800000,6900,3.669,64.597,64.3,64.893
d6_maxwr_lr032,atual,0.032,13900000,6950,3.696,64.404,64.107,64.7
d6_maxwr_lr032,atual,0.032,14000000,7000,3.724,64.352,64.055,64.648
d6_maxwr_lr032,atual,0.032,14100000,7050,3.751,64.377,64.08,64.673
d6_maxwr_lr032,atual,0.032,14200000,7100,3.779,64.473,64.176,64.769
d6_maxwr_lr032,atual,0.032,14300000,7150,3.806,64.522,64.225,64.818
d6_maxwr_lr032,atual,0.032,14400000,7200,3.834,64.589,64.292,64.885
d6_maxwr_lr032,atual,0.032,14500000,7250,3.861,64.608,64.311,64.904
d6_maxwr_lr032,atual,0.032,14600000,7300,3.888,64.747,64.45,65.043
d6_maxwr_lr032,atual,0.032,14700000,7350,3.916,64.746,64.449,65.042
d6_maxwr_lr032,atual,0.032,14800000,7400,3.943,64.693,64.396,64.989
d6_maxwr_lr032,atual,0.032,14900000,7450,3.971,64.566,64.269,64.862
d6_maxwr_lr032,atual,0.032,15000000,7500,3.998,64.471,64.174,64.767
d6_maxwr_lr032,atual,0.032,15100000,7550,4.026,64.739,64.442,65.035
d6_maxwr_lr032,atual,0.032,15200000,7600,4.053,64.678,64.381,64.974
d6_maxwr_lr032,atual,0.032,15300000,7650,4.081,64.527,64.23,64.823
d6_maxwr_lr032,atual,0.032,15400000,7700,4.108,64.578,64.281,64.874
d6_maxwr_lr032,atual,0.032,15500000,7750,4.135,64.634,64.337,64.93
d6_maxwr_lr032,atual,0.032,15600000,7800,4.163,64.723,64.426,65.019
d6_maxwr_lr032,atual,0.032,15700000,7850,4.19,64.355,64.058,64.651
d6_maxwr_lr032,atual,0.032,15800000,7900,4.218,64.658,64.361,64.954
d6_maxwr_lr032,atual,0.032,15900000,7950,4.245,64.853,64.557,65.148
d6_maxwr_lr032,atual,0.032,16000000,8000,4.273,64.795,64.498,65.09
d6_maxwr_lr032,atual,0.032,16100000,8050,4.3,64.611,64.314,64.907
d6_maxwr_lr032,atual,0.032,16200000,8100,4.327,64.685,64.388,64.981
d6_maxwr_lr032,atual,0.032,16300000,8150,4.355,64.726,64.429,65.022
d6_maxwr_lr032,atual,0.032,16400000,8200,4.382,64.441,64.144,64.737
d6_maxwr_lr032,atual,0.032,16500000,8250,4.41,64.659,64.362,64.955
d6_maxwr_lr032,atual,0.032,16600000,8300,4.437,64.904,64.608,65.199
d6_maxwr_lr032,atual,0.032,16700000,8350,4.465,64.549,64.252,64.845
d6_maxwr_lr032,atual,0.032,16800000,8400,4.492,64.636,64.339,64.932
d6_maxwr_lr032,atual,0.032,16900000,8450,4.52,64.764,64.467,65.06
d6_maxwr_lr032,atual,0.032,17000000,8500,4.547,64.67,64.373,64.966
d6_maxwr_lr032,atual,0.032,17100000,8550,4.574,64.621,64.324,64.917
d6_maxwr_lr032,atual,0.032,17200000,8600,4.602,64.654,64.357,64.95
d6_maxwr_lr032,atual,0.032,17300000,8650,4.629,64.759,64.462,65.055
d6_maxwr_lr032,atual,0.032,17400000,8700,4.656,64.697,64.4,64.993
d6_maxwr_lr032,atual,0.032,17500000,8750,4.684,64.818,64.521,65.113
d6_maxwr_lr032,atual,0.032,17600000,8800,4.711,64.743,64.446,65.039
d6_maxwr_lr032,atual,0.032,17700000,8850,4.739,64.747,64.45,65.043
d6_maxwr_lr032,atual,0.032,17800000,8900,4.766,64.865,64.569,65.16
d6_maxwr_lr032,atual,0.032,17900000,8950,4.793,64.806,64.509,65.101
d6_maxwr_lr032,atual,0.032,18000000,9000,4.821,64.741,64.444,65.037
d6_maxwr_lr032,atual,0.032,18100000,9050,4.848,64.847,64.551,65.142
d6_maxwr_lr032,atual,0.032,18200000,9100,4.875,64.622,64.325,64.918
d6_maxwr_lr032,atual,0.032,18300000,9150,4.903,64.594,64.297,64.89
d6_maxwr_lr032,atual,0.032,18400000,9200,4.93,64.366,64.069,64.662
d6_maxwr_lr032,atual,0.032,18500000,9250,4.958,64.531,64.234,64.827
d6_maxwr_lr032,atual,0.032,18600000,9300,4.985,64.49,64.193,64.786
d6_maxwr_lr032,atual,0.032,18700000,9350,5.012,64.367,64.07,64.663
d6_maxwr_lr032,atual,0.032,18800000,9400,5.04,64.588,64.291,64.884
d6_maxwr_lr032,atual,0.032,18900000,9450,5.067,64.665,64.368,64.961
d6_maxwr_lr032,atual,0.032,19000000,9500,5.094,64.67,64.373,64.966
d6_maxwr_lr032,atual,0.032,19100000,9550,5.122,64.485,64.188,64.781
d6_maxwr_lr032,atual,0.032,19200000,9600,5.149,64.546,64.249,64.842
d6_maxwr_lr032,atual,0.032,19300000,9650,5.176,64.749,64.452,65.045
d6_maxwr_lr032,atual,0.032,19400000,9700,5.204,64.846,64.55,65.141
d6_maxwr_lr032,atual,0.032,19500000,9750,5.231,64.938,64.642,65.233
d6_maxwr_lr032,atual,0.032,19600000,9800,5.259,64.634,64.337,64.93
d6_maxwr_lr032,atual,0.032,19700000,9850,5.286,64.584,64.287,64.88
d6_maxwr_lr032,atual,0.032,19800000,9900,5.313,64.749,64.452,65.045
d6_maxwr_lr032,atual,0.032,19900000,9950,5.341,64.719,64.422,65.015
d6_maxwr_lr032,atual,0.032,20000000,10000,5.368,64.703,64.406,64.999
d6_maxwr_lr032,atual,0.032,20100000,10050,5.395,64.589,64.292,64.885
d6_maxwr_lr032,atual,0.032,20200000,10100,5.423,64.953,64.657,65.248
d6_maxwr_lr032,atual,0.032,20300000,10150,5.45,64.699,64.402,64.995
d6_maxwr_lr032,atual,0.032,20400000,10200,5.477,64.975,64.679,65.27
d6_maxwr_lr032,atual,0.032,20500000,10250,5.505,64.754,64.457,65.05
d6_maxwr_lr032,atual,0.032,20600000,10300,5.532,64.776,64.479,65.071
d6_maxwr_lr032,atual,0.032,20700000,10350,5.559,64.646,64.349,64.942
d6_maxwr_lr032,atual,0.032,20800000,10400,5.587,64.817,64.52,65.112
d6_maxwr_lr032,atual,0.032,20900000,10450,5.614,64.68,64.383,64.976
d6_maxwr_lr032,atual,0.032,21000000,10500,5.642,64.886,64.59,65.181
d6_maxwr_lr032,atual,0.032,21100000,10550,5.669,64.758,64.461,65.054
d6_maxwr_lr032,atual,0.032,21200000,10600,5.696,64.717,64.42,65.013
d6_maxwr_lr032,atual,0.032,21300000,10650,5.723,64.719,64.422,65.015
d6_maxwr_lr032,atual,0.032,21400000,10700,5.751,64.632,64.335,64.928
d6_maxwr_lr032,atual,0.032,21500000,10750,5.778,64.883,64.587,65.178
d6_maxwr_lr032,atual,0.032,21600000,10800,5.805,64.753,64.456,65.049
d6_maxwr_lr032,atual,0.032,21700000,10850,5.833,64.628,64.331,64.924
d6_maxwr_lr032,atual,0.032,21800000,10900,5.86,64.463,64.166,64.759
d6_maxwr_lr032,atual,0.032,21900000,10950,5.888,64.643,64.346,64.939
d6_maxwr_lr032,atual,0.032,22000000,11000,5.915,64.588,64.291,64.884
d6_maxwr_lr032,atual,0.032,22100000,11050,5.942,64.568,64.271,64.864
d6_maxwr_lr032,atual,0.032,22200000,11100,5.97,64.968,64.672,65.263
d6_maxwr_lr032,atual,0.032,22300000,11150,5.997,64.69,64.393,64.986
d6_maxwr_lr032,atual,0.032,22400000,11200,6.024,64.56,64.263,64.856
d6_maxwr_lr032,atual,0.032,22500000,11250,6.052,64.744,64.447,65.04
d6_maxwr_lr032,atual,0.032,22600000,11300,6.079,64.664,64.367,64.96
d6_maxwr_lr032,atual,0.032,22700000,11350,6.106,64.775,64.478,65.07
d6_maxwr_lr032,atual,0.032,22800000,11400,6.134,64.792,64.495,65.087
d6_maxwr_lr032,atual,0.032,22900000,11450,6.161,64.657,64.36,64.953
d6_maxwr_lr032,atual,0.032,23000000,11500,6.188,64.945,64.649,65.24
d6_maxwr_lr032,atual,0.032,23100000,11550,6.215,64.86,64.564,65.155
d6_maxwr_lr032,atual,0.032,23200000,11600,6.243,64.895,64.599,65.19
d6_maxwr_lr032,atual,0.032,23300000,11650,6.27,64.644,64.347,64.94
d6_maxwr_lr032,atual,0.032,23400000,11700,6.297,64.776,64.479,65.071
d6_maxwr_lr032,atual,0.032,23500000,11750,6.325,64.561,64.264,64.857
d6_maxwr_lr032,atual,0.032,23600000,11800,6.352,64.611,64.314,64.907
d6_maxwr_lr032,atual,0.032,23700000,11850,6.379,64.944,64.648,65.239
d6_maxwr_lr032,atual,0.032,23800000,11900,6.407,64.649,64.352,64.945
d6_maxwr_lr032,atual,0.032,23900000,11950,6.434,64.707,64.41,65.003
d6_maxwr_lr032,atual,0.032,24000000,12000,6.461,64.793,64.496,65.088
d6_maxwr_lr032,atual,0.032,24100000,12050,6.488,64.589,64.292,64.885
d6_maxwr_lr032,atual,0.032,24200000,12100,6.516,64.651,64.354,64.947
d6_maxwr_lr032,atual,0.032,24300000,12150,6.543,64.776,64.479,65.071
d6_maxwr_lr032,atual,0.032,24400000,12200,6.571,64.521,64.224,64.817
d6_maxwr_lr032,atual,0.032,24500000,12250,6.598,64.572,64.275,64.868
d6_maxwr_lr032,atual,0.032,24600000,12300,6.625,64.683,64.386,64.979
d6_maxwr_lr032,atual,0.032,24700000,12350,6.652,64.659,64.362,64.955
d6_maxwr_lr032,atual,0.032,24800000,12400,6.68,64.956,64.66,65.251
d6_maxwr_lr032,atual,0.032,24900000,12450,6.708,64.745,64.448,65.041
d6_maxwr_lr032,atual,0.032,25000000,12500,6.735,64.724,64.427,65.02
d6_maxwr_lr032,atual,0.032,25100000,12550,6.762,65.0,64.704,65.295
d6_maxwr_lr032,atual,0.032,25200000,12600,6.79,64.857,64.561,65.152
d6_maxwr_lr032,atual,0.032,25300000,12650,6.817,64.719,64.422,65.015
d6_maxwr_lr032,atual,0.032,25400000,12700,6.844,64.865,64.569,65.16
d6_maxwr_lr032,atual,0.032,25500000,12750,6.871,64.786,64.489,65.081
d6_maxwr_lr032,atual,0.032,25600000,12800,6.899,64.825,64.528,65.12
d6_maxwr_lr032,atual,0.032,25700000,12850,6.926,64.813,64.516,65.108
d6_maxwr_lr032,atual,0.032,25800000,12900,6.953,64.745,64.448,65.041
d6_maxwr_lr032,atual,0.032,25900000,12950,6.981,64.674,64.377,64.97
d6_maxwr_lr032,atual,0.032,26000000,13000,7.008,64.847,64.551,65.142
d6_maxwr_lr032,atual,0.032,26100000,13050,7.035,64.728,64.431,65.024
d6_maxwr_lr032,atual,0.032,26200000,13100,7.063,64.764,64.467,65.06
d6_maxwr_lr032,atual,0.032,26300000,13150,7.09,64.724,64.427,65.02
d6_maxwr_lr032,atual,0.032,26400000,13200,7.117,64.789,64.492,65.084
d6_maxwr_lr032,atual,0.032,26500000,13250,7.145,64.539,64.242,64.835
d6_maxwr_lr032,atual,0.032,26600000,13300,7.172,64.87,64.574,65.165
d6_maxwr_lr032,atual,0.032,26700000,13350,7.199,64.798,64.501,65.093
d6_maxwr_lr032,atual,0.032,26800000,13400,7.227,64.936,64.64,65.231
d6_maxwr_lr032,atual,0.032,26900000,13450,7.254,64.797,64.5,65.092
d6_maxwr_lr032,atual,0.032,27000000,13500,7.281,64.585,64.288,64.881
d6_maxwr_lr032,atual,0.032,27100000,13550,7.308,64.723,64.426,65.019
d6_maxwr_lr032,atual,0.032,27200000,13600,7.336,64.925,64.629,65.22
d6_maxwr_lr032,atual,0.032,27300000,13650,7.363,64.656,64.359,64.952
d6_maxwr_lr032,atual,0.032,27400000,13700,7.39,64.44,64.143,64.736
d6_maxwr_lr032,atual,0.032,27500000,13750,7.417,64.828,64.531,65.123
d6_maxwr_lr032,atual,0.032,27600000,13800,7.445,64.716,64.419,65.012
d6_maxwr_lr032,atual,0.032,27700000,13850,7.472,64.88,64.584,65.175
d6_maxwr_lr032,atual,0.032,27800000,13900,7.499,65.203,64.907,65.498
d6_maxwr_lr032,atual,0.032,27900000,13950,7.526,64.753,64.456,65.049
d6_maxwr_lr032,atual,0.032,28000000,14000,7.554,64.718,64.421,65.014
d6_maxwr_lr032,atual,0.032,28100000,14050,7.581,64.64,64.343,64.936
d6_maxwr_lr032,atual,0.032,28200000,14100,7.609,64.776,64.479,65.071
d6_maxwr_lr032,atual,0.032,28300000,14150,7.637,64.617,64.32,64.913
d6_maxwr_lr032,atual,0.032,28400000,14200,7.665,64.689,64.392,64.985
d6_maxwr_lr016,atual,0.016,0,0,0.008,62.631,62.331,62.93
d6_maxwr_lr016,atual,0.016,100000,50,0.028,63.196,62.897,63.494
d6_maxwr_lr016,atual,0.016,200000,100,0.048,63.475,63.176,63.773
d6_maxwr_lr016,atual,0.016,300000,150,0.069,63.518,63.219,63.816
d6_maxwr_lr016,atual,0.016,400000,200,0.094,63.471,63.172,63.769
d6_maxwr_lr016,atual,0.016,500000,250,0.12,63.603,63.304,63.901
d6_maxwr_lr016,atual,0.016,600000,300,0.148,63.413,63.114,63.711
d6_maxwr_lr016,atual,0.016,700000,350,0.176,63.595,63.296,63.893
default_lr032,atual,0.032,0,0,0.008,62.631,62.331,62.93
default_lr032,atual,0.032,100000,50,0.027,61.38,61.078,61.681
default_lr032,atual,0.032,200000,100,0.046,62.497,62.196,62.797
default_lr032,atual,0.032,300000,150,0.066,62.469,62.168,62.769
default_lr032,atual,0.032,400000,200,0.085,63.16,62.861,63.458
default_lr032,atual,0.032,500000,250,0.104,63.172,62.873,63.47
default_lr032,atual,0.032,600000,300,0.123,63.317,63.018,63.615
default_lr032,atual,0.032,700000,350,0.142,63.418,63.119,63.716
default_lr032,atual,0.032,800000,400,0.161,63.46,63.161,63.758
default_lr032,atual,0.032,900000,450,0.18,63.38,63.081,63.678
default_lr032,atual,0.032,1000000,500,0.2,63.275,62.976,63.573
default_lr032,atual,0.032,1100000,550,0.219,63.275,62.976,63.573
default_lr032,atual,0.032,1200000,600,0.239,63.442,63.143,63.74
default_lr032,atual,0.032,1300000,650,0.259,63.339,63.04,63.637
default_lr032,atual,0.032,1400000,700,0.28,63.651,63.352,63.949
default_lr032,atual,0.032,1500000,750,0.3,63.533,63.234,63.831
default_lr032,atual,0.032,1600000,800,0.321,63.492,63.193,63.79
default_lr032,atual,0.032,1700000,850,0.341,63.648,63.349,63.946
default_lr032,atual,0.032,1800000,900,0.363,63.86,63.562,64.157
default_lr032,atual,0.032,1900000,950,0.384,63.867,63.569,64.164
default_lr032,atual,0.032,2000000,1000,0.406,63.711,63.412,64.008
default_lr032,atual,0.032,2100000,1050,0.428,63.972,63.674,64.269
default_lr032,atual,0.032,2200000,1100,0.45,63.69,63.391,63.988
default_lr032,atual,0.032,2300000,1150,0.473,64.08,63.782,64.377
default_lr032,atual,0.032,2400000,1200,0.496,63.575,63.276,63.873
default_lr032,atual,0.032,2500000,1250,0.52,63.939,63.641,64.236
default_lr032,atual,0.032,2600000,1300,0.544,63.919,63.621,64.216
default_lr032,atual,0.032,2700000,1350,0.567,63.869,63.571,64.166
default_lr032,atual,0.032,2800000,1400,0.592,64.088,63.79,64.385
default_lr032,atual,0.032,2900000,1450,0.617,64.219,63.921,64.516
default_lr032,atual,0.032,3000000,1500,0.642,63.727,63.428,64.024
default_lr032,atual,0.032,3100000,1550,0.667,63.854,63.556,64.151
default_lr032,atual,0.032,3200000,1600,0.692,63.744,63.446,64.041
default_lr032,atual,0.032,3300000,1650,0.718,63.938,63.64,64.235
default_lr032,atual,0.032,3400000,1700,0.744,63.827,63.529,64.124
default_lr032,atual,0.032,3500000,1750,0.77,63.722,63.423,64.019
default_lr032,atual,0.032,3600000,1800,0.796,63.819,63.521,64.116
default_lr032,atual,0.032,3700000,1850,0.822,63.917,63.619,64.214
default_lr032,atual,0.032,3800000,1900,0.849,63.723,63.424,64.02
default_lr032,atual,0.032,3900000,1950,0.876,63.935,63.637,64.232
default_lr032,atual,0.032,4000000,2000,0.903,63.682,63.383,63.98
default_lr032,atual,0.032,4100000,2050,0.93,63.93,63.632,64.227
default_lr032,atual,0.032,4200000,2100,0.957,63.807,63.509,64.104
default_lr032,atual,0.032,4300000,2150,0.983,64.131,63.833,64.428
default_lr032,atual,0.032,4400000,2200,1.011,64.072,63.774,64.369
default_lr032,atual,0.032,4500000,2250,1.038,63.988,63.69,64.285
default_lr032,atual,0.032,4600000,2300,1.065,63.879,63.581,64.176
default_lr032,atual,0.032,4700000,2350,1.093,63.907,63.609,64.204
default_lr032,atual,0.032,4800000,2400,1.12,63.936,63.638,64.233
default_lr032,atual,0.032,4900000,2450,1.148,64.201,63.903,64.498
default_lr032,atual,0.032,5000000,2500,1.175,64.068,63.77,64.365
default_lr032,atual,0.032,5100000,2550,1.203,63.993,63.695,64.29
default_lr032,atual,0.032,5200000,2600,1.231,63.755,63.457,64.052
default_lr032,atual,0.032,5300000,2650,1.258,63.599,63.3,63.897
default_lr032,atual,0.032,5400000,2700,1.286,63.558,63.259,63.856
default_lr032,atual,0.032,5500000,2750,1.313,63.949,63.651,64.246
default_lr032,atual,0.032,5600000,2800,1.341,64.067,63.769,64.364
default_lr032,atual,0.032,5700000,2850,1.369,64.06,63.762,64.357
default_lr032,atual,0.032,5800000,2900,1.396,63.994,63.696,64.291
default_lr032,atual,0.032,5900000,2950,1.424,63.909,63.611,64.206
default_lr032,atual,0.032,6000000,3000,1.451,63.9,63.602,64.197
default_lr032,atual,0.032,6100000,3050,1.479,63.999,63.701,64.296
default_lr032,atual,0.032,6200000,3100,1.507,63.82,63.522,64.117
default_lr032,atual,0.032,6300000,3150,1.534,63.964,63.666,64.261
default_lr032,atual,0.032,6400000,3200,1.562,63.608,63.309,63.906
default_lr032,atual,0.032,6500000,3250,1.589,64.184,63.886,64.481
default_lr032,atual,0.032,6600000,3300,1.617,64.009,63.711,64.306
default_lr032,atual,0.032,6700000,3350,1.644,63.864,63.566,64.161
default_lr032,atual,0.032,6800000,3400,1.671,64.305,64.008,64.601
default_lr032,atual,0.032,6900000,3450,1.699,64.143,63.845,64.44
default_lr032,atual,0.032,7000000,3500,1.727,64.255,63.957,64.551
default_lr032,atual,0.032,7100000,3550,1.754,64.146,63.848,64.443
default_lr032,atual,0.032,7200000,3600,1.781,63.962,63.664,64.259
default_lr032,atual,0.032,7300000,3650,1.809,64.417,64.12,64.713
default_lr032,atual,0.032,7400000,3700,1.837,64.322,64.025,64.618
default_lr032,atual,0.032,7500000,3750,1.864,64.264,63.966,64.56
default_lr032,atual,0.032,7600000,3800,1.891,64.319,64.022,64.615
default_lr032,atual,0.032,7700000,3850,1.919,64.147,63.849,64.444
default_lr032,atual,0.032,7800000,3900,1.946,64.329,64.032,64.625
default_lr032,atual,0.032,7900000,3950,1.974,64.078,63.78,64.375
default_lr032,atual,0.032,8000000,4000,2.001,64.286,63.988,64.582
default_lr032,atual,0.032,8100000,4050,2.029,64.054,63.756,64.351
default_lr032,atual,0.032,8200000,4100,2.056,64.117,63.819,64.414
default_lr032,atual,0.032,8300000,4150,2.084,64.139,63.841,64.436
default_lr032,atual,0.032,8400000,4200,2.111,64.153,63.855,64.45
default_lr032,atual,0.032,8500000,4250,2.139,64.189,63.891,64.486
default_lr032,atual,0.032,8600000,4300,2.166,64.313,64.016,64.609
default_lr032,atual,0.032,8700000,4350,2.193,64.272,63.974,64.568
default_lr032,atual,0.032,8800000,4400,2.221,64.48,64.183,64.776
default_lr032,atual,0.032,8900000,4450,2.248,64.235,63.937,64.532
default_lr032,atual,0.032,9000000,4500,2.276,64.252,63.954,64.548
default_lr032,atual,0.032,9100000,4550,2.304,64.442,64.145,64.738
default_lr032,atual,0.032,9200000,4600,2.331,64.391,64.094,64.687
default_lr032,atual,0.032,9300000,4650,2.358,64.385,64.088,64.681
default_lr032,atual,0.032,9400000,4700,2.386,64.394,64.097,64.69
default_lr032,atual,0.032,9500000,4750,2.413,64.47,64.173,64.766
default_lr032,atual,0.032,9600000,4800,2.441,64.53,64.233,64.826
default_lr032,atual,0.032,9700000,4850,2.468,64.178,63.88,64.475
default_lr032,atual,0.032,9800000,4900,2.496,64.256,63.958,64.552
default_lr032,atual,0.032,9900000,4950,2.523,64.401,64.104,64.697
default_lr032,atual,0.032,10000000,5000,2.551,64.233,63.935,64.53
default_lr032,atual,0.032,10100000,5050,2.578,64.37,64.073,64.666
default_lr032,atual,0.032,10200000,5100,2.606,64.077,63.779,64.374
default_lr032,atual,0.032,10300000,5150,2.633,64.177,63.879,64.474
default_lr032,atual,0.032,10400000,5200,2.661,64.076,63.778,64.373
default_lr032,atual,0.032,10500000,5250,2.688,64.208,63.91,64.505
default_lr032,atual,0.032,10600000,5300,2.716,64.453,64.156,64.749
default_lr032,atual,0.032,10700000,5350,2.743,64.353,64.056,64.649
default_lr032,atual,0.032,10800000,5400,2.771,64.315,64.018,64.611
default_lr032,atual,0.032,10900000,5450,2.798,64.489,64.192,64.785
default_lr032,atual,0.032,11000000,5500,2.826,64.282,63.984,64.578
default_lr032,atual,0.032,11100000,5550,2.853,64.425,64.128,64.721
default_lr032,atual,0.032,11200000,5600,2.88,64.496,64.199,64.792
default_lr032,atual,0.032,11300000,5650,2.908,64.709,64.412,65.005
default_lr032,atual,0.032,11400000,5700,2.935,64.559,64.262,64.855
default_lr032,atual,0.032,11500000,5750,2.963,64.592,64.295,64.888
default_lr032,atual,0.032,11600000,5800,2.99,64.332,64.035,64.628
default_lr032,atual,0.032,11700000,5850,3.018,64.533,64.236,64.829
default_lr032,atual,0.032,11800000,5900,3.045,64.602,64.305,64.898
default_lr032,atual,0.032,11900000,5950,3.072,64.712,64.415,65.008
default_lr032,atual,0.032,12000000,6000,3.1,64.939,64.643,65.234
default_lr032,atual,0.032,12100000,6050,3.127,64.539,64.242,64.835
default_lr032,atual,0.032,12200000,6100,3.155,64.616,64.319,64.912
default_lr032,atual,0.032,12300000,6150,3.182,64.343,64.046,64.639
default_lr032,atual,0.032,12400000,6200,3.21,64.678,64.381,64.974
default_lr032,atual,0.032,12500000,6250,3.237,64.417,64.12,64.713
default_lr032,atual,0.032,12600000,6300,3.264,64.662,64.365,64.958
default_lr032,atual,0.032,12700000,6350,3.292,64.47,64.173,64.766
default_lr032,atual,0.032,12800000,6400,3.319,64.402,64.105,64.698
default_lr032,atual,0.032,12900000,6450,3.347,64.706,64.409,65.002
default_lr032,atual,0.032,13000000,6500,3.374,64.48,64.183,64.776
default_lr032,atual,0.032,13100000,6550,3.402,64.658,64.361,64.954
default_lr032,atual,0.032,13200000,6600,3.429,64.527,64.23,64.823
default_lr032,atual,0.032,13300000,6650,3.457,64.744,64.447,65.04
default_lr032,atual,0.032,13400000,6700,3.484,64.511,64.214,64.807
default_lr032,atual,0.032,13500000,6750,3.512,64.434,64.137,64.73
default_lr032,atual,0.032,13600000,6800,3.539,64.649,64.352,64.945
default_lr032,atual,0.032,13700000,6850,3.566,64.588,64.291,64.884
default_lr032,atual,0.032,13800000,6900,3.594,64.419,64.122,64.715
default_lr032,atual,0.032,13900000,6950,3.621,64.502,64.205,64.798
default_lr032,atual,0.032,14000000,7000,3.648,64.558,64.261,64.854
default_lr032,atual,0.032,14100000,7050,3.676,64.626,64.329,64.922
default_lr032,atual,0.032,14200000,7100,3.703,64.557,64.26,64.853
default_lr032,atual,0.032,14300000,7150,3.731,64.658,64.361,64.954
default_lr032,atual,0.032,14400000,7200,3.758,64.592,64.295,64.888
default_lr032,atual,0.032,14500000,7250,3.785,64.731,64.434,65.027
default_lr032,atual,0.032,14600000,7300,3.813,64.449,64.152,64.745
default_lr032,atual,0.032,14700000,7350,3.84,64.596,64.299,64.892
default_lr032,atual,0.032,14800000,7400,3.868,64.809,64.512,65.104
default_lr032,atual,0.032,14900000,7450,3.895,64.642,64.345,64.938
default_lr032,atual,0.032,15000000,7500,3.922,64.4,64.103,64.696
default_lr032,atual,0.032,15100000,7550,3.95,64.336,64.039,64.632
default_lr032,atual,0.032,15200000,7600,3.977,64.471,64.174,64.767
default_lr032,atual,0.032,15300000,7650,4.005,64.625,64.328,64.921
default_lr032,atual,0.032,15400000,7700,4.032,64.49,64.193,64.786
default_lr032,atual,0.032,15500000,7750,4.059,64.405,64.108,64.701
default_lr032,atual,0.032,15600000,7800,4.087,64.453,64.156,64.749
default_lr032,atual,0.032,15700000,7850,4.114,64.584,64.287,64.88
default_lr032,atual,0.032,15800000,7900,4.141,64.911,64.615,65.206
default_lr032,atual,0.032,15900000,7950,4.169,64.771,64.474,65.066
default_lr032,atual,0.032,16000000,8000,4.196,64.705,64.408,65.001
default_lr032,atual,0.032,16100000,8050,4.223,64.638,64.341,64.934
default_lr032,atual,0.032,16200000,8100,4.251,64.512,64.215,64.808
default_lr032,atual,0.032,16300000,8150,4.278,64.528,64.231,64.824
default_lr032,atual,0.032,16400000,8200,4.305,64.449,64.152,64.745
default_lr032,atual,0.032,16500000,8250,4.333,64.571,64.274,64.867
default_lr032,atual,0.032,16600000,8300,4.361,64.408,64.111,64.704
default_lr032,atual,0.032,16700000,8350,4.388,64.562,64.265,64.858
default_lr032,atual,0.032,16800000,8400,4.415,64.844,64.548,65.139
default_lr032,atual,0.032,16900000,8450,4.442,64.639,64.342,64.935
default_lr032,atual,0.032,17000000,8500,4.47,64.633,64.336,64.929
default_lr032,atual,0.032,17100000,8550,4.497,64.57,64.273,64.866
default_lr032,atual,0.032,17200000,8600,4.524,64.83,64.533,65.125
default_lr032,atual,0.032,17300000,8650,4.551,64.773,64.476,65.068
default_lr032,atual,0.032,17400000,8700,4.579,64.524,64.227,64.82
default_lr032,atual,0.032,17500000,8750,4.606,64.598,64.301,64.894
default_lr032,atual,0.032,17600000,8800,4.633,64.607,64.31,64.903
default_lr032,atual,0.032,17700000,8850,4.661,64.567,64.27,64.863
default_lr032,atual,0.032,17800000,8900,4.688,64.72,64.423,65.016
default_lr032,atual,0.032,17900000,8950,4.715,64.631,64.334,64.927
default_lr032,atual,0.032,18000000,9000,4.742,64.637,64.34,64.933
default_lr032,atual,0.032,18100000,9050,4.77,64.807,64.51,65.102
default_lr032,atual,0.032,18200000,9100,4.797,64.863,64.567,65.158
default_lr032,atual,0.032,18300000,9150,4.824,64.889,64.593,65.184
default_lr032,atual,0.032,18400000,9200,4.852,64.761,64.464,65.057
default_lr032,atual,0.032,18500000,9250,4.879,64.739,64.442,65.035
default_lr032,atual,0.032,18600000,9300,4.907,64.717,64.42,65.013
default_lr032,atual,0.032,18700000,9350,4.934,64.666,64.369,64.962
default_lr032,atual,0.032,18800000,9400,4.961,64.866,64.57,65.161
default_lr032,atual,0.032,18900000,9450,4.988,64.7,64.403,64.996
default_lr032,atual,0.032,19000000,9500,5.016,64.808,64.511,65.103
default_lr032,atual,0.032,19100000,9550,5.043,64.686,64.389,64.982
default_lr032,atual,0.032,19200000,9600,5.07,64.461,64.164,64.757
default_lr032,atual,0.032,19300000,9650,5.097,64.456,64.159,64.752
default_lr032,atual,0.032,19400000,9700,5.125,64.524,64.227,64.82
default_lr032,atual,0.032,19500000,9750,5.152,64.443,64.146,64.739
default_lr032,atual,0.032,19600000,9800,5.179,64.533,64.236,64.829
default_lr032,atual,0.032,19700000,9850,5.207,64.786,64.489,65.081
default_lr032,atual,0.032,19800000,9900,5.234,64.729,64.432,65.025
default_lr032,atual,0.032,19900000,9950,5.261,64.598,64.301,64.894
default_lr032,atual,0.032,20000000,10000,5.288,64.794,64.497,65.089
default_lr032,atual,0.032,20100000,10050,5.316,64.524,64.227,64.82
default_lr032,atual,0.032,20200000,10100,5.343,64.87,64.574,65.165
default_lr032,atual,0.032,20300000,10150,5.371,64.648,64.351,64.944
default_lr032,atual,0.032,20400000,10200,5.398,64.83,64.533,65.125
default_lr032,atual,0.032,20500000,10250,5.425,64.361,64.064,64.657
default_lr032,atual,0.032,20600000,10300,5.453,64.567,64.27,64.863
default_lr016_lookup,atual,0.016,0,0,0.008,62.631,62.331,62.93
default_lr016_lookup,atual,0.016,100000,50,0.028,63.16,62.861,63.458
default_lr016_lookup,atual,0.016,200000,100,0.048,63.264,62.965,63.562
default_lr016_lookup,atual,0.016,300000,150,0.068,63.395,63.096,63.693
default_lr016_lookup,atual,0.016,400000,200,0.089,63.22,62.921,63.518
default_lr016_lookup,atual,0.016,500000,250,0.11,63.424,63.125,63.722
default_lr016_lookup,atual,0.016,600000,300,0.133,63.602,63.303,63.9
default_lr016_lookup,atual,0.016,700000,350,0.157,63.937,63.639,64.234
default_lr016_lookup,atual,0.016,800000,400,0.183,63.573,63.274,63.871
default_lr016_lookup,atual,0.016,900000,450,0.209,63.645,63.346,63.943
default_lr016_lookup,atual,0.016,1000000,500,0.236,63.848,63.55,64.145
default_lr016_lookup,atual,0.016,1100000,550,0.264,64.043,63.745,64.34
default_lr016_lookup,atual,0.016,1200000,600,0.292,63.781,63.483,64.078
default_lr016_lookup,atual,0.016,1300000,650,0.319,63.75,63.452,64.047
default_lr016_lookup,atual,0.016,1400000,700,0.348,64.217,63.919,64.514
default_lr016_lookup,atual,0.016,1500000,750,0.376,63.769,63.471,64.066
default_lr016_lookup,atual,0.016,1600000,800,0.404,63.717,63.418,64.014
default_lr016_lookup,atual,0.016,1700000,850,0.432,64.129,63.831,64.426
default_lr016_lookup,atual,0.016,1800000,900,0.46,63.846,63.548,64.143
default_lr016_lookup,atual,0.016,1900000,950,0.488,63.945,63.647,64.242
default_lr016_lookup,atual,0.016,2000000,1000,0.516,64.169,63.871,64.466
default_lr016_lookup,atual,0.016,2100000,1050,0.544,64.167,63.869,64.464
default_lr016_lookup,atual,0.016,2200000,1100,0.572,64.016,63.718,64.313
default_lr016_lookup,atual,0.016,2300000,1150,0.6,64.062,63.764,64.359
default_lr016_lookup,atual,0.016,2400000,1200,0.628,64.032,63.734,64.329
default_lr016_lookup,atual,0.016,2500000,1250,0.656,64.188,63.89,64.485
default_lr016_lookup,atual,0.016,2600000,1300,0.684,64.359,64.062,64.655
default_lr016_lookup,atual,0.016,2700000,1350,0.712,64.176,63.878,64.473
default_lr016_lookup,atual,0.016,2800000,1400,0.741,64.283,63.985,64.579
default_lr016_lookup,atual,0.016,2900000,1450,0.769,64.133,63.835,64.43
default_lr016_lookup,atual,0.016,3000000,1500,0.797,64.258,63.96,64.554
default_lr016_lookup,atual,0.016,3100000,1550,0.825,64.222,63.924,64.519
default_lr016_lookup,atual,0.016,3200000,1600,0.853,64.243,63.945,64.54
default_lr016_lookup,atual,0.016,3300000,1650,0.881,64.289,63.991,64.585
default_lr016_lookup,atual,0.016,3400000,1700,0.909,64.184,63.886,64.481
default_lr016_lookup,atual,0.016,3500000,1750,0.937,64.172,63.874,64.469
default_lr016_lookup,atual,0.016,3600000,1800,0.965,64.072,63.774,64.369
default_lr016_lookup,atual,0.016,3700000,1850,0.993,64.607,64.31,64.903
default_lr016_lookup,atual,0.016,3800000,1900,1.021,64.487,64.19,64.783
default_lr016_lookup,atual,0.016,3900000,1950,1.049,64.121,63.823,64.418
default_lr016_lookup,atual,0.016,4000000,2000,1.077,64.481,64.184,64.777
default_lr016_lookup,atual,0.016,4100000,2050,1.105,64.263,63.965,64.559
default_lr016_lookup,atual,0.016,4200000,2100,1.133,64.201,63.903,64.498
default_lr016_lookup,atual,0.016,4300000,2150,1.161,64.436,64.139,64.732
default_lr016_lookup,atual,0.016,4400000,2200,1.189,64.363,64.066,64.659
default_lr016_lookup,atual,0.016,4500000,2250,1.217,64.32,64.023,64.616
default_lr016_lookup,atual,0.016,4600000,2300,1.245,64.495,64.198,64.791
default_lr016_lookup,atual,0.016,4700000,2350,1.274,64.198,63.9,64.495
default_lr016_lookup,atual,0.016,4800000,2400,1.302,64.315,64.018,64.611
default_lr016_lookup,atual,0.016,4900000,2450,1.33,64.353,64.056,64.649
default_lr016_lookup,atual,0.016,5000000,2500,1.358,64.341,64.044,64.637
default_lr016_lookup,atual,0.016,5100000,2550,1.386,64.444,64.147,64.74
default_lr016_lookup,atual,0.016,5200000,2600,1.415,64.218,63.92,64.515
default_lr016_lookup,atual,0.016,5300000,2650,1.443,64.492,64.195,64.788
default_lr016_lookup,atual,0.016,5400000,2700,1.471,64.338,64.041,64.634
default_lr016_lookup,atual,0.016,5500000,2750,1.499,64.626,64.329,64.922
default_lr016_lookup,atual,0.016,5600000,2800,1.527,64.386,64.089,64.682
default_lr016_lookup,atual,0.016,5700000,2850,1.555,64.476,64.179,64.772
default_lr016_lookup,atual,0.016,5800000,2900,1.584,64.198,63.9,64.495
default_lr016_lookup,atual,0.016,5900000,2950,1.611,64.353,64.056,64.649
default_lr016_lookup,atual,0.016,6000000,3000,1.64,64.627,64.33,64.923
default_lr016_lookup,atual,0.016,6100000,3050,1.668,64.547,64.25,64.843
default_lr016_lookup,atual,0.016,6200000,3100,1.696,64.284,63.986,64.58
default_lr016_lookup,atual,0.016,6300000,3150,1.724,64.277,63.979,64.573
default_lr016_lookup,atual,0.016,6400000,3200,1.752,64.454,64.157,64.75
default_lr016_lookup,atual,0.016,6500000,3250,1.78,64.419,64.122,64.715
default_lr016_lookup,atual,0.016,6600000,3300,1.808,64.268,63.97,64.564
default_lr016_lookup,atual,0.016,6700000,3350,1.836,64.374,64.077,64.67
default_lr016_lookup,atual,0.016,6800000,3400,1.865,64.372,64.075,64.668
default_lr016_lookup,atual,0.016,6900000,3450,1.892,64.347,64.05,64.643
default_lr016_lookup,atual,0.016,7000000,3500,1.921,64.503,64.206,64.799
default_lr016_lookup,atual,0.016,7100000,3550,1.949,64.433,64.136,64.729
default_lr016_lookup,atual,0.016,7200000,3600,1.977,64.257,63.959,64.553
default_lr016_lookup,atual,0.016,7300000,3650,2.005,64.275,63.977,64.571
default_lr016_lookup,atual,0.016,7400000,3700,2.033,64.603,64.306,64.899
default_lr016_lookup,atual,0.016,7500000,3750,2.061,64.385,64.088,64.681
default_lr016_lookup,atual,0.016,7600000,3800,2.089,64.726,64.429,65.022
default_lr016_lookup,atual,0.016,7700000,3850,2.117,64.7,64.403,64.996
default_lr016_lookup,atual,0.016,7800000,3900,2.145,64.4,64.103,64.696
default_lr016_lookup,atual,0.016,7900000,3950,2.173,64.506,64.209,64.802
default_lr016_lookup,atual,0.016,8000000,4000,2.201,64.685,64.388,64.981
default_lr016_lookup,atual,0.016,8100000,4050,2.23,64.608,64.311,64.904
default_lr016_lookup,atual,0.016,8200000,4100,2.258,64.438,64.141,64.734
default_lr016_lookup,atual,0.016,8300000,4150,2.286,64.683,64.386,64.979
default_lr016_lookup,atual,0.016,8400000,4200,2.314,64.552,64.255,64.848
default_lr016_lookup,atual,0.016,8500000,4250,2.342,64.523,64.226,64.819
default_lr016_lookup,atual,0.016,8600000,4300,2.37,64.537,64.24,64.833
default_lr016_lookup,atual,0.016,8700000,4350,2.398,64.333,64.036,64.629
default_lr016_lookup,atual,0.016,8800000,4400,2.426,64.591,64.294,64.887
default_lr016_lookup,atual,0.016,8900000,4450,2.455,64.517,64.22,64.813
default_lr016_lookup,atual,0.016,9000000,4500,2.483,64.201,63.903,64.498
default_lr016_lookup,atual,0.016,9100000,4550,2.511,64.54,64.243,64.836
default_lr016_lookup,atual,0.016,9200000,4600,2.539,64.578,64.281,64.874
default_lr016_lookup,atual,0.016,9300000,4650,2.567,64.596,64.299,64.892
default_lr016_lookup,atual,0.016,9400000,4700,2.595,64.742,64.445,65.038
default_lr016_lookup,atual,0.016,9500000,4750,2.623,64.471,64.174,64.767
default_lr016_lookup,atual,0.016,9600000,4800,2.651,64.699,64.402,64.995
default_lr016_lookup,atual,0.016,9700000,4850,2.68,64.483,64.186,64.779
default_lr016_lookup,atual,0.016,9800000,4900,2.708,64.558,64.261,64.854
default_lr016_lookup,atual,0.016,9900000,4950,2.736,64.538,64.241,64.834
default_lr016_lookup,atual,0.016,10000000,5000,2.764,64.616,64.319,64.912
default_lr016_lookup,atual,0.016,10100000,5050,2.792,64.673,64.376,64.969
default_lr016_lookup,atual,0.016,10200000,5100,2.82,64.485,64.188,64.781
default_lr016_lookup,atual,0.016,10300000,5150,2.849,64.375,64.078,64.671
default_lr016_lookup,atual,0.016,10400000,5200,2.877,64.396,64.099,64.692
default_lr016_lookup,atual,0.016,10500000,5250,2.905,64.567,64.27,64.863
default_lr016_lookup,atual,0.016,10600000,5300,2.933,64.459,64.162,64.755
default_lr016_lookup,atual,0.016,10700000,5350,2.961,64.693,64.396,64.989
default_lr016_lookup,atual,0.016,10800000,5400,2.99,64.627,64.33,64.923
default_lr016_lookup,atual,0.016,10900000,5450,3.028,64.337,64.04,64.633
default_lr016_lookup,atual,0.016,11000000,5500,3.056,64.825,64.528,65.12
default_lr016_lookup,atual,0.016,11100000,5550,3.084,64.61,64.313,64.906
default_lr016_lookup,atual,0.016,11200000,5600,3.112,64.702,64.405,64.998
default_lr016_lookup,atual,0.016,11300000,5650,3.139,64.571,64.274,64.867
default_lr016_lookup,atual,0.016,11400000,5700,3.167,64.698,64.401,64.994
default_lr016_lookup,atual,0.016,11500000,5750,3.196,64.736,64.439,65.032
default_lr016_lookup,atual,0.016,11600000,5800,3.224,64.368,64.071,64.664
default_lr016_lookup,atual,0.016,11700000,5850,3.254,64.523,64.226,64.819
default_lr016_lookup,atual,0.016,11800000,5900,3.282,64.65,64.353,64.946
default_lr016_lookup,atual,0.016,11900000,5950,3.31,64.652,64.355,64.948
default_lr016_lookup,atual,0.016,12000000,6000,3.338,64.668,64.371,64.964
default_lr016_lookup,atual,0.016,12100000,6050,3.366,64.707,64.41,65.003
default_lr016_lookup,atual,0.016,12200000,6100,3.395,64.776,64.479,65.071
default_lr016_lookup,atual,0.016,12300000,6150,3.424,64.479,64.182,64.775
default_lr016_lookup,atual,0.016,12400000,6200,3.453,64.944,64.648,65.239
default_lr016_lookup,atual,0.016,12500000,6250,3.482,64.495,64.198,64.791
default_lr016_lookup,atual,0.016,12600000,6300,3.511,64.479,64.182,64.775
default_lr016_lookup,atual,0.016,12700000,6350,3.541,64.483,64.186,64.779
default_lr016_lookup,atual,0.016,12800000,6400,3.569,64.575,64.278,64.871
default_lr016_lookup,atual,0.016,12900000,6450,3.597,64.491,64.194,64.787
default_lr016_lookup,atual,0.016,13000000,6500,3.626,64.686,64.389,64.982
default_lr016_lookup,atual,0.016,13100000,6550,3.656,64.409,64.112,64.705
default_lr016_lookup,atual,0.016,13200000,6600,3.687,64.883,64.587,65.178
default_lr016_lookup,atual,0.016,13300000,6650,3.718,64.777,64.48,65.072
default_lr016_lookup,atual,0.016,13400000,6700,3.748,64.598,64.301,64.894
default_lr016_lookup,atual,0.016,13500000,6750,3.779,64.636,64.339,64.932
default_lr016_lookup,atual,0.016,13600000,6800,3.809,64.752,64.455,65.048
default_lr016_lookup,atual,0.016,13700000,6850,3.837,64.829,64.532,65.124
default_lr016_lookup,atual,0.016,13800000,6900,3.866,64.666,64.369,64.962
default_lr016_lookup,atual,0.016,13900000,6950,3.894,64.523,64.226,64.819
default_lr016_lookup,atual,0.016,14000000,7000,3.923,64.686,64.389,64.982
default_lr016_lookup,atual,0.016,14100000,7050,3.952,64.667,64.37,64.963
default_lr016_lookup,atual,0.016,14200000,7100,3.98,64.738,64.441,65.034
default_lr016_lookup,atual,0.016,14300000,7150,4.008,64.67,64.373,64.966
default_lr016_lookup,atual,0.016,14400000,7200,4.036,64.656,64.359,64.952
default_lr016_lookup,atual,0.016,14500000,7250,4.064,64.669,64.372,64.965
default_lr016_lookup,atual,0.016,14600000,7300,4.097,64.603,64.306,64.899
default_lr016_lookup,atual,0.016,14700000,7350,4.13,64.637,64.34,64.933
default_lr016_lookup,atual,0.016,14800000,7400,4.162,64.637,64.34,64.933
default_lr016_lookup,atual,0.016,14900000,7450,4.194,64.975,64.679,65.27
default_lr016_lookup,atual,0.016,15000000,7500,4.226,64.848,64.552,65.143
default_lr016_lookup,atual,0.016,15100000,7550,4.257,64.844,64.548,65.139
default_lr016_lookup,atual,0.016,15200000,7600,4.287,64.78,64.483,65.075
default_lr016_lookup,atual,0.016,15300000,7650,4.318,64.74,64.443,65.036
default_lr016_lookup,atual,0.016,15400000,7700,4.35,65.103,64.807,65.398
default_lr016_lookup,atual,0.016,15500000,7750,4.383,64.735,64.438,65.031
default_lr016_lookup,atual,0.016,15600000,7800,4.415,64.802,64.505,65.097
default_lookup,atual,0.001,0,0,0.006,62.631,62.331,62.93
default_lookup,atual,0.001,100000,50,0.034,63.579,63.28,63.877
default_lookup,atual,0.001,200000,100,0.061,63.973,63.675,64.27
default_lookup,atual,0.001,300000,150,0.088,64.103,63.805,64.4
default_lookup,atual,0.001,400000,200,0.116,63.938,63.64,64.235
default_lookup,atual,0.001,500000,250,0.143,64.036,63.738,64.333
default_lookup,atual,0.001,600000,300,0.171,64.006,63.708,64.303
default_lookup,atual,0.001,700000,350,0.198,64.205,63.907,64.502
default_lookup,atual,0.001,800000,400,0.226,64.085,63.787,64.382
default_lookup,atual,0.001,900000,450,0.253,63.871,63.573,64.168
default_lookup,atual,0.001,1000000,500,0.281,64.05,63.752,64.347
default_lookup,atual,0.001,1100000,550,0.309,64.115,63.817,64.412
default_lookup,atual,0.001,1200000,600,0.337,64.076,63.778,64.373
default_lookup,atual,0.001,1300000,650,0.364,64.125,63.827,64.422
default_lookup,atual,0.001,1400000,700,0.392,64.039,63.741,64.336
default_lookup,atual,0.001,1500000,750,0.42,63.961,63.663,64.258
default_lookup,atual,0.001,1600000,800,0.448,64.221,63.923,64.518
default_lookup,atual,0.001,1700000,850,0.476,64.131,63.833,64.428
default_lookup,atual,0.001,1800000,900,0.504,64.195,63.897,64.492
default_lookup,atual,0.001,1900000,950,0.531,64.358,64.061,64.654
default_lookup,atual,0.001,2000000,1000,0.559,64.439,64.142,64.735
default_lookup,atual,0.001,2100000,1050,0.587,64.303,64.006,64.599
default_lookup,atual,0.001,2200000,1100,0.615,64.233,63.935,64.53
default_lookup,atual,0.001,2300000,1150,0.643,64.296,63.998,64.592
default_lookup,atual,0.001,2400000,1200,0.671,64.457,64.16,64.753
default_lookup,atual,0.001,2500000,1250,0.698,64.324,64.027,64.62
default_lookup,atual,0.001,2600000,1300,0.726,64.497,64.2,64.793
default_lookup,atual,0.001,2700000,1350,0.754,64.539,64.242,64.835
default_lookup,atual,0.001,2800000,1400,0.782,64.546,64.249,64.842
default_lookup,atual,0.001,2900000,1450,0.81,64.522,64.225,64.818
default_lookup,atual,0.001,3000000,1500,0.838,64.676,64.379,64.972
default_lookup,atual,0.001,3100000,1550,0.866,64.555,64.258,64.851
default_lookup,atual,0.001,3200000,1600,0.894,64.653,64.356,64.949
default_lookup,atual,0.001,3300000,1650,0.922,64.611,64.314,64.907
default_lookup,atual,0.001,3400000,1700,0.95,64.592,64.295,64.888
default_lookup,atual,0.001,3500000,1750,0.978,64.661,64.364,64.957
default_lookup,atual,0.001,3600000,1800,1.006,64.755,64.458,65.051
default_lookup,atual,0.001,3700000,1850,1.034,64.549,64.252,64.845
default_lookup,atual,0.001,3800000,1900,1.062,64.517,64.22,64.813
default_lookup,atual,0.001,3900000,1950,1.09,64.747,64.45,65.043
default_lookup,atual,0.001,4000000,2000,1.118,64.582,64.285,64.878
default_lookup,atual,0.001,4100000,2050,1.146,64.739,64.442,65.035
default_lookup,atual,0.001,4200000,2100,1.174,64.803,64.506,65.098
default_lookup,atual,0.001,4300000,2150,1.202,64.772,64.475,65.067
default_lookup,atual,0.001,4400000,2200,1.231,64.776,64.479,65.071
default_lookup,atual,0.001,4500000,2250,1.258,64.702,64.405,64.998
default_lookup,atual,0.001,4600000,2300,1.286,64.816,64.519,65.111
default_lookup,atual,0.001,4700000,2350,1.315,64.711,64.414,65.007
default_lookup,atual,0.001,4800000,2400,1.343,64.564,64.267,64.86
default_lookup,atual,0.001,4900000,2450,1.37,64.72,64.423,65.016
default_lookup,atual,0.001,5000000,2500,1.399,64.693,64.396,64.989
default_lookup,atual,0.001,5100000,2550,1.427,64.678,64.381,64.974
default_lookup,atual,0.001,5200000,2600,1.455,64.901,64.605,65.196
default_lookup,atual,0.001,5300000,2650,1.483,64.818,64.521,65.113
default_lookup,atual,0.001,5400000,2700,1.511,64.909,64.613,65.204
default_lookup,atual,0.001,5500000,2750,1.539,64.904,64.608,65.199
default_lookup,atual,0.001,5600000,2800,1.567,64.66,64.363,64.956
default_lookup,atual,0.001,5700000,2850,1.595,64.877,64.581,65.172
default_lookup,atual,0.001,5800000,2900,1.623,64.826,64.529,65.121
default_lookup,atual,0.001,5900000,2950,1.651,64.823,64.526,65.118
default_lookup,atual,0.001,6000000,3000,1.679,65.035,64.739,65.33
default_lookup,atual,0.001,6100000,3050,1.707,64.966,64.67,65.261
default_lookup,atual,0.001,6200000,3100,1.736,64.766,64.469,65.062
default_lookup,atual,0.001,6300000,3150,1.764,64.586,64.289,64.882
default_lookup,atual,0.001,6400000,3200,1.792,64.623,64.326,64.919
default_lookup,atual,0.001,6500000,3250,1.82,64.769,64.472,65.065
default_lookup,atual,0.001,6600000,3300,1.848,64.738,64.441,65.034
default_lookup,atual,0.001,6700000,3350,1.876,64.823,64.526,65.118
default_lookup,atual,0.001,6800000,3400,1.904,64.825,64.528,65.12
default_lookup,atual,0.001,6900000,3450,1.932,64.827,64.53,65.122
default_lookup,atual,0.001,7000000,3500,1.96,64.914,64.618,65.209
default_lookup,atual,0.001,7100000,3550,1.989,64.602,64.305,64.898
default_lookup,atual,0.001,7200000,3600,2.016,64.972,64.676,65.267
default_lookup,atual,0.001,7300000,3650,2.045,64.874,64.578,65.169
default_lookup,atual,0.001,7400000,3700,2.073,64.843,64.547,65.138
default_lookup,atual,0.001,7500000,3750,2.101,64.893,64.597,65.188
default_lookup,atual,0.001,7600000,3800,2.129,64.888,64.592,65.183
default_lookup,atual,0.001,7700000,3850,2.157,65.14,64.844,65.435
default_lookup,atual,0.001,7800000,3900,2.185,65.09,64.794,65.385
default_lookup,atual,0.001,7900000,3950,2.213,64.957,64.661,65.252
default_lookup,atual,0.001,8000000,4000,2.242,64.807,64.51,65.102
default_lookup,atual,0.001,8100000,4050,2.27,64.727,64.43,65.023
default_lookup,atual,0.001,8200000,4100,2.298,64.785,64.488,65.08
default_lookup,atual,0.001,8300000,4150,2.326,65.014,64.718,65.309
default_lookup,atual,0.001,8400000,4200,2.354,64.682,64.385,64.978
default_lookup,atual,0.001,8500000,4250,2.382,64.737,64.44,65.033
default_lookup,atual,0.001,8600000,4300,2.411,64.92,64.624,65.215
default_lookup,atual,0.001,8700000,4350,2.439,64.851,64.555,65.146
default_lookup,atual,0.001,8800000,4400,2.467,64.947,64.651,65.242
default_lookup,atual,0.001,8900000,4450,2.495,64.836,64.539,65.131
default_lookup,atual,0.001,9000000,4500,2.523,65.052,64.756,65.347
default_lookup,atual,0.001,9100000,4550,2.552,64.984,64.688,65.279
default_lookup,atual,0.001,9200000,4600,2.579,64.924,64.628,65.219
default_lookup,atual,0.001,9300000,4650,2.608,64.928,64.632,65.223
default_lookup,atual,0.001,9400000,4700,2.636,64.881,64.585,65.176
default_lookup,atual,0.001,9500000,4750,2.664,64.787,64.49,65.082
default_lookup,atual,0.001,9600000,4800,2.692,65.03,64.734,65.325
default_lookup,atual,0.001,9700000,4850,2.721,64.815,64.518,65.11
default_lookup,atual,0.001,9800000,4900,2.749,64.721,64.424,65.017
default_lookup,atual,0.001,9900000,4950,2.777,64.79,64.493,65.085
default_lookup,atual,0.001,10000000,5000,2.805,64.695,64.398,64.991
default_lookup,atual,0.001,10100000,5050,2.833,65.038,64.742,65.333
default_lookup,atual,0.001,10200000,5100,2.861,64.884,64.588,65.179
default_lookup,atual,0.001,10300000,5150,2.889,64.74,64.443,65.036
default_lookup,atual,0.001,10400000,5200,2.918,64.795,64.498,65.09
default_lookup,atual,0.001,10500000,5250,2.946,64.714,64.417,65.01
default_lookup,atual,0.001,10600000,5300,2.974,64.599,64.302,64.895
default_lookup,atual,0.001,10700000,5350,3.003,65.098,64.802,65.393
default_lookup,atual,0.001,10800000,5400,3.031,65.006,64.71,65.301
default_lookup,atual,0.001,10900000,5450,3.059,65.046,64.75,65.341
default_lookup,atual,0.001,11000000,5500,3.087,65.013,64.717,65.308
default_lookup,atual,0.001,11100000,5550,3.115,64.954,64.658,65.249
default_lookup,atual,0.001,11200000,5600,3.144,64.829,64.532,65.124
default_lookup,atual,0.001,11300000,5650,3.172,64.905,64.609,65.2
default_lookup,atual,0.001,11400000,5700,3.2,64.892,64.596,65.187
default_lookup,atual,0.001,11500000,5750,3.228,64.968,64.672,65.263
default_lookup,atual,0.001,11600000,5800,3.256,64.893,64.597,65.188
default_lookup,atual,0.001,11700000,5850,3.285,65.03,64.734,65.325
default_lookup,atual,0.001,11800000,5900,3.313,65.04,64.744,65.335
default_lookup,atual,0.001,11900000,5950,3.341,64.999,64.703,65.294
default_lookup,atual,0.001,12000000,6000,3.369,64.972,64.676,65.267
default_lookup,atual,0.001,12100000,6050,3.397,65.004,64.708,65.299
default_lookup,atual,0.001,12200000,6100,3.425,64.892,64.596,65.187
default_lookup,atual,0.001,12300000,6150,3.453,65.165,64.869,65.46
default_lookup,atual,0.001,12400000,6200,3.481,65.239,64.943,65.534
default_lookup,atual,0.001,12500000,6250,3.509,64.942,64.646,65.237
default_lookup,atual,0.001,12600000,6300,3.538,65.011,64.715,65.306
default_lookup,atual,0.001,12700000,6350,3.566,64.983,64.687,65.278
default_lookup,atual,0.001,12800000,6400,3.594,64.987,64.691,65.282
default_lookup,atual,0.001,12900000,6450,3.622,64.73,64.433,65.026
default_lookup,atual,0.001,13000000,6500,3.65,65.071,64.775,65.366
default_lookup,atual,0.001,13100000,6550,3.679,65.078,64.782,65.373
default_lookup,atual,0.001,13200000,6600,3.707,64.918,64.622,65.213
default_lookup,atual,0.001,13300000,6650,3.735,64.93,64.634,65.225
default_lookup,atual,0.001,13400000,6700,3.763,64.905,64.609,65.2
default_lookup,atual,0.001,13500000,6750,3.792,64.914,64.618,65.209
default_lookup,atual,0.001,13600000,6800,3.82,65.023,64.727,65.318
default_lookup,atual,0.001,13700000,6850,3.848,65.075,64.779,65.37
default_lookup,atual,0.001,13800000,6900,3.876,64.973,64.677,65.268
default_lookup,atual,0.001,13900000,6950,3.904,65.103,64.807,65.398
default_lookup,atual,0.001,14000000,7000,3.932,64.939,64.643,65.234
default_lookup,atual,0.001,14100000,7050,3.96,64.969,64.673,65.264
default_lookup,atual,0.001,14200000,7100,3.989,65.032,64.736,65.327
default_lookup,atual,0.001,14300000,7150,4.017,64.983,64.687,65.278
default_lookup,atual,0.001,14400000,7200,4.045,64.85,64.554,65.145
default_lookup,atual,0.001,14500000,7250,4.073,65.029,64.733,65.324
default_lookup,atual,0.001,14600000,7300,4.101,65.01,64.714,65.305
default_lookup,atual,0.001,14700000,7350,4.129,65.011,64.715,65.306
default_lookup,atual,0.001,14800000,7400,4.158,65.071,64.775,65.366
default_lookup,atual,0.001,14900000,7450,4.186,65.005,64.709,65.3
default_lookup,atual,0.001,15000000,7500,4.214,65.07,64.774,65.365
default_lookup,atual,0.001,15100000,7550,4.242,65.098,64.802,65.393
default_lookup,atual,0.001,15200000,7600,4.27,64.97,64.674,65.265
default_lookup,atual,0.001,15300000,7650,4.298,64.775,64.478,65.07
default_lookup,atual,0.001,15400000,7700,4.327,64.994,64.698,65.289
default_lookup,atual,0.001,15500000,7750,4.355,65.047,64.751,65.342
default_lookup,atual,0.001,15600000,7800,4.383,65.176,64.88,65.471
default_lookup,atual,0.001,15700000,7850,4.411,64.906,64.61,65.201
default_lookup,atual,0.001,15800000,7900,4.44,64.932,64.636,65.227
default_lookup,atual,0.001,15900000,7950,4.468,64.967,64.671,65.262
default_lookup,atual,0.001,16000000,8000,4.496,64.875,64.579,65.17
default_lookup,atual,0.001,16100000,8050,4.524,65.152,64.856,65.447
default_lookup,atual,0.001,16200000,8100,4.552,64.915,64.619,65.21
default_lookup,atual,0.001,16300000,8150,4.581,64.992,64.696,65.287
default_lookup,atual,0.001,16400000,8200,4.609,65.049,64.753,65.344
default_lookup,atual,0.001,16500000,8250,4.637,64.936,64.64,65.231
default_lookup,atual,0.001,16600000,8300,4.665,65.14,64.844,65.435
default_lookup,atual,0.001,16700000,8350,4.694,65.044,64.748,65.339
default_lookup,atual,0.001,16800000,8400,4.722,64.998,64.702,65.293
default_lookup,atual,0.001,16900000,8450,4.751,64.894,64.598,65.189
default_lookup,atual,0.001,17000000,8500,4.779,65.13,64.834,65.425
default_lookup,atual,0.001,17100000,8550,4.807,65.139,64.843,65.434
default_lookup,atual,0.001,17200000,8600,4.835,64.978,64.682,65.273
default_lookup,atual,0.001,17300000,8650,4.864,65.112,64.816,65.407
default_lookup,atual,0.001,17400000,8700,4.892,65.108,64.812,65.403
default_lookup,atual,0.001,17500000,8750,4.92,64.982,64.686,65.277
default_lookup,atual,0.001,17600000,8800,4.948,65.106,64.81,65.401
default_lookup,atual,0.001,17700000,8850,4.977,65.131,64.835,65.426
default_lookup,atual,0.001,17800000,8900,5.005,65.211,64.915,65.506
default_lookup,atual,0.001,17900000,8950,5.033,65.108,64.812,65.403
default_lookup,atual,0.001,18000000,9000,5.061,65.03,64.734,65.325
default_lookup,atual,0.001,18100000,9050,5.09,65.199,64.903,65.494
default_lookup,atual,0.001,18200000,9100,5.118,64.823,64.526,65.118
default_lookup,atual,0.001,18300000,9150,5.146,65.163,64.867,65.458
default_lookup,atual,0.001,18400000,9200,5.174,65.109,64.813,65.404
default_lookup,atual,0.001,18500000,9250,5.202,65.208,64.912,65.503
default_lookup,atual,0.001,18600000,9300,5.23,64.963,64.667,65.258
default_lookup,atual,0.001,18700000,9350,5.259,65.069,64.773,65.364
default_lookup,atual,0.001,18800000,9400,5.287,65.081,64.785,65.376
default_lookup,atual,0.001,18900000,9450,5.315,64.86,64.564,65.155
default_lookup,atual,0.001,19000000,9500,5.343,64.997,64.701,65.292
default_lookup,atual,0.001,19100000,9550,5.371,64.966,64.67,65.261
default_lookup,atual,0.001,19200000,9600,5.399,64.855,64.559,65.15
default_lookup,atual,0.001,19300000,9650,5.427,65.031,64.735,65.326
default_lookup,atual,0.001,19400000,9700,5.456,65.068,64.772,65.363
default_lookup,atual,0.001,19500000,9750,5.484,65.032,64.736,65.327
default_lookup,atual,0.001,19600000,9800,5.512,65.049,64.753,65.344
default_lookup,atual,0.001,19700000,9850,5.541,65.213,64.917,65.508
default_lookup,atual,0.001,19800000,9900,5.569,65.162,64.866,65.457
default_lookup,atual,0.001,19900000,9950,5.597,64.975,64.679,65.27
default_lookup,atual,0.001,20000000,10000,5.625,65.138,64.842,65.433
default_lookup,atual,0.001,20100000,10050,5.653,65.101,64.805,65.396
default_lookup,atual,0.001,20200000,10100,5.682,64.943,64.647,65.238
default_lookup,atual,0.001,20300000,10150,5.71,65.011,64.715,65.306
default_lookup,atual,0.001,20400000,10200,5.739,65.182,64.886,65.477
default_lookup,atual,0.001,20500000,10250,5.767,64.994,64.698,65.289
default_lookup,atual,0.001,20600000,10300,5.795,65.112,64.816,65.407
default_lookup,atual,0.001,20700000,10350,5.823,65.039,64.743,65.334
default_lookup,atual,0.001,20800000,10400,5.852,65.055,64.759,65.35
default_lookup,atual,0.001,20900000,10450,5.88,64.886,64.59,65.181
default_lookup,atual,0.001,21000000,10500,5.908,64.975,64.679,65.27
default_lookup,atual,0.001,21100000,10550,5.936,65.022,64.726,65.317
default_lookup,atual,0.001,21200000,10600,5.964,65.06,64.764,65.355
default_lookup,atual,0.001,21300000,10650,5.992,64.881,64.585,65.176
default_lookup,atual,0.001,21400000,10700,6.021,64.793,64.496,65.088
default_lookup,atual,0.001,21500000,10750,6.049,65.232,64.936,65.527
default_lookup,atual,0.001,21600000,10800,6.077,65.06,64.764,65.355
default_lookup,atual,0.001,21700000,10850,6.105,65.02,64.724,65.315
default_lookup,atual,0.001,21800000,10900,6.133,64.929,64.633,65.224
default_lookup,atual,0.001,21900000,10950,6.161,65.032,64.736,65.327
default_lookup,atual,0.001,22000000,11000,6.189,65.017,64.721,65.312
default_lookup,atual,0.001,22100000,11050,6.218,65.055,64.759,65.35
default_lookup,atual,0.001,22200000,11100,6.246,65.045,64.749,65.34
default_lookup,atual,0.001,22300000,11150,6.274,64.908,64.612,65.203
default_lookup,atual,0.001,22400000,11200,6.302,65.187,64.891,65.482
default_lookup,atual,0.001,22500000,11250,6.33,65.121,64.825,65.416
default_lookup,atual,0.001,22600000,11300,6.359,65.182,64.886,65.477
default_lookup,atual,0.001,22700000,11350,6.387,65.18,64.884,65.475
default_lookup,atual,0.001,22800000,11400,6.415,65.156,64.86,65.451
default_lookup,atual,0.001,22900000,11450,6.443,65.054,64.758,65.349
default_lookup,atual,0.001,23000000,11500,6.472,64.982,64.686,65.277
default_lookup,atual,0.001,23100000,11550,6.5,65.023,64.727,65.318
default_lookup,atual,0.001,23200000,11600,6.528,65.102,64.806,65.397
default_lookup,atual,0.001,23300000,11650,6.556,65.064,64.768,65.359
default_lookup,atual,0.001,23400000,11700,6.584,65.155,64.859,65.45
default_lookup,atual,0.001,23500000,11750,6.612,64.805,64.508,65.1
default_lookup,atual,0.001,23600000,11800,6.641,64.912,64.616,65.207
default_lookup,atual,0.001,23700000,11850,6.669,65.116,64.82,65.411
default_lookup,atual,0.001,23800000,11900,6.697,64.935,64.639,65.23
default_lookup,atual,0.001,23900000,11950,6.725,65.032,64.736,65.327
default_lookup,atual,0.001,24000000,12000,6.754,65.335,65.039,65.629
default_lookup,atual,0.001,24100000,12050,6.782,65.032,64.736,65.327
default_lookup,atual,0.001,24200000,12100,6.81,64.984,64.688,65.279
default_lookup,atual,0.001,24300000,12150,6.838,64.983,64.687,65.278
default_lookup,atual,0.001,24400000,12200,6.866,65.121,64.825,65.416
default_lookup,atual,0.001,24500000,12250,6.895,64.9,64.604,65.195
default_lookup,atual,0.001,24600000,12300,6.923,65.021,64.725,65.316
default_lookup,atual,0.001,24700000,12350,6.951,65.017,64.721,65.312
default_lookup,atual,0.001,24800000,12400,6.98,65.16,64.864,65.455
default_lookup,atual,0.001,24900000,12450,7.008,64.958,64.662,65.253
default_lookup,atual,0.001,25000000,12500,7.036,65.188,64.892,65.483
default_lookup,atual,0.001,25100000,12550,7.064,65.044,64.748,65.339
default_lookup,atual,0.001,25200000,12600,7.092,64.994,64.698,65.289
default_lookup,atual,0.001,25300000,12650,7.12,65.178,64.882,65.473
default_lookup,atual,0.001,25400000,12700,7.148,65.22,64.924,65.515
default_lookup,atual,0.001,25500000,12750,7.177,65.175,64.879,65.47
default_lookup,atual,0.001,25600000,12800,7.205,65.116,64.82,65.411
rick_heuristic,atual,0.002,0,0,0.011,62.633,62.333,62.932
rick_heuristic,atual,0.002,100000,50,0.051,63.764,63.466,64.061
rick_heuristic,atual,0.002,200000,100,0.092,63.707,63.408,64.004
rick_heuristic,atual,0.002,300000,150,0.132,64.086,63.788,64.383
rick_heuristic,atual,0.002,400000,200,0.173,63.969,63.671,64.266
rick_heuristic,atual,0.002,500000,250,0.213,64.011,63.713,64.308
rick_heuristic,atual,0.002,600000,300,0.254,63.894,63.596,64.191
rick_heuristic,atual,0.002,700000,350,0.294,63.95,63.652,64.247
rick_heuristic,atual,0.002,800000,400,0.335,64.044,63.746,64.341
rick_heuristic,atual,0.002,900000,450,0.376,64.129,63.831,64.426
rick_heuristic,atual,0.002,1000000,500,0.417,64.186,63.888,64.483
rick_heuristic,atual,0.002,1100000,550,0.457,64.034,63.736,64.331
rick_heuristic,atual,0.002,1200000,600,0.498,64.065,63.767,64.362
rick_heuristic,atual,0.002,1300000,650,0.539,64.071,63.773,64.368
rick_heuristic,atual,0.002,1400000,700,0.58,64.287,63.989,64.583
rick_heuristic,atual,0.002,1500000,750,0.62,64.12,63.822,64.417
rick_heuristic,atual,0.002,1600000,800,0.661,64.489,64.192,64.785
rick_heuristic,atual,0.002,1700000,850,0.702,64.263,63.965,64.559
rick_heuristic,atual,0.002,1800000,900,0.742,64.489,64.192,64.785
rick_heuristic,atual,0.002,1900000,950,0.783,64.584,64.287,64.88
rick_heuristic,atual,0.002,2000000,1000,0.824,64.321,64.024,64.617
rick_heuristic,atual,0.002,2100000,1050,0.865,64.355,64.058,64.651
rick_heuristic,atual,0.002,2200000,1100,0.905,64.404,64.107,64.7
rick_heuristic,atual,0.002,2300000,1150,0.946,64.499,64.202,64.795
rick_heuristic,atual,0.002,2400000,1200,0.987,64.537,64.24,64.833
rick_heuristic,atual,0.002,2500000,1250,1.028,64.57,64.273,64.866
rick_heuristic,atual,0.002,2600000,1300,1.068,64.448,64.151,64.744
rick_heuristic,atual,0.002,2700000,1350,1.109,64.247,63.949,64.544
rick_heuristic,atual,0.002,2800000,1400,1.15,64.282,63.984,64.578
rick_heuristic,atual,0.002,2900000,1450,1.191,64.362,64.065,64.658
rick_heuristic,atual,0.002,3000000,1500,1.232,64.581,64.284,64.877
rick_heuristic,atual,0.002,3100000,1550,1.272,64.569,64.272,64.865
rick_heuristic,atual,0.002,3200000,1600,1.313,64.49,64.193,64.786
rick_heuristic,atual,0.002,3300000,1650,1.354,64.575,64.278,64.871
rick_heuristic,atual,0.002,3400000,1700,1.395,64.711,64.414,65.007
rick_heuristic,atual,0.002,3500000,1750,1.435,64.339,64.042,64.635
rick_heuristic,atual,0.002,3600000,1800,1.476,64.544,64.247,64.84
rick_heuristic,atual,0.002,3700000,1850,1.516,64.613,64.316,64.909
rick_heuristic,atual,0.002,3800000,1900,1.557,64.703,64.406,64.999
rick_heuristic,atual,0.002,3900000,1950,1.598,64.5,64.203,64.796
rick_heuristic,atual,0.002,4000000,2000,1.639,64.534,64.237,64.83
rick_heuristic,atual,0.002,4100000,2050,1.68,64.817,64.52,65.112
rick_heuristic,atual,0.002,4200000,2100,1.721,64.802,64.505,65.097
rick_heuristic,atual,0.002,4300000,2150,1.762,64.652,64.355,64.948
rick_heuristic,atual,0.002,4400000,2200,1.802,64.782,64.485,65.077
rick_heuristic,atual,0.002,4500000,2250,1.843,64.859,64.563,65.154
rick_heuristic,atual,0.002,4600000,2300,1.884,64.659,64.362,64.955
rick_heuristic,atual,0.002,4700000,2350,1.925,64.797,64.5,65.092
rick_heuristic,atual,0.002,4800000,2400,1.965,64.815,64.518,65.11
rick_heuristic,atual,0.002,4900000,2450,2.006,64.467,64.17,64.763
rick_heuristic,atual,0.002,5000000,2500,2.047,64.78,64.483,65.075
rick_heuristic,atual,0.002,5100000,2550,2.088,64.761,64.464,65.057
rick_heuristic,atual,0.002,5200000,2600,2.129,64.82,64.523,65.115
rick_heuristic,atual,0.002,5300000,2650,2.169,64.996,64.7,65.291
rick_heuristic,atual,0.002,5400000,2700,2.21,64.991,64.695,65.286
rick_heuristic,atual,0.002,5500000,2750,2.251,64.706,64.409,65.002
rick_heuristic,atual,0.002,5600000,2800,2.292,64.853,64.557,65.148
rick_heuristic,atual,0.002,5700000,2850,2.333,64.86,64.564,65.155
rick_heuristic,atual,0.002,5800000,2900,2.374,64.859,64.563,65.154
rick_heuristic,atual,0.002,5900000,2950,2.414,64.883,64.587,65.178
rick_heuristic,atual,0.002,6000000,3000,2.455,64.878,64.582,65.173
rick_heuristic,atual,0.002,6100000,3050,2.496,64.963,64.667,65.258
rick_heuristic,atual,0.002,6200000,3100,2.537,64.706,64.409,65.002
rick_heuristic,atual,0.002,6300000,3150,2.578,64.652,64.355,64.948
rick_heuristic,atual,0.002,6400000,3200,2.619,64.8,64.503,65.095
rick_heuristic,atual,0.002,6500000,3250,2.659,64.924,64.628,65.219
rick_heuristic,atual,0.002,6600000,3300,2.7,64.976,64.68,65.271
rick_heuristic,atual,0.002,6700000,3350,2.741,65.048,64.752,65.343
rick_heuristic,atual,0.002,6800000,3400,2.782,64.876,64.58,65.171
rick_heuristic,atual,0.002,6900000,3450,2.823,64.889,64.593,65.184
rick_heuristic,atual,0.002,7000000,3500,2.864,64.837,64.54,65.132
rick_heuristic,atual,0.002,7100000,3550,2.904,64.751,64.454,65.047
rick_heuristic,atual,0.002,7200000,3600,2.945,64.955,64.659,65.25
rick_heuristic,atual,0.002,7300000,3650,2.986,64.805,64.508,65.1
rick_heuristic,atual,0.002,7400000,3700,3.026,64.897,64.601,65.192
rick_heuristic,atual,0.002,7500000,3750,3.067,64.871,64.575,65.166
rick_heuristic,atual,0.002,7600000,3800,3.108,64.943,64.647,65.238
rick_heuristic,atual,0.002,7700000,3850,3.148,64.944,64.648,65.239
rick_heuristic,atual,0.002,7800000,3900,3.189,65.036,64.74,65.331
rick_heuristic,atual,0.002,7900000,3950,3.23,64.885,64.589,65.18
rick_heuristic,atual,0.002,8000000,4000,3.271,64.751,64.454,65.047
rick_heuristic,atual,0.002,8100000,4050,3.311,64.995,64.699,65.29
rick_heuristic,atual,0.002,8200000,4100,3.352,64.858,64.562,65.153
rick_heuristic,atual,0.002,8300000,4150,3.393,64.948,64.652,65.243
rick_heuristic,atual,0.002,8400000,4200,3.433,64.842,64.545,65.137
rick_heuristic,atual,0.002,8500000,4250,3.474,64.848,64.552,65.143
rick_heuristic,atual,0.002,8600000,4300,3.514,65.061,64.765,65.356
rick_heuristic,atual,0.002,8700000,4350,3.555,64.983,64.687,65.278
rick_heuristic,atual,0.002,8800000,4400,3.596,64.919,64.623,65.214
rick_heuristic,atual,0.002,8900000,4450,3.637,65.009,64.713,65.304
rick_heuristic,atual,0.002,9000000,4500,3.677,65.012,64.716,65.307
rick_heuristic,atual,0.002,9100000,4550,3.718,65.031,64.735,65.326
rick_heuristic,atual,0.002,9200000,4600,3.759,64.834,64.537,65.129
rick_heuristic,atual,0.002,9300000,4650,3.8,64.939,64.643,65.234
rick_heuristic,atual,0.002,9400000,4700,3.84,64.975,64.679,65.27
rick_heuristic,atual,0.002,9500000,4750,3.881,65.004,64.708,65.299
rick_heuristic,atual,0.002,9600000,4800,3.922,64.902,64.606,65.197
rick_heuristic,atual,0.002,9700000,4850,3.963,64.946,64.65,65.241
rick_heuristic,atual,0.002,9800000,4900,4.003,65.056,64.76,65.351
rick_heuristic,atual,0.002,9900000,4950,4.044,64.935,64.639,65.23
rick_heuristic,atual,0.002,10000000,5000,4.085,64.809,64.512,65.104
rick_heuristic,atual,0.002,10100000,5050,4.125,64.928,64.632,65.223
rick_heuristic,atual,0.002,10200000,5100,4.166,64.816,64.519,65.111
rick_heuristic,atual,0.002,10300000,5150,4.207,64.757,64.46,65.053
rick_heuristic,atual,0.002,10400000,5200,4.248,64.976,64.68,65.271
rick_heuristic,atual,0.002,10500000,5250,4.288,64.973,64.677,65.268
rick_heuristic,atual,0.002,10600000,5300,4.329,64.861,64.565,65.156
rick_heuristic,atual,0.002,10700000,5350,4.37,64.931,64.635,65.226
rick_heuristic,atual,0.002,10800000,5400,4.411,64.948,64.652,65.243
rick_heuristic,atual,0.002,10900000,5450,4.451,64.821,64.524,65.116
rick_heuristic,atual,0.002,11000000,5500,4.492,65.022,64.726,65.317
rick_heuristic,atual,0.002,11100000,5550,4.533,64.919,64.623,65.214
rick_heuristic,atual,0.002,11200000,5600,4.573,64.874,64.578,65.169
rick_heuristic,atual,0.002,11300000,5650,4.614,65.017,64.721,65.312
rick_heuristic,atual,0.002,11400000,5700,4.655,65.084,64.788,65.379
rick_heuristic,atual,0.002,11500000,5750,4.696,64.845,64.549,65.14
rick_heuristic,atual,0.002,11600000,5800,4.736,64.857,64.561,65.152
rick_heuristic,atual,0.002,11700000,5850,4.777,65.028,64.732,65.323
rick_heuristic,atual,0.002,11800000,5900,4.818,64.954,64.658,65.249
rick_heuristic,atual,0.002,11900000,5950,4.859,64.845,64.549,65.14
rick_heuristic,atual,0.002,12000000,6000,4.899,64.959,64.663,65.254
rick_heuristic,atual,0.002,12100000,6050,4.94,65.033,64.737,65.328
rick_heuristic,atual,0.002,12200000,6100,4.981,64.783,64.486,65.078
rick_heuristic,atual,0.002,12300000,6150,5.022,65.054,64.758,65.349
rick_heuristic,atual,0.002,12400000,6200,5.062,64.911,64.615,65.206
rick_heuristic,atual,0.002,12500000,6250,5.103,65.397,65.102,65.691
rick_heuristic,atual,0.002,12600000,6300,5.144,65.13,64.834,65.425
rick_heuristic,atual,0.002,12700000,6350,5.185,65.105,64.809,65.4
rick_heuristic,atual,0.002,12800000,6400,5.226,64.922,64.626,65.217
rick_heuristic,atual,0.002,12900000,6450,5.266,64.84,64.543,65.135
rick_heuristic,atual,0.002,13000000,6500,5.307,65.175,64.879,65.47
rick_heuristic,atual,0.002,13100000,6550,5.348,65.197,64.901,65.492
rick_heuristic,atual,0.002,13200000,6600,5.389,65.153,64.857,65.448
rick_heuristic,atual,0.002,13300000,6650,5.43,64.917,64.621,65.212
rick_heuristic,atual,0.002,13400000,6700,5.47,64.884,64.588,65.179
rick_heuristic,atual,0.002,13500000,6750,5.511,64.772,64.475,65.067
rick_heuristic,atual,0.002,13600000,6800,5.552,65.06,64.764,65.355
rick_heuristic,atual,0.002,13700000,6850,5.593,64.99,64.694,65.285
rick_heuristic,atual,0.002,13800000,6900,5.633,64.819,64.522,65.114
rick_heuristic,atual,0.002,13900000,6950,5.674,64.878,64.582,65.173
rick_heuristic,atual,0.002,14000000,7000,5.715,65.015,64.719,65.31
rick_heuristic,atual,0.002,14100000,7050,5.756,64.729,64.432,65.025
rick_heuristic,atual,0.002,14200000,7100,5.796,64.931,64.635,65.226
rick_heuristic,atual,0.002,14300000,7150,5.837,64.748,64.451,65.044
rick_heuristic,atual,0.002,14400000,7200,5.878,65.067,64.771,65.362
rick_heuristic,atual,0.002,14500000,7250,5.918,64.856,64.56,65.151
rick_heuristic,atual,0.002,14600000,7300,5.959,64.814,64.517,65.109
rick_heuristic,atual,0.002,14700000,7350,6.0,65.104,64.808,65.399
rick_heuristic,atual,0.002,14800000,7400,6.041,64.999,64.703,65.294
rick_heuristic,atual,0.002,14900000,7450,6.081,64.879,64.583,65.174
rick_heuristic,atual,0.002,15000000,7500,6.122,64.937,64.641,65.232
rick_heuristic,atual,0.002,15100000,7550,6.162,64.947,64.651,65.242
rick_heuristic,atual,0.002,15200000,7600,6.203,65.127,64.831,65.422
rick_heuristic,atual,0.002,15300000,7650,6.244,64.709,64.412,65.005
rick_heuristic,atual,0.002,15400000,7700,6.285,64.949,64.653,65.244
rick_heuristic,atual,0.002,15500000,7750,6.325,64.901,64.605,65.196
rick_heuristic,atual,0.002,15600000,7800,6.366,65.171,64.875,65.466
rick_heuristic,atual,0.002,15700000,7850,6.407,65.08,64.784,65.375
rick_heuristic,atual,0.002,15800000,7900,6.447,65.026,64.73,65.321
rick_heuristic,atual,0.002,15900000,7950,6.488,64.986,64.69,65.281
rick_heuristic,atual,0.002,16000000,8000,6.529,64.908,64.612,65.203
rick_heuristic,atual,0.002,16100000,8050,6.569,65.081,64.785,65.376
rick_heuristic,atual,0.002,16200000,8100,6.61,64.869,64.573,65.164
rick_heuristic,atual,0.002,16300000,8150,6.65,64.988,64.692,65.283
rick_heuristic,atual,0.002,16400000,8200,6.691,64.951,64.655,65.246
rick_heuristic,atual,0.002,16500000,8250,6.732,64.877,64.581,65.172
rick_heuristic,atual,0.002,16600000,8300,6.772,65.218,64.922,65.513
rick_heuristic,atual,0.002,16700000,8350,6.813,65.124,64.828,65.419
rick_heuristic,atual,0.002,16800000,8400,6.854,64.924,64.628,65.219
rick_heuristic,atual,0.002,16900000,8450,6.894,64.987,64.691,65.282
rick_heuristic,atual,0.002,17000000,8500,6.935,64.906,64.61,65.201
rick_heuristic,atual,0.002,17100000,8550,6.976,64.991,64.695,65.286
rick_heuristic,atual,0.002,17200000,8600,7.016,64.957,64.661,65.252
rick_heuristic,atual,0.002,17300000,8650,7.057,65.028,64.732,65.323
rick_heuristic,atual,0.002,17400000,8700,7.098,65.096,64.8,65.391
rick_heuristic,atual,0.002,17500000,8750,7.138,65.315,65.019,65.609
rick_heuristic,atual,0.002,17600000,8800,7.179,65.124,64.828,65.419
rick_heuristic,atual,0.002,17700000,8850,7.219,65.313,65.017,65.607
rick_heuristic,atual,0.002,17800000,8900,7.26,64.953,64.657,65.248
rick_heuristic,atual,0.002,17900000,8950,7.301,64.953,64.657,65.248
rick_heuristic,atual,0.002,18000000,9000,7.341,65.045,64.749,65.34
rick_heuristic,atual,0.002,18100000,9050,7.382,64.818,64.521,65.113
rick_heuristic,atual,0.002,18200000,9100,7.423,65.098,64.802,65.393
rick_heuristic,atual,0.002,18300000,9150,7.463,65.008,64.712,65.303
rick_heuristic,atual,0.002,18400000,9200,7.504,64.905,64.609,65.2
rick_heuristic,atual,0.002,18500000,9250,7.545,64.985,64.689,65.28
rick_heuristic,atual,0.002,18600000,9300,7.585,64.944,64.648,65.239
rick_heuristic,atual,0.002,18700000,9350,7.626,64.916,64.62,65.211
rick_heuristic,atual,0.002,18800000,9400,7.667,65.008,64.712,65.303
rick_heuristic,atual,0.002,18900000,9450,7.707,64.967,64.671,65.262
rick_heuristic,atual,0.002,19000000,9500,7.748,64.955,64.659,65.25
rick_heuristic,atual,0.002,19100000,9550,7.789,64.92,64.624,65.215
rick_heuristic,atual,0.002,19200000,9600,7.829,65.075,64.779,65.37
rick_heuristic,atual,0.002,19300000,9650,7.87,65.208,64.912,65.503
rick_heuristic,atual,0.002,19400000,9700,7.911,64.926,64.63,65.221
rick_heuristic,atual,0.002,19500000,9750,7.951,65.088,64.792,65.383
rick_heuristic,atual,0.002,19600000,9800,7.992,64.942,64.646,65.237
rick_heuristic,atual,0.002,19700000,9850,8.033,65.095,64.799,65.39
rick_heuristic,atual,0.002,19800000,9900,8.073,65.006,64.71,65.301
rick_heuristic,atual,0.002,19900000,9950,8.114,64.804,64.507,65.099
rick_heuristic,atual,0.002,20000000,10000,8.155,64.94,64.644,65.235
rick_heuristic,atual,0.002,20100000,10050,8.195,64.995,64.699,65.29
rick_heuristic,atual,0.002,20200000,10100,8.236,65.039,64.743,65.334
rick_heuristic,atual,0.002,20300000,10150,8.277,64.973,64.677,65.268
rick_heuristic,atual,0.002,20400000,10200,8.317,65.275,64.979,65.569
rick_heuristic,atual,0.002,20500000,10250,8.358,65.143,64.847,65.438
rick_random_desktop,atual,0.002,0,0,0.013,62.632,62.332,62.931
rick_random_desktop,atual,0.002,100000,50,0.077,64.036,63.738,64.333
rick_random_desktop,atual,0.002,200000,100,0.14,64.249,63.951,64.546
rick_random_desktop,atual,0.002,300000,150,0.207,64.251,63.953,64.547
rick_random_desktop,atual,0.002,400000,200,0.271,64.236,63.938,64.533
rick_random_desktop,atual,0.002,500000,250,0.336,64.354,64.057,64.65
rick_random_desktop,atual,0.002,600000,300,0.4,64.291,63.993,64.587
rick_random_desktop,atual,0.002,700000,350,0.465,64.527,64.23,64.823
rick_random_desktop,atual,0.002,800000,400,0.53,64.561,64.264,64.857
rick_random_desktop,atual,0.002,900000,450,0.594,64.616,64.319,64.912
rick_random_desktop,atual,0.002,1000000,500,0.658,64.727,64.43,65.023
rick_random_desktop,atual,0.002,1100000,550,0.722,64.723,64.426,65.019
rick_random_desktop,atual,0.002,1200000,600,0.789,64.775,64.478,65.07
rick_random_desktop,atual,0.002,1300000,650,0.862,64.76,64.463,65.056
rick_random_desktop,atual,0.002,1400000,700,0.94,64.645,64.348,64.941
rick_random_desktop,atual,0.002,1500000,750,1.015,64.833,64.536,65.128
rick_random_desktop,atual,0.002,1600000,800,1.079,64.837,64.54,65.132
rick_random_desktop,atual,0.002,1700000,850,1.143,65.11,64.814,65.405
rick_random_desktop,atual,0.002,1800000,900,1.206,64.711,64.414,65.007
rick_random_desktop,atual,0.002,1900000,950,1.27,64.941,64.645,65.236
rick_random_desktop,atual,0.002,2000000,1000,1.333,64.95,64.654,65.245
rick_random_desktop,atual,0.002,2100000,1050,1.396,64.902,64.606,65.197
rick_random_desktop,atual,0.002,2200000,1100,1.46,65.124,64.828,65.419
rick_random_desktop,atual,0.002,2300000,1150,1.524,64.966,64.67,65.261
rick_random_desktop,atual,0.002,2400000,1200,1.587,64.685,64.388,64.981
rick_random_desktop,atual,0.002,2500000,1250,1.651,65.107,64.811,65.402
rick_random_desktop,atual,0.002,2600000,1300,1.714,65.133,64.837,65.428
rick_random_desktop,atual,0.002,2700000,1350,1.778,65.188,64.892,65.483
rick_random_desktop,atual,0.002,2800000,1400,1.843,65.175,64.879,65.47
rick_random_desktop,atual,0.002,2900000,1450,1.908,65.196,64.9,65.491
rick_random_desktop,atual,0.002,3000000,1500,1.973,65.058,64.762,65.353
rick_random_desktop,atual,0.002,3100000,1550,2.037,65.028,64.732,65.323
rick_random_desktop,atual,0.002,3200000,1600,2.101,65.235,64.939,65.53
rick_random_desktop,atual,0.002,3300000,1650,2.165,65.077,64.781,65.372
rick_random_desktop,atual,0.002,3400000,1700,2.229,65.113,64.817,65.408
rick_random_desktop,atual,0.002,3500000,1750,2.292,65.15,64.854,65.445
rick_random_desktop,atual,0.002,3600000,1800,2.355,65.239,64.943,65.534
rick_random_desktop,atual,0.002,3700000,1850,2.418,65.481,65.186,65.775
rick_random_desktop,atual,0.002,3800000,1900,2.481,65.308,65.012,65.602
rick_random_desktop,atual,0.002,3900000,1950,2.544,65.274,64.978,65.568
rick_random_desktop,atual,0.002,4000000,2000,2.607,65.34,65.044,65.634
rick_random_desktop,atual,0.002,4100000,2050,2.67,65.328,65.032,65.622
rick_random_desktop,atual,0.002,4200000,2100,2.733,65.312,65.016,65.606
rick_random_desktop,atual,0.002,4300000,2150,2.796,65.158,64.862,65.453
rick_random_desktop,atual,0.002,4400000,2200,2.859,65.332,65.036,65.626
rick_random_desktop,atual,0.002,4500000,2250,2.922,65.333,65.037,65.627
rick_random_desktop,atual,0.002,4600000,2300,2.985,65.124,64.828,65.419
rick_random_desktop,atual,0.002,4700000,2350,3.048,65.11,64.814,65.405
rick_random_desktop,atual,0.002,4800000,2400,3.111,65.262,64.966,65.557
rick_random_desktop,atual,0.002,4900000,2450,3.173,65.148,64.852,65.443
rick_random_desktop,atual,0.002,5000000,2500,3.236,65.156,64.86,65.451
rick_random_desktop,atual,0.002,5100000,2550,3.299,65.217,64.921,65.512
rick_random_desktop,atual,0.002,5200000,2600,3.362,65.302,65.006,65.596
rick_random_desktop,atual,0.002,5300000,2650,3.425,65.347,65.051,65.641
rick_random_desktop,atual,0.002,5400000,2700,3.488,65.189,64.893,65.484
rick_random_desktop,atual,0.002,5500000,2750,3.552,65.363,65.068,65.657
rick_random_desktop,atual,0.002,5600000,2800,3.615,65.298,65.002,65.592
rick_random_desktop,atual,0.002,5700000,2850,3.678,65.242,64.946,65.537
rick_random_desktop,atual,0.002,5800000,2900,3.741,65.524,65.229,65.818
rick_random_desktop,atual,0.002,5900000,2950,3.804,65.495,65.2,65.789
rick_random_desktop,atual,0.002,6000000,3000,3.867,65.287,64.991,65.581
rick_random_desktop,atual,0.002,6100000,3050,3.93,65.42,65.125,65.714
rick_random_desktop,atual,0.002,6200000,3100,3.993,65.428,65.133,65.722
rick_random_desktop,atual,0.002,6300000,3150,4.056,65.452,65.157,65.746
rick_random_desktop,atual,0.002,6400000,3200,4.12,65.359,65.063,65.653
rick_random_desktop,atual,0.002,6500000,3250,4.183,65.473,65.178,65.767
rick_random_desktop,atual,0.002,6600000,3300,4.245,65.519,65.224,65.813
rick_random_desktop,atual,0.002,6700000,3350,4.308,65.483,65.188,65.777
rick_random_desktop,atual,0.002,6800000,3400,4.371,65.591,65.296,65.885
rick_random_desktop,atual,0.002,6900000,3450,4.434,65.643,65.348,65.937
rick_random_desktop,atual,0.002,7000000,3500,4.497,65.488,65.193,65.782
rick_random_desktop,atual,0.002,7100000,3550,4.559,65.291,64.995,65.585
rick_random_desktop,atual,0.002,7200000,3600,4.623,65.525,65.23,65.819
rick_random_desktop,atual,0.002,7300000,3650,4.686,65.531,65.236,65.825
rick_random_desktop,atual,0.002,7400000,3700,4.749,65.596,65.301,65.89
rick_random_desktop,atual,0.002,7500000,3750,4.812,65.498,65.203,65.792
rick_random_desktop,atual,0.002,7600000,3800,4.876,65.503,65.208,65.797
rick_random_desktop,atual,0.002,7700000,3850,4.939,65.561,65.266,65.855
rick_random_desktop,atual,0.002,7800000,3900,5.003,65.644,65.349,65.938
rick_random_desktop,atual,0.002,7900000,3950,5.066,65.35,65.054,65.644
rick_random_desktop,atual,0.002,8000000,4000,5.129,65.563,65.268,65.857
rick_random_desktop,atual,0.002,8100000,4050,5.192,65.577,65.282,65.871
rick_random_desktop,atual,0.002,8200000,4100,5.256,65.625,65.33,65.919
rick_random_desktop,atual,0.002,8300000,4150,5.325,65.541,65.246,65.835
rick_random_desktop,atual,0.002,8400000,4200,5.393,65.381,65.086,65.675
rick_random_desktop,atual,0.002,8500000,4250,5.461,65.594,65.299,65.888
rick_random_desktop,atual,0.002,8600000,4300,5.527,65.67,65.375,65.964
rick_random_desktop,atual,0.002,8700000,4350,5.598,65.578,65.283,65.872
rick_random_desktop,atual,0.002,8800000,4400,5.67,65.47,65.175,65.764
rick_random_desktop,atual,0.002,8900000,4450,5.74,65.334,65.038,65.628
rick_random_desktop,atual,0.002,9000000,4500,5.805,65.492,65.197,65.786
rick_random_desktop,atual,0.002,9100000,4550,5.871,65.609,65.314,65.903
rick_random_desktop,atual,0.002,9200000,4600,5.938,65.521,65.226,65.815
rick_random_desktop,atual,0.002,9300000,4650,6.005,65.751,65.456,66.045
rick_random_desktop,atual,0.002,9400000,4700,6.069,65.472,65.177,65.766
rick_random_desktop,atual,0.002,9500000,4750,6.134,65.521,65.226,65.815
rick_random_desktop,atual,0.002,9600000,4800,6.198,65.528,65.233,65.822
rick_random_desktop,atual,0.002,9700000,4850,6.264,65.313,65.017,65.607
rick_random_desktop,atual,0.002,9800000,4900,6.333,65.289,64.993,65.583
rick_random_desktop,atual,0.002,9900000,4950,6.403,65.321,65.025,65.615
rick_random_desktop,atual,0.002,10000000,5000,6.473,65.442,65.147,65.736
rick_random_desktop,atual,0.002,10100000,5050,6.542,65.419,65.124,65.713
rick_random_desktop,atual,0.002,10200000,5100,6.607,65.431,65.136,65.725
rick_random_desktop,atual,0.002,10300000,5150,6.674,65.42,65.125,65.714
rick_random_desktop,atual,0.002,10400000,5200,6.739,65.562,65.267,65.856
rick_random_desktop,atual,0.002,10500000,5250,6.805,65.706,65.411,66.0
rick_random_desktop,atual,0.002,10600000,5300,6.87,65.444,65.149,65.738
rick_random_desktop,atual,0.002,10700000,5350,6.935,65.645,65.35,65.939
rick_random_desktop,atual,0.002,10800000,5400,7.001,65.292,64.996,65.586
rick_random_desktop,atual,0.002,10900000,5450,7.066,65.641,65.346,65.935
rick_random_desktop,atual,0.002,11000000,5500,7.132,65.599,65.304,65.893
rick_random_desktop,atual,0.002,11100000,5550,7.197,65.451,65.156,65.745
rick_random_desktop,atual,0.002,11200000,5600,7.263,65.716,65.421,66.01
rick_random_desktop,atual,0.002,11300000,5650,7.329,65.61,65.315,65.904
rick_random_desktop,atual,0.002,11400000,5700,7.398,65.641,65.346,65.935
rick_random_desktop,atual,0.002,11500000,5750,7.47,65.55,65.255,65.844
rick_random_desktop,atual,0.002,11600000,5800,7.536,65.478,65.183,65.772
rick_random_desktop,atual,0.002,11700000,5850,7.603,65.663,65.368,65.957
rick_random_desktop,atual,0.002,11800000,5900,7.674,65.562,65.267,65.856
rick_random_desktop,atual,0.002,11900000,5950,7.744,65.656,65.361,65.95
rick_random_desktop,atual,0.002,12000000,6000,7.815,65.465,65.17,65.759
rick_random_desktop,atual,0.002,12100000,6050,7.886,65.322,65.026,65.616
rick_random_desktop,atual,0.002,12200000,6100,7.956,65.29,64.994,65.584
rick_random_desktop,atual,0.002,12300000,6150,8.029,65.497,65.202,65.791
rick_random_desktop,atual,0.002,12400000,6200,8.095,65.516,65.221,65.81
rick_random_desktop,atual,0.002,12500000,6250,8.161,65.6,65.305,65.894
rick_random_desktop,atual,0.002,12600000,6300,8.228,65.575,65.28,65.869
rick_random_desktop,atual,0.002,12700000,6350,8.293,65.559,65.264,65.853
rick_random_desktop,atual,0.002,12800000,6400,8.357,65.423,65.128,65.717
rick_random_desktop,atual,0.002,12900000,6450,8.422,65.42,65.125,65.714
rick_random_desktop,atual,0.002,13000000,6500,8.486,65.533,65.238,65.827
rick_random_desktop,atual,0.002,13100000,6550,8.551,65.416,65.121,65.71
rick_random_desktop,atual,0.002,13200000,6600,8.615,65.304,65.008,65.598
rick_random_desktop,atual,0.002,13300000,6650,8.68,65.42,65.125,65.714
rick_random_desktop,atual,0.002,13400000,6700,8.744,65.34,65.044,65.634
rick_random_desktop,atual,0.002,13500000,6750,8.808,65.439,65.144,65.733
rick_random_desktop,atual,0.002,13600000,6800,8.871,65.531,65.236,65.825
rick_random_desktop,atual,0.002,13700000,6850,8.936,65.472,65.177,65.766
rick_random_desktop,atual,0.002,13800000,6900,9.0,65.372,65.077,65.666
rick_random_desktop,atual,0.002,13900000,6950,9.065,65.508,65.213,65.802
rick_random_desktop,atual,0.002,14000000,7000,9.13,65.211,64.915,65.506
rick_random_desktop,atual,0.002,14100000,7050,9.196,65.337,65.041,65.631
rick_random_desktop,atual,0.002,14200000,7100,9.262,65.538,65.243,65.832
rick_random_desktop,atual,0.002,14300000,7150,9.325,65.353,65.057,65.647
rick_random_desktop,atual,0.002,14400000,7200,9.388,65.54,65.245,65.834
rick_random_desktop,atual,0.002,14500000,7250,9.451,65.802,65.507,66.095
rick_random_desktop,atual,0.002,14600000,7300,9.514,65.606,65.311,65.9
rick_random_desktop,atual,0.002,14700000,7350,9.578,65.513,65.218,65.807
rick_random_desktop,atual,0.002,14800000,7400,9.641,65.581,65.286,65.875
rick_random_desktop,atual,0.002,14900000,7450,9.703,65.758,65.463,66.051
rick_random_desktop,atual,0.002,15000000,7500,9.767,65.566,65.271,65.86
rick_random_desktop,atual,0.002,15100000,7550,9.83,65.439,65.144,65.733
rick_random_desktop,atual,0.002,15200000,7600,9.892,65.616,65.321,65.91
rick_random_desktop,atual,0.002,15300000,7650,9.955,65.615,65.32,65.909
rick_random_desktop,atual,0.002,15400000,7700,10.018,65.692,65.397,65.986
rick_random_desktop,atual,0.002,15500000,7750,10.081,65.738,65.443,66.032
rick_random_desktop,atual,0.002,15600000,7800,10.145,65.802,65.507,66.095
rick_random_desktop,atual,0.002,15700000,7850,10.208,65.516,65.221,65.81
rick_random_desktop,atual,0.002,15800000,7900,10.271,65.652,65.357,65.946
rick_random_desktop,atual,0.002,15900000,7950,10.334,65.72,65.425,66.014
rick_random_desktop,atual,0.002,16000000,8000,10.397,65.761,65.466,66.054
rick_random_desktop,atual,0.002,16100000,8050,10.46,65.716,65.421,66.01
rick_random_desktop,atual,0.002,16200000,8100,10.523,65.63,65.335,65.924
rick_random_desktop,atual,0.002,16300000,8150,10.586,65.557,65.262,65.851
rick_random_desktop,atual,0.002,16400000,8200,10.649,65.555,65.26,65.849
rick_random_desktop,atual,0.002,16500000,8250,10.712,65.641,65.346,65.935
rick_random_desktop,atual,0.002,16600000,8300,10.775,65.653,65.358,65.947
rick_random_desktop,atual,0.002,16700000,8350,10.838,65.506,65.211,65.8
rick_random_desktop,atual,0.002,16800000,8400,10.901,65.688,65.393,65.982
rick_random_desktop,atual,0.002,16900000,8450,10.964,65.668,65.373,65.962
rick_random_desktop,atual,0.002,17000000,8500,11.027,65.728,65.433,66.022
rick_random_desktop,atual,0.002,17100000,8550,11.09,65.663,65.368,65.957
rick_random_desktop,atual,0.002,17200000,8600,11.153,65.586,65.291,65.88
rick_random_desktop,atual,0.002,17300000,8650,11.216,65.746,65.451,66.04
rick_random_desktop,atual,0.002,17400000,8700,11.279,65.667,65.372,65.961
rick_random_desktop,atual,0.002,17500000,8750,11.342,65.581,65.286,65.875
rick_random_desktop,atual,0.002,17600000,8800,11.404,65.669,65.374,65.963
rick_random_desktop,atual,0.002,17700000,8850,11.467,65.689,65.394,65.983
rick_random_desktop,atual,0.002,17800000,8900,11.531,65.557,65.262,65.851
rick_random_desktop,atual,0.002,17900000,8950,11.593,65.576,65.281,65.87
rick_random_desktop,atual,0.002,18000000,9000,11.656,65.724,65.429,66.018
rick_random_desktop,atual,0.002,18100000,9050,11.719,65.684,65.389,65.978
rick_random_desktop,atual,0.002,18200000,9100,11.782,65.627,65.332,65.921
rick_random_desktop,atual,0.002,18300000,9150,11.845,65.636,65.341,65.93
rick_random_desktop,atual,0.002,18400000,9200,11.908,65.583,65.288,65.877
rick_random_desktop,atual,0.002,18500000,9250,11.971,65.674,65.379,65.968
rick_random_desktop,atual,0.002,18600000,9300,12.034,65.764,65.469,66.057
rick_random_desktop,atual,0.002,18700000,9350,12.097,65.747,65.452,66.041
rick_random_desktop,atual,0.002,18800000,9400,12.16,65.756,65.461,66.05
rick_random_desktop,atual,0.002,18900000,9450,12.223,65.55,65.255,65.844
rick_random_desktop,atual,0.002,19000000,9500,12.286,65.639,65.344,65.933
rick_random_desktop,atual,0.002,19100000,9550,12.349,65.681,65.386,65.975
rick_random_desktop,atual,0.002,19200000,9600,12.412,65.625,65.33,65.919
rick_random_desktop,atual,0.002,19300000,9650,12.475,65.733,65.438,66.027
rick_random_desktop,atual,0.002,19400000,9700,12.538,65.593,65.298,65.887
rick_random_desktop,atual,0.002,19500000,9750,12.601,65.701,65.406,65.995
rick_random_desktop,atual,0.002,19600000,9800,12.664,65.415,65.12,65.709
rick_random_desktop,atual,0.002,19700000,9850,12.727,65.687,65.392,65.981
rick_random_desktop,atual,0.002,19800000,9900,12.79,65.604,65.309,65.898
rick_random_desktop,atual,0.002,19900000,9950,12.853,65.489,65.194,65.783
rick_random_desktop,atual,0.002,20000000,10000,12.916,65.756,65.461,66.05
rick_random_desktop,atual,0.002,20100000,10050,12.979,65.601,65.306,65.895
rick_random_desktop,atual,0.002,20200000,10100,13.041,65.505,65.21,65.799
rick_random_desktop,atual,0.002,20300000,10150,13.105,65.836,65.541,66.129
rick_random_desktop,atual,0.002,20400000,10200,13.168,65.605,65.31,65.899
rick_random_desktop,atual,0.002,20500000,10250,13.231,65.805,65.51,66.098
rick_random_desktop,atual,0.002,20600000,10300,13.294,65.651,65.356,65.945
rick_random_desktop,atual,0.002,20700000,10350,13.357,65.576,65.281,65.87
rick_random_desktop,atual,0.002,20800000,10400,13.42,65.386,65.091,65.68
rick_random_desktop,atual,0.002,20900000,10450,13.483,65.522,65.227,65.816
rick_random_desktop,atual,0.002,21000000,10500,13.547,65.525,65.23,65.819
rick_random_desktop,atual,0.002,21100000,10550,13.61,65.531,65.236,65.825
rick_random_desktop,atual,0.002,21200000,10600,13.674,65.66,65.365,65.954
rick_random_desktop,atual,0.002,21300000,10650,13.736,65.519,65.224,65.813
rick_random_desktop,atual,0.002,21400000,10700,13.799,65.768,65.473,66.061
rick_random_desktop,atual,0.002,21500000,10750,13.862,65.684,65.389,65.978
rick_random_desktop,atual,0.002,21600000,10800,13.925,65.435,65.14,65.729
rick_random_desktop,atual,0.002,21700000,10850,13.988,65.609,65.314,65.903
rick_random_desktop,atual,0.002,21800000,10900,14.05,65.622,65.327,65.916
rick_random_desktop,atual,0.002,21900000,10950,14.113,65.723,65.428,66.017
rick_random_desktop,atual,0.002,22000000,11000,14.176,65.525,65.23,65.819
rick_random_desktop,atual,0.002,22100000,11050,14.238,65.637,65.342,65.931
rick_random_desktop,atual,0.002,22200000,11100,14.301,65.617,65.322,65.911
rick_random_desktop,atual,0.002,22300000,11150,14.364,65.763,65.468,66.056
rick_random_desktop,atual,0.002,22400000,11200,14.427,65.572,65.277,65.866
rick_random_desktop,atual,0.002,22500000,11250,14.49,65.63,65.335,65.924
rick_random_desktop,atual,0.002,22600000,11300,14.553,65.752,65.457,66.046
rick_random_desktop,atual,0.002,22700000,11350,14.616,65.574,65.279,65.868
rick_random_desktop,atual,0.002,22800000,11400,14.679,65.599,65.304,65.893
rick_random_desktop,atual,0.002,22900000,11450,14.742,65.71,65.415,66.004
rick_random_desktop,atual,0.002,23000000,11500,14.805,65.724,65.429,66.018
rick_random_desktop,atual,0.002,23100000,11550,14.868,65.684,65.389,65.978
rick_random_desktop,atual,0.002,23200000,11600,14.932,65.588,65.293,65.882
rick_random_desktop,atual,0.002,23300000,11650,14.995,65.562,65.267,65.856
rick_random_desktop,atual,0.002,23400000,11700,15.057,65.644,65.349,65.938
rick_random_desktop,atual,0.002,23500000,11750,15.121,65.686,65.391,65.98
rick_random_desktop,atual,0.002,23600000,11800,15.184,65.736,65.441,66.03
rick_random_desktop,atual,0.002,23700000,11850,15.246,65.511,65.216,65.805
rick_random_desktop,atual,0.002,23800000,11900,15.309,65.641,65.346,65.935
rick_random_desktop,atual,0.002,23900000,11950,15.372,65.72,65.425,66.014
rick_random_desktop,atual,0.002,24000000,12000,15.435,65.62,65.325,65.914
rick_random_desktop,atual,0.002,24100000,12050,15.499,65.745,65.45,66.039
rick_random_desktop,atual,0.002,24200000,12100,15.563,65.754,65.459,66.048
rick_random_desktop,atual,0.002,24300000,12150,15.626,65.753,65.458,66.047
rick_random_desktop,atual,0.002,24400000,12200,15.689,65.504,65.209,65.798
rick_random_desktop,atual,0.002,24500000,12250,15.752,65.595,65.3,65.889
rick_random_desktop,atual,0.002,24600000,12300,15.815,65.815,65.52,66.108
rick_random_desktop,atual,0.002,24700000,12350,15.878,65.657,65.362,65.951
rick_random_desktop,atual,0.002,24800000,12400,15.941,65.785,65.49,66.078
rick_random_desktop,atual,0.002,24900000,12450,16.004,65.64,65.345,65.934
rick_random_desktop,atual,0.002,25000000,12500,16.067,65.6,65.305,65.894
rick_random_desktop,atual,0.002,25100000,12550,16.13,65.671,65.376,65.965
rick_random_notebook,atual,0.002,0,0,0.018,62.632,62.332,62.931
rick_random_notebook,atual,0.002,100000,50,0.082,64.006,63.708,64.303
rick_random_notebook,atual,0.002,200000,100,0.148,64.229,63.931,64.526
rick_random_notebook,atual,0.002,300000,150,0.211,64.244,63.946,64.541
rick_random_notebook,atual,0.002,400000,200,0.275,64.357,64.06,64.653
rick_random_notebook,atual,0.002,500000,250,0.339,64.318,64.021,64.614
rick_random_notebook,atual,0.002,600000,300,0.402,64.409,64.112,64.705
rick_random_notebook,atual,0.002,700000,350,0.466,64.577,64.28,64.873
rick_random_notebook,atual,0.002,800000,400,0.53,64.576,64.279,64.872
rick_random_notebook,atual,0.002,900000,450,0.595,64.52,64.223,64.816
rick_random_notebook,atual,0.002,1000000,500,0.662,64.679,64.382,64.975
rick_random_notebook,atual,0.002,1100000,550,0.728,64.588,64.291,64.884
rick_random_notebook,atual,0.002,1200000,600,0.794,64.648,64.351,64.944
rick_random_notebook,atual,0.002,1300000,650,0.858,64.78,64.483,65.075
rick_random_notebook,atual,0.002,1400000,700,0.922,64.999,64.703,65.294
rick_random_notebook,atual,0.002,1500000,750,0.986,64.726,64.429,65.022
rick_random_notebook,atual,0.002,1600000,800,1.052,64.72,64.423,65.016
rick_random_notebook,atual,0.002,1700000,850,1.117,64.911,64.615,65.206
rick_random_notebook,atual,0.002,1800000,900,1.182,64.794,64.497,65.089
rick_random_notebook,atual,0.002,1900000,950,1.247,64.75,64.453,65.046
rick_random_notebook,atual,0.002,2000000,1000,1.314,64.796,64.499,65.091
rick_random_notebook,atual,0.002,2100000,1050,1.378,64.829,64.532,65.124
rick_random_notebook,atual,0.002,2200000,1100,1.441,65.022,64.726,65.317
rick_random_notebook,atual,0.002,2300000,1150,1.505,64.896,64.6,65.191
rick_random_notebook,atual,0.002,2400000,1200,1.569,65.022,64.726,65.317
rick_random_notebook,atual,0.002,2500000,1250,1.633,65.116,64.82,65.411
rick_random_notebook,atual,0.002,2600000,1300,1.698,65.045,64.749,65.34
rick_random_notebook,atual,0.002,2700000,1350,1.765,65.126,64.83,65.421
rick_random_notebook,atual,0.002,2800000,1400,1.832,64.983,64.687,65.278
rick_random_notebook,atual,0.002,2900000,1450,1.897,65.159,64.863,65.454
rick_random_notebook,atual,0.002,3000000,1500,1.962,64.997,64.701,65.292
rick_random_notebook,atual,0.002,3100000,1550,2.026,65.214,64.918,65.509
rick_random_notebook,atual,0.002,3200000,1600,2.09,64.973,64.677,65.268
rick_random_notebook,atual,0.002,3300000,1650,2.156,65.303,65.007,65.597
rick_random_notebook,atual,0.002,3400000,1700,2.22,65.271,64.975,65.566
rick_random_notebook,atual,0.002,3500000,1750,2.284,65.208,64.912,65.503
rick_random_notebook,atual,0.002,3600000,1800,2.351,65.165,64.869,65.46
rick_random_notebook,atual,0.002,3700000,1850,2.419,65.245,64.949,65.54
rick_random_notebook,atual,0.002,3800000,1900,2.485,65.24,64.944,65.535
rick_random_notebook,atual,0.002,3900000,1950,2.552,65.26,64.964,65.555
rick_random_notebook,atual,0.002,4000000,2000,2.616,65.197,64.901,65.492
rick_random_notebook,atual,0.002,4100000,2050,2.685,65.489,65.194,65.783
rick_random_notebook,atual,0.002,4200000,2100,2.752,65.315,65.019,65.609
rick_random_notebook,atual,0.002,4300000,2150,2.816,65.251,64.955,65.546
rick_random_notebook,atual,0.002,4400000,2200,2.882,65.263,64.967,65.558
rick_random_notebook,atual,0.002,4500000,2250,2.947,65.414,65.119,65.708
rick_random_notebook,atual,0.002,4600000,2300,3.014,65.223,64.927,65.518
rick_random_notebook,atual,0.002,4700000,2350,3.081,65.155,64.859,65.45
rick_random_notebook,atual,0.002,4800000,2400,3.147,65.431,65.136,65.725
rick_random_notebook,atual,0.002,4900000,2450,3.216,65.156,64.86,65.451
rick_random_notebook,atual,0.002,5000000,2500,3.283,65.241,64.945,65.536
rick_random_notebook,atual,0.002,5100000,2550,3.35,65.361,65.065,65.655
rick_random_notebook,atual,0.002,5200000,2600,3.418,65.302,65.006,65.596
rick_random_notebook,atual,0.002,5300000,2650,3.485,65.376,65.081,65.67
rick_random_notebook,atual,0.002,5400000,2700,3.553,65.252,64.956,65.547
rick_random_notebook,atual,0.002,5500000,2750,3.62,65.29,64.994,65.584
rick_random_notebook,atual,0.002,5600000,2800,3.686,65.485,65.19,65.779
rick_random_notebook,atual,0.002,5700000,2850,3.752,65.286,64.99,65.58
rick_random_notebook,atual,0.002,5800000,2900,3.818,65.384,65.089,65.678
rick_random_notebook,atual,0.002,5900000,2950,3.884,65.398,65.103,65.692
rick_random_notebook,atual,0.002,6000000,3000,3.952,65.241,64.945,65.536
rick_random_notebook,atual,0.002,6100000,3050,4.018,65.377,65.082,65.671
rick_random_notebook,atual,0.002,6200000,3100,4.086,65.415,65.12,65.709
rick_random_notebook,atual,0.002,6300000,3150,4.153,65.425,65.13,65.719
rick_random_notebook,atual,0.002,6400000,3200,4.218,65.399,65.104,65.693
rick_random_notebook,atual,0.002,6500000,3250,4.285,65.3,65.004,65.594
rick_random_notebook,atual,0.002,6600000,3300,4.351,65.409,65.114,65.703
rick_random_notebook,atual,0.002,6700000,3350,4.418,65.414,65.119,65.708
rick_random_notebook,atual,0.002,6800000,3400,4.483,65.513,65.218,65.807
rick_random_notebook,atual,0.002,6900000,3450,4.549,65.597,65.302,65.891
rick_random_notebook,atual,0.002,7000000,3500,4.617,65.633,65.338,65.927
rick_random_notebook,atual,0.002,7100000,3550,4.681,65.407,65.112,65.701
rick_random_notebook,atual,0.002,7200000,3600,4.75,65.573,65.278,65.867
rick_random_notebook,atual,0.002,7300000,3650,4.818,65.415,65.12,65.709
rick_random_notebook,atual,0.002,7400000,3700,4.882,65.558,65.263,65.852
rick_random_notebook,atual,0.002,7500000,3750,4.95,65.505,65.21,65.799
rick_random_notebook,atual,0.002,7600000,3800,5.017,65.533,65.238,65.827
rick_random_notebook,atual,0.002,7700000,3850,5.083,65.395,65.1,65.689
rick_random_notebook,atual,0.002,7800000,3900,5.149,65.499,65.204,65.793
rick_random_notebook,atual,0.002,7900000,3950,5.216,65.588,65.293,65.882
rick_random_notebook,atual,0.002,8000000,4000,5.286,65.551,65.256,65.845
rick_random_notebook,atual,0.002,8100000,4050,5.354,65.439,65.144,65.733
rick_random_notebook,atual,0.002,8200000,4100,5.42,65.653,65.358,65.947
rick_random_notebook,atual,0.002,8300000,4150,5.487,65.614,65.319,65.908
rick_random_notebook,atual,0.002,8400000,4200,5.551,65.543,65.248,65.837
rick_random_notebook,atual,0.002,8500000,4250,5.617,65.712,65.417,66.006
rick_random_notebook,atual,0.002,8600000,4300,5.689,65.519,65.224,65.813
rick_random_notebook,atual,0.002,8700000,4350,5.755,65.532,65.237,65.826
rick_random_notebook,atual,0.002,8800000,4400,5.821,65.352,65.056,65.646
rick_random_notebook,atual,0.002,8900000,4450,5.889,65.437,65.142,65.731
rick_random_notebook,atual,0.002,9000000,4500,5.956,65.276,64.98,65.57
rick_random_notebook,atual,0.002,9100000,4550,6.023,65.487,65.192,65.781
rick_random_notebook,atual,0.002,9200000,4600,6.088,65.649,65.354,65.943
rick_random_notebook,atual,0.002,9300000,4650,6.154,65.599,65.304,65.893
rick_random_notebook,atual,0.002,9400000,4700,6.219,65.439,65.144,65.733
rick_random_notebook,atual,0.002,9500000,4750,6.283,65.515,65.22,65.809
rick_random_notebook,atual,0.002,9600000,4800,6.35,65.396,65.101,65.69
rick_random_notebook,atual,0.002,9700000,4850,6.415,65.514,65.219,65.808
rick_random_notebook,atual,0.002,9800000,4900,6.481,65.416,65.121,65.71
rick_random_notebook,atual,0.002,9900000,4950,6.547,65.375,65.08,65.669
rick_random_notebook,atual,0.002,10000000,5000,6.614,65.435,65.14,65.729
rick_random_notebook,atual,0.002,10100000,5050,6.679,65.395,65.1,65.689
rick_random_notebook,atual,0.002,10200000,5100,6.744,65.403,65.108,65.697
rick_random_notebook,atual,0.002,10300000,5150,6.81,65.333,65.037,65.627
rick_random_notebook,atual,0.002,10400000,5200,6.877,65.276,64.98,65.57
rick_random_notebook,atual,0.002,10500000,5250,6.944,65.555,65.26,65.849
rick_random_notebook,atual,0.002,10600000,5300,7.011,65.568,65.273,65.862
rick_random_notebook,atual,0.002,10700000,5350,7.079,65.357,65.061,65.651
rick_random_notebook,atual,0.002,10800000,5400,7.148,65.517,65.222,65.811
rick_random_notebook,atual,0.002,10900000,5450,7.212,65.562,65.267,65.856
rick_random_notebook,atual,0.002,11000000,5500,7.278,65.536,65.241,65.83
rick_random_notebook,atual,0.002,11100000,5550,7.346,65.477,65.182,65.771
rick_random_notebook,atual,0.002,11200000,5600,7.415,65.247,64.951,65.542
rick_random_notebook,atual,0.002,11300000,5650,7.482,65.414,65.119,65.708
rick_random_notebook,atual,0.002,11400000,5700,7.554,65.45,65.155,65.744
rick_random_notebook,atual,0.002,11500000,5750,7.624,65.49,65.195,65.784
rick_random_notebook,atual,0.002,11600000,5800,7.691,65.441,65.146,65.735
rick_random_notebook,atual,0.002,11700000,5850,7.759,65.528,65.233,65.822
rick_random_notebook,atual,0.002,11800000,5900,7.826,65.524,65.229,65.818
rick_random_notebook,atual,0.002,11900000,5950,7.893,65.374,65.079,65.668
rick_random_notebook,atual,0.002,12000000,6000,7.959,65.528,65.233,65.822
rick_random_notebook,atual,0.002,12100000,6050,8.031,65.57,65.275,65.864
rick_random_notebook,atual,0.002,12200000,6100,8.102,65.509,65.214,65.803
rick_random_notebook,atual,0.002,12300000,6150,8.172,65.551,65.256,65.845
rick_random_notebook,atual,0.002,12400000,6200,8.236,65.462,65.167,65.756
rick_random_notebook,atual,0.002,12500000,6250,8.3,65.441,65.146,65.735
rick_random_notebook,atual,0.002,12600000,6300,8.365,65.515,65.22,65.809
rick_random_notebook,atual,0.002,12700000,6350,8.433,65.746,65.451,66.04
rick_random_notebook,atual,0.002,12800000,6400,8.502,65.603,65.308,65.897
rick_random_notebook,atual,0.002,12900000,6450,8.569,65.584,65.289,65.878
rick_random_notebook,atual,0.002,13000000,6500,8.635,65.589,65.294,65.883
rick_random_notebook,atual,0.002,13100000,6550,8.699,65.419,65.124,65.713
rick_random_notebook,atual,0.002,13200000,6600,8.763,65.509,65.214,65.803
rick_random_notebook,atual,0.002,13300000,6650,8.829,65.641,65.346,65.935
rick_random_notebook,atual,0.002,13400000,6700,8.901,65.562,65.267,65.856
rick_random_notebook,atual,0.002,13500000,6750,8.969,65.626,65.331,65.92
rick_random_notebook,atual,0.002,13600000,6800,9.036,65.559,65.264,65.853
rick_random_notebook,atual,0.002,13700000,6850,9.103,65.59,65.295,65.884
rick_random_notebook,atual,0.002,13800000,6900,9.168,65.553,65.258,65.847
rick_random_notebook,atual,0.002,13900000,6950,9.233,65.455,65.16,65.749
rick_random_notebook,atual,0.002,14000000,7000,9.3,65.622,65.327,65.916
rick_random_notebook,atual,0.002,14100000,7050,9.37,65.48,65.185,65.774
rick_random_notebook,atual,0.002,14200000,7100,9.44,65.606,65.311,65.9
rick_random_notebook,atual,0.002,14300000,7150,9.508,65.541,65.246,65.835
rick_random_notebook,atual,0.002,14400000,7200,9.576,65.573,65.278,65.867
rick_random_notebook,atual,0.002,14500000,7250,9.642,65.624,65.329,65.918
rick_random_notebook,atual,0.002,14600000,7300,9.712,65.535,65.24,65.829
rick_random_notebook,atual,0.002,14700000,7350,9.778,65.612,65.317,65.906
rick_random_notebook,atual,0.002,14800000,7400,9.844,65.575,65.28,65.869
rick_random_notebook,atual,0.002,14900000,7450,9.909,65.761,65.466,66.054
rick_random_notebook,atual,0.002,15000000,7500,9.979,65.435,65.14,65.729
rick_random_notebook,atual,0.002,15100000,7550,10.047,65.382,65.087,65.676
rick_random_notebook,atual,0.002,15200000,7600,10.117,65.651,65.356,65.945
rick_random_notebook,atual,0.002,15300000,7650,10.184,65.549,65.254,65.843
rick_random_notebook,atual,0.002,15400000,7700,10.249,65.627,65.332,65.921
rick_random_notebook,atual,0.002,15500000,7750,10.316,65.673,65.378,65.967
rick_random_notebook,atual,0.002,15600000,7800,10.385,65.621,65.326,65.915
rick_random_notebook,atual,0.002,15700000,7850,10.449,65.504,65.209,65.798
rick_random_notebook,atual,0.002,15800000,7900,10.514,65.538,65.243,65.832
rick_random_notebook,atual,0.002,15900000,7950,10.583,65.513,65.218,65.807
rick_random_notebook,atual,0.002,16000000,8000,10.649,65.74,65.445,66.034
rick_random_notebook,atual,0.002,16100000,8050,10.715,65.681,65.386,65.975
rick_random_notebook,atual,0.002,16200000,8100,10.78,65.576,65.281,65.87
rick_random_notebook,atual,0.002,16300000,8150,10.846,65.618,65.323,65.912
rick_random_notebook,atual,0.002,16400000,8200,10.914,65.821,65.526,66.114
rick_random_notebook,atual,0.002,16500000,8250,10.98,65.546,65.251,65.84
rick_random_notebook,atual,0.002,16600000,8300,11.047,65.653,65.358,65.947
rick_random_notebook,atual,0.002,16700000,8350,11.115,65.538,65.243,65.832
rick_random_notebook,atual,0.002,16800000,8400,11.182,65.644,65.349,65.938
rick_random_notebook,atual,0.002,16900000,8450,11.249,65.771,65.476,66.064
rick_random_notebook,atual,0.002,17000000,8500,11.317,65.713,65.418,66.007
rick_random_notebook,atual,0.002,17100000,8550,11.382,65.591,65.296,65.885
rick_random_notebook,atual,0.002,17200000,8600,11.452,65.633,65.338,65.927
rick_random_notebook,atual,0.002,17300000,8650,11.52,65.517,65.222,65.811
rick_random_notebook,atual,0.002,17400000,8700,11.59,65.47,65.175,65.764
rick_random_notebook,atual,0.002,17500000,8750,11.657,65.524,65.229,65.818
rick_random_notebook,atual,0.002,17600000,8800,11.723,65.568,65.273,65.862
rick_random_notebook,atual,0.002,17700000,8850,11.792,65.729,65.434,66.023
rick_random_notebook,atual,0.002,17800000,8900,11.859,65.449,65.154,65.743
rick_random_notebook,atual,0.002,17900000,8950,11.926,65.565,65.27,65.859
rick_random_notebook,atual,0.002,18000000,9000,11.991,65.652,65.357,65.946
rick_random_notebook,atual,0.002,18100000,9050,12.06,65.748,65.453,66.042
rick_random_notebook,atual,0.002,18200000,9100,12.124,65.506,65.211,65.8
rick_random_notebook,atual,0.002,18300000,9150,12.192,65.556,65.261,65.85
rick_random_notebook,atual,0.002,18400000,9200,12.259,65.663,65.368,65.957
rick_random_notebook,atual,0.002,18500000,9250,12.326,65.738,65.443,66.032
rick_random_notebook,atual,0.002,18600000,9300,12.392,65.595,65.3,65.889
rick_random_notebook,atual,0.002,18700000,9350,12.457,65.648,65.353,65.942
rick_random_notebook,atual,0.002,18800000,9400,12.524,65.436,65.141,65.73
rick_random_notebook,atual,0.002,18900000,9450,12.592,65.528,65.233,65.822
rick_random_notebook,atual,0.002,19000000,9500,12.657,65.303,65.007,65.597
rick_random_notebook,atual,0.002,19100000,9550,12.721,65.44,65.145,65.734
rick_random_notebook,atual,0.002,19200000,9600,12.787,65.603,65.308,65.897
rick_random_notebook,atual,0.002,19300000,9650,12.852,65.691,65.396,65.985
rick_random_notebook,atual,0.002,19400000,9700,12.918,65.613,65.318,65.907
rick_random_notebook,atual,0.002,19500000,9750,12.987,65.556,65.261,65.85
rick_random_notebook,atual,0.002,19600000,9800,13.056,65.441,65.146,65.735
rick_random_notebook,atual,0.002,19700000,9850,13.125,65.47,65.175,65.764
rick_random_notebook,atual,0.002,19800000,9900,13.189,65.476,65.181,65.77
rick_random_notebook,atual,0.002,19900000,9950,13.254,65.503,65.208,65.797
rick_random_notebook,atual,0.002,20000000,10000,13.321,65.641,65.346,65.935
rick_random_notebook,atual,0.002,20100000,10050,13.387,65.576,65.281,65.87
rick_random_notebook,atual,0.002,20200000,10100,13.455,65.549,65.254,65.843
rick_random_notebook,atual,0.002,20300000,10150,13.523,65.715,65.42,66.009
rick_random_notebook,atual,0.002,20400000,10200,13.589,65.587,65.292,65.881
rick_random_notebook,atual,0.002,20500000,10250,13.657,65.856,65.561,66.149
rick_random_notebook,atual,0.002,20600000,10300,13.724,65.724,65.429,66.018
rick_random_notebook,atual,0.002,20700000,10350,13.788,65.833,65.538,66.126
rick_random_notebook,atual,0.002,20800000,10400,13.853,65.739,65.444,66.033
rick_random_notebook,atual,0.002,20900000,10450,13.918,65.611,65.316,65.905
rick_random_notebook,atual,0.002,21000000,10500,13.987,65.561,65.266,65.855
rick_random_notebook,atual,0.002,21100000,10550,14.055,65.543,65.248,65.837
rick_random_notebook,atual,0.002,21200000,10600,14.12,65.518,65.223,65.812
rick_random_notebook,atual,0.002,21300000,10650,14.186,65.684,65.389,65.978
rick_random_notebook,atual,0.002,21400000,10700,14.252,65.87,65.576,66.163
rick_random_notebook,atual,0.002,21500000,10750,14.317,65.668,65.373,65.962
rick_random_notebook,atual,0.002,21600000,10800,14.384,65.66,65.365,65.954
rick_random_notebook,atual,0.002,21700000,10850,14.45,65.752,65.457,66.046
rick_random_notebook,atual,0.002,21800000,10900,14.516,65.754,65.459,66.048
rick_random_notebook,atual,0.002,21900000,10950,14.583,65.524,65.229,65.818
rick_random_notebook,atual,0.002,22000000,11000,14.651,65.717,65.422,66.011
rick_random_notebook,atual,0.002,22100000,11050,14.717,65.59,65.295,65.884
rick_random_notebook,atual,0.002,22200000,11100,14.784,65.608,65.313,65.902
rick_random_notebook,atual,0.002,22300000,11150,14.849,65.791,65.496,66.084
rick_random_notebook,atual,0.002,22400000,11200,14.914,65.77,65.475,66.063
rick_random_notebook,atual,0.002,22500000,11250,14.983,65.501,65.206,65.795
rick_random_notebook,atual,0.002,22600000,11300,15.051,65.784,65.489,66.077
rick_random_notebook,atual,0.002,22700000,11350,15.12,65.569,65.274,65.863
rick_random_notebook,atual,0.002,22800000,11400,15.188,65.538,65.243,65.832
rick_random_notebook,atual,0.002,22900000,11450,15.257,65.571,65.276,65.865
rick_random_notebook,atual,0.002,23000000,11500,15.326,65.63,65.335,65.924
rick_random_notebook,atual,0.002,23100000,11550,15.392,65.55,65.255,65.844
rick_random_notebook,atual,0.002,23200000,11600,15.46,65.628,65.333,65.922
rick_random_notebook,atual,0.002,23300000,11650,15.526,65.505,65.21,65.799
rick_random_notebook,atual,0.002,23400000,11700,15.595,65.541,65.246,65.835
rick_random_notebook,atual,0.002,23500000,11750,15.664,65.642,65.347,65.936
rick_random_notebook,atual,0.002,23600000,11800,15.731,65.398,65.103,65.692
rick_random_notebook,atual,0.002,23700000,11850,15.795,65.61,65.315,65.904
rick_random_notebook,atual,0.002,23800000,11900,15.859,65.597,65.302,65.891
d6_random_eta0115,atual,0.002,0,0,0.008,62.631,62.331,62.93
d6_random_eta0115,atual,0.002,100000,50,0.033,64.166,63.868,64.463
d6_random_eta0115,atual,0.002,200000,100,0.058,64.565,64.268,64.861
d6_random_eta0115,atual,0.002,300000,150,0.084,65.071,64.775,65.366
d6_random_eta0115,atual,0.002,400000,200,0.109,65.076,64.78,65.371
d6_random_eta0115,atual,0.002,500000,250,0.134,65.075,64.779,65.37
d6_random_eta0115,atual,0.002,600000,300,0.159,65.064,64.768,65.359
d6_random_eta0115,atual,0.002,700000,350,0.185,65.032,64.736,65.327
d6_random_eta0115,atual,0.002,800000,400,0.211,65.129,64.833,65.424
d6_random_eta0115,atual,0.002,900000,450,0.237,65.183,64.887,65.478
d6_random_eta0115,atual,0.002,1000000,500,0.262,65.075,64.779,65.37
d6_random_eta0115,atual,0.002,1100000,550,0.288,65.067,64.771,65.362
d6_random_eta0115,atual,0.002,1200000,600,0.313,65.195,64.899,65.49
d6_random_eta0115,atual,0.002,1300000,650,0.338,65.141,64.845,65.436
d6_random_eta0115,atual,0.002,1400000,700,0.364,65.356,65.06,65.65
d6_random_eta0115,atual,0.002,1500000,750,0.389,65.236,64.94,65.531
d6_random_eta0115,atual,0.002,1600000,800,0.417,65.35,65.054,65.644
d6_random_eta0115,atual,0.002,1700000,850,0.445,65.366,65.071,65.66
d6_random_eta0115,atual,0.002,1800000,900,0.473,65.408,65.113,65.702
d6_random_eta0115,atual,0.002,1900000,950,0.501,65.48,65.185,65.774
d6_random_eta0115,atual,0.002,2000000,1000,0.528,65.467,65.172,65.761
d6_random_eta0115,atual,0.002,2100000,1050,0.555,65.489,65.194,65.783
d6_random_eta0115,atual,0.002,2200000,1100,0.582,65.516,65.221,65.81
d6_random_eta0115,atual,0.002,2300000,1150,0.609,65.73,65.435,66.024
d6_random_eta0115,atual,0.002,2400000,1200,0.636,65.611,65.316,65.905
d6_random_eta0115,atual,0.002,2500000,1250,0.663,65.844,65.549,66.137
d6_random_eta0115,atual,0.002,2600000,1300,0.69,65.829,65.534,66.122
d6_random_eta0115,atual,0.002,2700000,1350,0.717,65.711,65.416,66.005
d6_random_eta0115,atual,0.002,2800000,1400,0.743,65.673,65.378,65.967
d6_random_eta0115,atual,0.002,2900000,1450,0.769,65.778,65.483,66.071
d6_random_eta0115,atual,0.002,3000000,1500,0.794,65.754,65.459,66.048
d6_random_eta0115,atual,0.002,3100000,1550,0.82,65.933,65.639,66.226
d6_random_eta0115,atual,0.002,3200000,1600,0.846,65.91,65.616,66.203
d6_random_eta0115,atual,0.002,3300000,1650,0.872,65.863,65.569,66.156
d6_random_eta0115,atual,0.002,3400000,1700,0.898,65.597,65.302,65.891
d6_random_eta0115,atual,0.002,3500000,1750,0.925,65.749,65.454,66.043
d6_random_eta0115,atual,0.002,3600000,1800,0.952,65.727,65.432,66.021
d6_random_eta0115,atual,0.002,3700000,1850,0.978,65.83,65.535,66.123
d6_random_eta0115,atual,0.002,3800000,1900,1.003,65.664,65.369,65.958
d6_random_eta0115,atual,0.002,3900000,1950,1.029,65.912,65.618,66.205
d6_random_eta0115,atual,0.002,4000000,2000,1.056,65.934,65.64,66.227
d6_random_eta0115,atual,0.002,4100000,2050,1.083,65.666,65.371,65.96
d6_random_eta0115,atual,0.002,4200000,2100,1.11,65.727,65.432,66.021
d6_random_eta0115,atual,0.002,4300000,2150,1.135,65.771,65.476,66.064
d6_random_eta0115,atual,0.002,4400000,2200,1.161,65.907,65.613,66.2
d6_random_eta0115,atual,0.002,4500000,2250,1.188,65.977,65.683,66.27
d6_random_eta0115,atual,0.002,4600000,2300,1.215,65.787,65.492,66.08
d6_random_eta0115,atual,0.002,4700000,2350,1.242,65.838,65.543,66.131
d6_random_eta0115,atual,0.002,4800000,2400,1.27,65.867,65.573,66.16
d6_random_eta0115,atual,0.002,4900000,2450,1.297,66.013,65.719,66.306
d6_random_eta0115,atual,0.002,5000000,2500,1.325,65.923,65.629,66.216
rick_random_eta0115,atual,0.002,0,0,0.013,62.632,62.332,62.931
rick_random_eta0115,atual,0.002,100000,50,0.077,64.263,63.965,64.559
rick_random_eta0115,atual,0.002,200000,100,0.141,64.463,64.166,64.759
rick_random_eta0115,atual,0.002,300000,150,0.207,64.857,64.561,65.152
rick_random_eta0115,atual,0.002,400000,200,0.269,64.924,64.628,65.219
rick_random_eta0115,atual,0.002,500000,250,0.331,65.026,64.73,65.321
rick_random_eta0115,atual,0.002,600000,300,0.393,65.151,64.855,65.446
rick_random_eta0115,atual,0.002,700000,350,0.455,65.23,64.934,65.525
rick_random_eta0115,atual,0.002,800000,400,0.517,65.111,64.815,65.406
rick_random_eta0115,atual,0.002,900000,450,0.58,65.025,64.729,65.32
rick_random_eta0115,atual,0.002,1000000,500,0.642,65.175,64.879,65.47
rick_random_eta0115,atual,0.002,1100000,550,0.704,65.134,64.838,65.429
rick_random_eta0115,atual,0.002,1200000,600,0.766,65.226,64.93,65.521
rick_random_eta0115,atual,0.002,1300000,650,0.829,65.376,65.081,65.67
rick_random_eta0115,atual,0.002,1400000,700,0.891,65.362,65.067,65.656
rick_random_eta0115,atual,0.002,1500000,750,0.954,65.326,65.03,65.62
rick_random_eta0115,atual,0.002,1600000,800,1.016,65.465,65.17,65.759
rick_random_eta0115,atual,0.002,1700000,850,1.078,65.472,65.177,65.766
rick_random_eta0115,atual,0.002,1800000,900,1.141,65.307,65.011,65.601
rick_random_eta0115,atual,0.002,1900000,950,1.203,65.373,65.078,65.667
rick_random_eta0115,atual,0.002,2000000,1000,1.266,65.419,65.124,65.713
rick_random_eta0115,atual,0.002,2100000,1050,1.328,65.311,65.015,65.605
rick_random_eta0115,atual,0.002,2200000,1100,1.39,65.367,65.072,65.661
rick_random_eta0115,atual,0.002,2300000,1150,1.453,65.691,65.396,65.985
rick_random_eta0115,atual,0.002,2400000,1200,1.515,65.669,65.374,65.963
rick_random_eta0115,atual,0.002,2500000,1250,1.582,65.675,65.38,65.969
rick_random_eta0115,atual,0.002,2600000,1300,1.649,65.671,65.376,65.965
rick_random_eta0115,atual,0.002,2700000,1350,1.714,65.788,65.493,66.081
